order_id,customer_id,order_date,payment_method,order_status,shipping_fee,order_subtotal,total_amount
ORD000001,CUST00573,2024-02-26,UPI,Delivered,79,2459.37,2538.37
ORD000002,CUST00083,2025-06-05,Debit Card,Cancelled,0,2501.08,2501.08
ORD000003,CUST00408,2024-09-13,Credit Card,Delivered,0,14836.35,14836.35
ORD000004,CUST00531,2025-04-24,Wallet,Delivered,99,2374.12,2473.12
ORD000005,CUST00401,2024-07-08,UPI,Delivered,0,5045.75,5045.75
ORD000006,CUST00600,2025-05-29,Net Banking,Delivered,99,712.76,811.76
ORD000007,CUST00463,2025-11-01,Wallet,Delivered,79,1569.42,1648.42
ORD000008,CUST00481,2025-07-20,UPI,Delivered,0,11980.17,11980.17
ORD000009,CUST00265,2024-10-29,Net Banking,Delivered,0,3791.32,3791.32
ORD000010,CUST00040,2024-07-16,Wallet,Delivered,0,7426.39,7426.39
ORD000011,CUST00320,2025-10-28,Debit Card,Delivered,0,7496.76,7496.76
ORD000012,CUST00328,2025-03-21,UPI,Delivered,0,6154.37,6154.37
ORD000013,CUST00006,2024-12-31,Credit Card,Delivered,0,3273.8,3273.8
ORD000014,CUST00239,2025-12-01,Wallet,Returned,49,862.99,911.99
ORD000015,CUST00217,2024-09-01,UPI,Delivered,0,8947.45,8947.45
ORD000016,CUST00119,2024-04-27,Credit Card,Delivered,0,4092.35,4092.35
ORD000017,CUST00173,2025-03-10,Net Banking,Delivered,0,9690.09,9690.09
ORD000018,CUST00373,2024-07-06,Credit Card,Delivered,49,964.34,1013.34
ORD000019,CUST00158,2024-10-21,Wallet,Delivered,0,11236.19,11236.19
ORD000020,CUST00355,2025-01-02,Cash on Delivery,Delivered,49,2404.53,2453.53
ORD000021,CUST00061,2024-07-09,Wallet,Delivered,0,4514.62,4514.62
ORD000022,CUST00157,2025-02-18,UPI,Delivered,79,612.96,691.96
ORD000023,CUST00079,2025-12-26,Net Banking,Delivered,0,15460.6,15460.6
ORD000024,CUST00073,2025-12-27,Wallet,Cancelled,79,311.15,390.15
ORD000025,CUST00046,2024-10-26,UPI,Delivered,49,458.06,507.06
ORD000026,CUST00156,2025-10-11,UPI,Delivered,49,2398.35,2447.35
ORD000027,CUST00474,2025-01-17,Credit Card,Cancelled,79,1183.7,1262.7
ORD000028,CUST00328,2025-05-23,Wallet,Delivered,79,957.5,1036.5
ORD000029,CUST00404,2025-12-29,Cash on Delivery,Delivered,99,1469.39,1568.39
ORD000030,CUST00116,2025-12-12,UPI,Delivered,0,4402.66,4402.66
ORD000031,CUST00237,2025-08-07,Credit Card,Delivered,99,1058.28,1157.28
ORD000032,CUST00595,2024-11-07,Cash on Delivery,Delivered,0,12382.18,12382.18
ORD000033,CUST00429,2025-08-30,Net Banking,Delivered,0,2757.65,2757.65
ORD000034,CUST00053,2024-10-25,Debit Card,Delivered,0,10498.66,10498.66
ORD000035,CUST00519,2025-12-28,Credit Card,Delivered,79,675.24,754.24
ORD000036,CUST00251,2025-09-30,UPI,Delivered,0,20146.22,20146.22
ORD000037,CUST00496,2025-05-14,UPI,Returned,99,1446.51,1545.51
ORD000038,CUST00371,2024-12-25,UPI,Refunded,0,6393.54,6393.54
ORD000039,CUST00078,2025-06-06,UPI,Delivered,0,14396.26,14396.26
ORD000040,CUST00094,2025-05-23,Net Banking,Returned,79,482.17,561.17
ORD000041,CUST00597,2024-03-01,Credit Card,Delivered,99,886.78,985.78
ORD000042,CUST00086,2025-03-09,Net Banking,Delivered,0,2757.65,2757.65
ORD000043,CUST00035,2025-08-14,Credit Card,Delivered,49,1157.41,1206.41
ORD000044,CUST00326,2025-04-29,Net Banking,Delivered,0,2640.69,2640.69
ORD000045,CUST00277,2024-10-30,Net Banking,Delivered,0,4330.97,4330.97
ORD000046,CUST00453,2024-08-10,Net Banking,Delivered,79,2386.05,2465.05
ORD000047,CUST00162,2024-06-28,Debit Card,Delivered,0,4914.45,4914.45
ORD000048,CUST00439,2024-10-04,UPI,Delivered,0,8456.64,8456.64
ORD000049,CUST00575,2025-11-11,UPI,Delivered,0,12386.86,12386.86
ORD000050,CUST00290,2025-11-15,UPI,Delivered,0,5238.25,5238.25
ORD000051,CUST00319,2024-03-09,Debit Card,Delivered,99,1068.68,1167.68
ORD000052,CUST00028,2025-06-14,Cash on Delivery,Delivered,49,311.15,360.15
ORD000053,CUST00010,2025-02-09,Credit Card,Delivered,0,10548.89,10548.89
ORD000054,CUST00015,2024-08-14,Credit Card,Returned,99,600.22,699.22
ORD000055,CUST00381,2025-08-18,UPI,Delivered,99,2255.79,2354.79
ORD000056,CUST00461,2025-04-21,UPI,Delivered,0,9756.4,9756.4
ORD000057,CUST00591,2024-10-20,UPI,Delivered,0,4041.5,4041.5
ORD000058,CUST00236,2024-11-30,Debit Card,Delivered,0,23040.69,23040.69
ORD000059,CUST00396,2025-11-09,UPI,Delivered,99,771.47,870.47
ORD000060,CUST00558,2025-10-18,Cash on Delivery,Delivered,99,333.84,432.84
ORD000061,CUST00434,2025-10-15,Cash on Delivery,Delivered,0,20620.06,20620.06
ORD000062,CUST00076,2025-04-29,Cash on Delivery,Delivered,0,6979.8,6979.8
ORD000063,CUST00313,2025-03-30,Debit Card,Returned,79,591.85,670.85
ORD000064,CUST00388,2025-11-02,Credit Card,Delivered,0,22099.95,22099.95
ORD000065,CUST00269,2024-04-07,UPI,Delivered,0,2755.91,2755.91
ORD000066,CUST00333,2025-08-31,Credit Card,Delivered,49,458.06,507.06
ORD000067,CUST00140,2025-07-29,Net Banking,Delivered,0,17739.97,17739.97
ORD000068,CUST00260,2025-04-02,Credit Card,Delivered,49,280.03,329.03
ORD000069,CUST00240,2025-09-24,Credit Card,Delivered,0,4396.16,4396.16
ORD000070,CUST00339,2025-03-05,UPI,Delivered,0,3441.47,3441.47
ORD000071,CUST00045,2024-12-30,Debit Card,Delivered,0,9828.24,9828.24
ORD000072,CUST00467,2025-07-03,Credit Card,Delivered,0,10172.13,10172.13
ORD000073,CUST00149,2025-07-22,Cash on Delivery,Delivered,99,1590.37,1689.37
ORD000074,CUST00388,2024-11-24,Debit Card,Delivered,0,6325.98,6325.98
ORD000075,CUST00245,2025-02-13,Credit Card,Delivered,0,3142.61,3142.61
ORD000076,CUST00188,2025-10-09,Wallet,Delivered,0,3157.13,3157.13
ORD000077,CUST00507,2025-11-02,Debit Card,Returned,99,458.06,557.06
ORD000078,CUST00078,2025-06-16,Credit Card,Delivered,99,295.59,394.59
ORD000079,CUST00434,2024-12-02,Credit Card,Delivered,0,26629.56,26629.56
ORD000080,CUST00035,2025-08-28,Debit Card,Delivered,99,2374.52,2473.52
ORD000081,CUST00168,2025-11-18,Credit Card,Delivered,79,482.17,561.17
ORD000082,CUST00036,2025-08-25,Net Banking,Returned,0,6340.35,6340.35
ORD000083,CUST00275,2025-02-03,UPI,Delivered,49,482.17,531.17
ORD000084,CUST00580,2025-06-03,Debit Card,Delivered,0,2953.67,2953.67
ORD000085,CUST00591,2025-07-19,Credit Card,Delivered,0,4780.19,4780.19
ORD000086,CUST00293,2025-03-08,UPI,Delivered,0,25830.47,25830.47
ORD000087,CUST00434,2025-10-26,Debit Card,Delivered,49,311.15,360.15
ORD000088,CUST00287,2024-03-22,UPI,Delivered,0,15064.0,15064.0
ORD000089,CUST00276,2024-12-14,UPI,Delivered,0,5419.7,5419.7
ORD000090,CUST00032,2024-12-12,UPI,Delivered,0,14850.28,14850.28
ORD000091,CUST00538,2025-11-04,Wallet,Delivered,0,5899.38,5899.38
ORD000092,CUST00311,2025-02-10,UPI,Delivered,0,9560.38,9560.38
ORD000093,CUST00462,2024-11-05,Net Banking,Delivered,0,9348.47,9348.47
ORD000094,CUST00469,2025-06-25,Credit Card,Returned,99,964.34,1063.34
ORD000095,CUST00592,2024-08-25,Debit Card,Returned,99,2374.52,2473.52
ORD000096,CUST00398,2025-11-12,Credit Card,Delivered,0,8713.38,8713.38
ORD000097,CUST00540,2025-02-14,UPI,Delivered,0,5940.08,5940.08
ORD000098,CUST00539,2024-06-04,Credit Card,Cancelled,0,11108.24,11108.24
ORD000099,CUST00547,2025-10-23,Credit Card,Delivered,79,264.48,343.48
ORD000100,CUST00494,2025-10-25,Credit Card,Delivered,0,8912.47,8912.47
ORD000101,CUST00243,2025-04-28,Cash on Delivery,Delivered,0,10310.41,10310.41
ORD000102,CUST00064,2025-10-05,UPI,Delivered,99,2278.43,2377.43
ORD000103,CUST00448,2024-12-08,UPI,Delivered,0,15045.35,15045.35
ORD000104,CUST00387,2025-12-22,Credit Card,Delivered,49,2477.13,2526.13
ORD000105,CUST00038,2025-06-18,Debit Card,Delivered,49,482.17,531.17
ORD000106,CUST00195,2025-10-12,Cash on Delivery,Delivered,79,1898.94,1977.94
ORD000107,CUST00215,2024-02-04,Net Banking,Returned,49,2239.8,2288.8
ORD000108,CUST00176,2025-06-04,Credit Card,Delivered,0,8569.95,8569.95
ORD000109,CUST00072,2025-12-21,Debit Card,Delivered,0,3715.0,3715.0
ORD000110,CUST00205,2025-10-25,UPI,Delivered,0,10052.01,10052.01
ORD000111,CUST00072,2025-11-02,Credit Card,Delivered,0,5277.14,5277.14
ORD000112,CUST00210,2025-04-07,Credit Card,Delivered,49,361.32,410.32
ORD000113,CUST00519,2025-11-16,Cash on Delivery,Delivered,99,1129.19,1228.19
ORD000114,CUST00470,2024-10-29,Debit Card,Delivered,0,4882.17,4882.17
ORD000115,CUST00323,2025-10-23,Cash on Delivery,Returned,49,482.17,531.17
ORD000116,CUST00060,2024-04-21,UPI,Delivered,0,6108.66,6108.66
ORD000117,CUST00549,2025-09-17,UPI,Delivered,0,11214.49,11214.49
ORD000118,CUST00068,2025-01-13,Credit Card,Delivered,99,862.99,961.99
ORD000119,CUST00367,2025-12-08,Credit Card,Returned,0,8236.07,8236.07
ORD000120,CUST00084,2024-02-17,Net Banking,Delivered,99,712.76,811.76
ORD000121,CUST00133,2024-12-23,Wallet,Returned,0,2966.37,2966.37
ORD000122,CUST00024,2024-07-11,Credit Card,Delivered,0,9828.24,9828.24
ORD000123,CUST00315,2025-03-14,Net Banking,Delivered,79,750.27,829.27
ORD000124,CUST00376,2025-02-09,Net Banking,Delivered,0,4668.41,4668.41
ORD000125,CUST00309,2025-11-03,UPI,Delivered,0,5448.11,5448.11
ORD000126,CUST00434,2025-11-18,Wallet,Delivered,0,4153.22,4153.22
ORD000127,CUST00388,2024-06-06,Net Banking,Delivered,99,2374.52,2473.52
ORD000128,CUST00419,2025-04-11,Credit Card,Delivered,99,2142.79,2241.79
ORD000129,CUST00072,2024-10-31,Debit Card,Delivered,79,361.32,440.32
ORD000130,CUST00240,2025-10-12,UPI,Refunded,0,13063.56,13063.56
ORD000131,CUST00434,2025-11-02,Net Banking,Delivered,79,482.17,561.17
ORD000132,CUST00085,2025-05-16,Credit Card,Delivered,0,8713.38,8713.38
ORD000133,CUST00347,2024-12-25,UPI,Delivered,99,2398.35,2497.35
ORD000134,CUST00434,2024-10-15,Net Banking,Cancelled,49,793.32,842.32
ORD000135,CUST00216,2024-08-23,UPI,Delivered,0,4940.58,4940.58
ORD000136,CUST00248,2025-03-23,Cash on Delivery,Delivered,0,5194.15,5194.15
ORD000137,CUST00547,2025-10-04,UPI,Delivered,0,6115.22,6115.22
ORD000138,CUST00389,2025-07-31,Credit Card,Delivered,49,2398.35,2447.35
ORD000139,CUST00410,2025-03-12,UPI,Delivered,0,11921.9,11921.9
ORD000140,CUST00085,2025-06-20,Cash on Delivery,Delivered,0,6844.88,6844.88
ORD000141,CUST00021,2024-02-10,Debit Card,Delivered,0,6834.66,6834.66
ORD000142,CUST00287,2025-08-07,Net Banking,Delivered,49,433.95,482.95
ORD000143,CUST00222,2025-12-11,UPI,Delivered,0,17729.65,17729.65
ORD000144,CUST00094,2025-02-12,Credit Card,Delivered,79,1507.14,1586.14
ORD000145,CUST00175,2024-09-16,Debit Card,Delivered,99,2398.35,2497.35
ORD000146,CUST00581,2025-03-24,Credit Card,Delivered,0,6230.92,6230.92
ORD000147,CUST00308,2025-05-01,Cash on Delivery,Delivered,79,1275.46,1354.46
ORD000148,CUST00345,2025-04-29,UPI,Delivered,0,5169.46,5169.46
ORD000149,CUST00156,2025-09-26,Cash on Delivery,Delivered,0,24221.18,24221.18
ORD000150,CUST00291,2024-05-21,Cash on Delivery,Delivered,0,7484.04,7484.04
ORD000151,CUST00530,2025-03-19,UPI,Delivered,0,10492.99,10492.99
ORD000152,CUST00540,2025-02-17,Net Banking,Delivered,0,10121.37,10121.37
ORD000153,CUST00420,2024-12-20,Debit Card,Delivered,0,7114.88,7114.88
ORD000154,CUST00575,2025-01-08,Credit Card,Delivered,99,637.73,736.73
ORD000155,CUST00207,2025-10-07,Debit Card,Delivered,49,2404.53,2453.53
ORD000156,CUST00086,2025-07-26,Credit Card,Cancelled,0,6033.86,6033.86
ORD000157,CUST00273,2024-03-19,Cash on Delivery,Delivered,49,2158.52,2207.52
ORD000158,CUST00482,2024-04-17,Wallet,Delivered,0,11870.62,11870.62
ORD000159,CUST00040,2024-02-22,Net Banking,Delivered,49,2374.52,2423.52
ORD000160,CUST00476,2024-08-28,UPI,Delivered,0,16284.02,16284.02
ORD000161,CUST00396,2024-11-25,Debit Card,Returned,99,482.17,581.17
ORD000162,CUST00355,2025-01-06,Credit Card,Delivered,0,2660.9,2660.9
ORD000163,CUST00476,2025-10-03,UPI,Delivered,0,5365.22,5365.22
ORD000164,CUST00196,2025-06-16,Wallet,Delivered,0,5311.32,5311.32
ORD000165,CUST00223,2025-07-31,Credit Card,Delivered,79,1523.18,1602.18
ORD000166,CUST00427,2024-08-24,Credit Card,Delivered,99,433.95,532.95
ORD000167,CUST00443,2025-10-14,UPI,Delivered,99,2398.35,2497.35
ORD000168,CUST00508,2025-03-30,UPI,Delivered,79,964.34,1043.34
ORD000169,CUST00558,2024-11-30,Debit Card,Delivered,79,750.27,829.27
ORD000170,CUST00309,2025-06-19,Debit Card,Delivered,0,10622.64,10622.64
ORD000171,CUST00109,2024-09-12,Credit Card,Delivered,0,11439.67,11439.67
ORD000172,CUST00463,2024-04-12,Debit Card,Delivered,0,6887.58,6887.58
ORD000173,CUST00287,2024-11-30,Credit Card,Delivered,0,2672.61,2672.61
ORD000174,CUST00455,2025-08-01,Credit Card,Returned,99,964.34,1063.34
ORD000175,CUST00401,2024-07-06,UPI,Delivered,0,2737.96,2737.96
ORD000176,CUST00079,2024-09-10,Net Banking,Delivered,0,5980.77,5980.77
ORD000177,CUST00136,2025-10-31,UPI,Delivered,0,16097.56,16097.56
ORD000178,CUST00014,2025-10-30,Credit Card,Returned,99,1494.98,1593.98
ORD000179,CUST00327,2024-11-16,Cash on Delivery,Delivered,0,13280.03,13280.03
ORD000180,CUST00221,2025-06-12,UPI,Delivered,0,3355.84,3355.84
ORD000181,CUST00072,2025-09-21,UPI,Cancelled,0,4059.9,4059.9
ORD000182,CUST00318,2025-11-20,Net Banking,Delivered,0,3340.76,3340.76
ORD000183,CUST00396,2024-11-30,Debit Card,Delivered,0,16233.46,16233.46
ORD000184,CUST00035,2025-08-27,Debit Card,Delivered,0,8266.36,8266.36
ORD000185,CUST00091,2025-09-02,Credit Card,Delivered,0,12142.8,12142.8
ORD000186,CUST00299,2024-09-06,Debit Card,Delivered,0,12406.79,12406.79
ORD000187,CUST00162,2025-01-31,Credit Card,Delivered,0,4805.78,4805.78
ORD000188,CUST00329,2024-12-12,Credit Card,Delivered,0,6380.43,6380.43
ORD000189,CUST00509,2025-04-10,UPI,Delivered,0,9265.25,9265.25
ORD000190,CUST00362,2024-12-02,Credit Card,Delivered,0,13543.87,13543.87
ORD000191,CUST00469,2024-06-21,UPI,Delivered,0,6058.7,6058.7
ORD000192,CUST00102,2025-08-13,UPI,Delivered,79,1172.56,1251.56
ORD000193,CUST00559,2025-03-25,Wallet,Delivered,0,4780.19,4780.19
ORD000194,CUST00517,2024-10-03,UPI,Delivered,0,12667.16,12667.16
ORD000195,CUST00266,2025-01-03,Credit Card,Delivered,0,13052.53,13052.53
ORD000196,CUST00242,2025-03-19,Credit Card,Returned,0,7309.75,7309.75
ORD000197,CUST00066,2025-11-23,UPI,Delivered,0,3910.97,3910.97
ORD000198,CUST00196,2025-10-30,UPI,Delivered,0,27816.6,27816.6
ORD000199,CUST00299,2025-08-28,Credit Card,Delivered,0,2699.41,2699.41
ORD000200,CUST00142,2025-10-23,Net Banking,Delivered,0,6835.3,6835.3
ORD000201,CUST00275,2025-01-07,UPI,Delivered,49,2121.0,2170.0
ORD000202,CUST00329,2025-11-03,Credit Card,Delivered,0,7796.18,7796.18
ORD000203,CUST00454,2025-10-16,UPI,Delivered,79,1087.82,1166.82
ORD000204,CUST00585,2024-10-22,Credit Card,Cancelled,0,2757.65,2757.65
ORD000205,CUST00002,2025-05-14,UPI,Delivered,0,6828.7,6828.7
ORD000206,CUST00228,2024-10-04,Debit Card,Delivered,0,13716.12,13716.12
ORD000207,CUST00262,2025-08-05,UPI,Delivered,0,9842.45,9842.45
ORD000208,CUST00463,2024-06-05,Credit Card,Delivered,79,2080.54,2159.54
ORD000209,CUST00434,2024-09-11,Wallet,Delivered,0,17064.02,17064.02
ORD000210,CUST00290,2025-07-08,Net Banking,Delivered,0,18817.68,18817.68
ORD000211,CUST00422,2025-10-24,Net Banking,Delivered,0,2950.65,2950.65
ORD000212,CUST00253,2025-07-21,UPI,Delivered,79,385.74,464.74
ORD000213,CUST00584,2025-06-30,UPI,Delivered,0,4110.38,4110.38
ORD000214,CUST00032,2025-12-16,UPI,Delivered,79,1259.93,1338.93
ORD000215,CUST00266,2025-02-24,Wallet,Delivered,49,409.84,458.84
ORD000216,CUST00203,2024-09-23,UPI,Delivered,0,13407.84,13407.84
ORD000217,CUST00032,2025-06-10,UPI,Delivered,0,3374.95,3374.95
ORD000218,CUST00435,2024-10-10,Credit Card,Delivered,0,4317.03,4317.03
ORD000219,CUST00279,2025-10-09,UPI,Cancelled,0,8152.55,8152.55
ORD000220,CUST00408,2025-05-15,Credit Card,Delivered,0,8997.64,8997.64
ORD000221,CUST00191,2024-08-26,Credit Card,Delivered,0,2833.76,2833.76
ORD000222,CUST00072,2025-12-18,Net Banking,Delivered,79,2137.36,2216.36
ORD000223,CUST00237,2025-04-05,UPI,Delivered,49,2374.52,2423.52
ORD000224,CUST00183,2025-01-12,UPI,Delivered,0,13543.87,13543.87
ORD000225,CUST00045,2025-04-11,UPI,Delivered,49,750.27,799.27
ORD000226,CUST00366,2025-09-13,Credit Card,Delivered,0,11722.52,11722.52
ORD000227,CUST00410,2025-03-18,UPI,Delivered,0,20839.02,20839.02
ORD000228,CUST00094,2024-04-13,UPI,Returned,0,6211.32,6211.32
ORD000229,CUST00172,2025-03-24,UPI,Delivered,0,4644.85,4644.85
ORD000230,CUST00588,2025-06-09,UPI,Delivered,0,2978.99,2978.99
ORD000231,CUST00447,2025-01-05,Credit Card,Delivered,0,14836.64,14836.64
ORD000232,CUST00057,2025-07-07,Cash on Delivery,Delivered,49,964.34,1013.34
ORD000233,CUST00168,2024-03-30,Credit Card,Delivered,99,2374.52,2473.52
ORD000234,CUST00287,2024-03-05,UPI,Delivered,0,23346.42,23346.42
ORD000235,CUST00562,2025-10-04,Credit Card,Cancelled,0,13236.71,13236.71
ORD000236,CUST00038,2025-02-21,Cash on Delivery,Delivered,79,675.24,754.24
ORD000237,CUST00184,2025-02-09,Credit Card,Delivered,79,409.84,488.84
ORD000238,CUST00286,2025-09-04,Credit Card,Delivered,99,2298.37,2397.37
ORD000239,CUST00566,2025-05-22,Credit Card,Delivered,49,482.17,531.17
ORD000240,CUST00016,2024-12-05,Credit Card,Delivered,99,1282.68,1381.68
ORD000241,CUST00559,2025-03-17,UPI,Delivered,99,482.17,581.17
ORD000242,CUST00176,2025-05-27,UPI,Delivered,0,5755.5,5755.5
ORD000243,CUST00405,2024-11-18,UPI,Returned,0,5431.9,5431.9
ORD000244,CUST00240,2025-10-09,Cash on Delivery,Delivered,0,3447.32,3447.32
ORD000245,CUST00569,2025-01-06,Debit Card,Delivered,0,13090.81,13090.81
ORD000246,CUST00447,2025-10-25,UPI,Delivered,0,11786.26,11786.26
ORD000247,CUST00157,2025-06-24,Net Banking,Returned,0,7194.38,7194.38
ORD000248,CUST00435,2025-07-11,UPI,Refunded,0,9592.73,9592.73
ORD000249,CUST00162,2025-11-10,Debit Card,Delivered,49,1918.68,1967.68
ORD000250,CUST00371,2025-01-20,Debit Card,Delivered,99,2398.35,2497.35
ORD000251,CUST00148,2025-07-29,Credit Card,Delivered,0,20262.19,20262.19
ORD000252,CUST00327,2025-05-06,Debit Card,Delivered,0,5311.32,5311.32
ORD000253,CUST00086,2025-03-15,UPI,Delivered,0,8242.72,8242.72
ORD000254,CUST00279,2025-10-08,UPI,Delivered,49,433.95,482.95
ORD000255,CUST00339,2024-12-19,UPI,Delivered,0,4332.27,4332.27
ORD000256,CUST00502,2025-02-06,Net Banking,Delivered,0,2741.68,2741.68
ORD000257,CUST00540,2025-10-23,Debit Card,Returned,0,7745.49,7745.49
ORD000258,CUST00038,2025-02-18,Credit Card,Delivered,0,7676.47,7676.47
ORD000259,CUST00599,2024-11-30,Credit Card,Delivered,0,6560.16,6560.16
ORD000260,CUST00248,2024-03-11,Credit Card,Delivered,0,5668.05,5668.05
ORD000261,CUST00404,2025-05-08,Net Banking,Delivered,0,5152.12,5152.12
ORD000262,CUST00455,2025-07-29,Debit Card,Delivered,49,1389.42,1438.42
ORD000263,CUST00408,2024-09-20,Debit Card,Delivered,0,30386.5,30386.5
ORD000264,CUST00558,2025-08-01,Credit Card,Delivered,0,5909.38,5909.38
ORD000265,CUST00434,2024-12-19,UPI,Delivered,99,2255.79,2354.79
ORD000266,CUST00147,2024-07-26,Credit Card,Delivered,79,1908.92,1987.92
ORD000267,CUST00252,2025-06-25,UPI,Delivered,0,12820.62,12820.62
ORD000268,CUST00228,2025-05-10,Debit Card,Delivered,49,1364.75,1413.75
ORD000269,CUST00363,2024-10-01,Cash on Delivery,Delivered,0,10622.64,10622.64
ORD000270,CUST00453,2025-08-26,UPI,Delivered,49,1918.68,1967.68
ORD000271,CUST00279,2025-10-31,Credit Card,Delivered,99,2018.34,2117.34
ORD000272,CUST00164,2025-11-05,Credit Card,Cancelled,0,8030.01,8030.01
ORD000273,CUST00228,2025-11-09,UPI,Delivered,0,7928.08,7928.08
ORD000274,CUST00479,2025-07-31,UPI,Delivered,0,4565.36,4565.36
ORD000275,CUST00465,2025-03-11,UPI,Refunded,0,7196.87,7196.87
ORD000276,CUST00380,2025-08-14,Credit Card,Delivered,0,12756.05,12756.05
ORD000277,CUST00349,2025-03-27,UPI,Delivered,0,11777.72,11777.72
ORD000278,CUST00597,2024-07-05,Debit Card,Cancelled,0,12104.8,12104.8
ORD000279,CUST00313,2024-06-05,Cash on Delivery,Delivered,0,5075.78,5075.78
ORD000280,CUST00366,2025-09-15,Credit Card,Delivered,79,295.59,374.59
ORD000281,CUST00503,2025-08-02,Credit Card,Delivered,0,6837.73,6837.73
ORD000282,CUST00422,2025-04-17,Credit Card,Delivered,0,3594.38,3594.38
ORD000283,CUST00192,2025-08-07,Credit Card,Delivered,0,7665.87,7665.87
ORD000284,CUST00540,2025-11-06,Cash on Delivery,Refunded,0,5231.21,5231.21
ORD000285,CUST00197,2025-07-23,UPI,Delivered,0,7145.44,7145.44
ORD000286,CUST00035,2025-10-18,Wallet,Delivered,0,6475.54,6475.54
ORD000287,CUST00519,2025-09-30,UPI,Delivered,0,8277.8,8277.8
ORD000288,CUST00585,2024-10-20,Net Banking,Returned,0,12928.31,12928.31
ORD000289,CUST00074,2024-07-20,Cash on Delivery,Delivered,0,4177.0,4177.0
ORD000290,CUST00143,2024-03-05,UPI,Delivered,0,5801.25,5801.25
ORD000291,CUST00342,2025-04-12,Debit Card,Returned,0,5328.35,5328.35
ORD000292,CUST00050,2024-12-26,Cash on Delivery,Delivered,99,1636.28,1735.28
ORD000293,CUST00434,2024-12-12,Cash on Delivery,Delivered,0,5493.57,5493.57
ORD000294,CUST00506,2025-02-09,Credit Card,Delivered,0,9819.01,9819.01
ORD000295,CUST00230,2024-11-18,UPI,Delivered,0,7677.22,7677.22
ORD000296,CUST00345,2024-06-11,UPI,Delivered,0,5822.44,5822.44
ORD000297,CUST00404,2025-05-07,Credit Card,Delivered,79,591.85,670.85
ORD000298,CUST00148,2025-07-07,Credit Card,Delivered,49,482.17,531.17
ORD000299,CUST00584,2025-11-27,Credit Card,Delivered,0,5012.78,5012.78
ORD000300,CUST00335,2025-10-14,Cash on Delivery,Returned,0,6461.53,6461.53
ORD000301,CUST00178,2024-10-07,Credit Card,Delivered,49,916.12,965.12
ORD000302,CUST00448,2025-05-02,Wallet,Delivered,79,1100.33,1179.33
ORD000303,CUST00305,2024-04-02,Wallet,Delivered,0,7914.26,7914.26
ORD000304,CUST00365,2024-11-28,UPI,Delivered,0,21185.77,21185.77
ORD000305,CUST00032,2025-01-01,UPI,Delivered,99,560.7,659.7
ORD000306,CUST00101,2025-10-13,Credit Card,Delivered,79,1658.9,1737.9
ORD000307,CUST00434,2024-02-21,Debit Card,Delivered,0,4780.19,4780.19
ORD000308,CUST00251,2024-06-09,Cash on Delivery,Delivered,0,9507.2,9507.2
ORD000309,CUST00559,2025-03-09,Credit Card,Delivered,49,2278.43,2327.43
ORD000310,CUST00326,2025-10-06,Credit Card,Delivered,0,15664.2,15664.2
ORD000311,CUST00373,2024-08-15,UPI,Delivered,0,12893.41,12893.41
ORD000312,CUST00193,2025-07-25,UPI,Delivered,99,750.27,849.27
ORD000313,CUST00425,2025-07-09,Credit Card,Delivered,0,2863.88,2863.88
ORD000314,CUST00177,2024-12-04,UPI,Delivered,49,1446.51,1495.51
ORD000315,CUST00248,2024-06-18,Cash on Delivery,Delivered,0,16898.43,16898.43
ORD000316,CUST00404,2025-04-27,Wallet,Returned,0,5867.05,5867.05
ORD000317,CUST00145,2024-01-08,Debit Card,Delivered,0,9678.32,9678.32
ORD000318,CUST00222,2025-11-19,Credit Card,Returned,0,3264.37,3264.37
ORD000319,CUST00502,2024-11-28,Credit Card,Delivered,79,280.03,359.03
ORD000320,CUST00309,2024-09-04,Credit Card,Returned,49,647.02,696.02
ORD000321,CUST00072,2024-11-05,UPI,Delivered,0,5830.24,5830.24
ORD000322,CUST00496,2025-11-29,UPI,Delivered,0,4996.79,4996.79
ORD000323,CUST00499,2024-08-02,Credit Card,Returned,0,10339.84,10339.84
ORD000324,CUST00363,2024-09-26,Debit Card,Delivered,0,8606.11,8606.11
ORD000325,CUST00567,2024-09-11,UPI,Delivered,0,4797.3,4797.3
ORD000326,CUST00287,2025-06-22,UPI,Delivered,0,5311.32,5311.32
ORD000327,CUST00243,2025-05-20,Wallet,Delivered,0,6949.67,6949.67
ORD000328,CUST00050,2024-07-04,Credit Card,Delivered,49,1186.53,1235.53
ORD000329,CUST00497,2025-09-22,Credit Card,Delivered,99,1042.42,1141.42
ORD000330,CUST00072,2025-11-30,Cash on Delivery,Delivered,0,7127.72,7127.72
ORD000331,CUST00434,2025-03-05,UPI,Delivered,99,1145.07,1244.07
ORD000332,CUST00567,2025-04-19,Debit Card,Delivered,0,7066.76,7066.76
ORD000333,CUST00488,2025-10-10,Credit Card,Delivered,0,3549.94,3549.94
ORD000334,CUST00410,2025-03-05,Net Banking,Returned,0,5477.52,5477.52
ORD000335,CUST00028,2025-10-06,Credit Card,Delivered,0,23293.95,23293.95
ORD000336,CUST00157,2025-03-01,Wallet,Delivered,79,1796.13,1875.13
ORD000337,CUST00558,2025-12-01,UPI,Delivered,0,14116.32,14116.32
ORD000338,CUST00279,2025-10-02,Credit Card,Delivered,0,3074.51,3074.51
ORD000339,CUST00172,2025-11-22,Debit Card,Delivered,0,3513.4,3513.4
ORD000340,CUST00005,2024-08-20,Cash on Delivery,Delivered,0,22380.19,22380.19
ORD000341,CUST00020,2025-12-27,Credit Card,Delivered,0,5979.2,5979.2
ORD000342,CUST00380,2024-06-15,Wallet,Returned,79,1188.01,1267.01
ORD000343,CUST00101,2024-12-25,UPI,Delivered,0,12962.96,12962.96
ORD000344,CUST00050,2025-11-14,Credit Card,Delivered,79,2278.43,2357.43
ORD000345,CUST00369,2025-06-02,Wallet,Delivered,49,2137.07,2186.07
ORD000346,CUST00586,2025-10-11,Credit Card,Refunded,0,4749.04,4749.04
ORD000347,CUST00279,2025-11-27,UPI,Returned,79,1971.0,2050.0
ORD000348,CUST00021,2024-11-11,Wallet,Delivered,0,4755.75,4755.75
ORD000349,CUST00266,2025-03-29,Credit Card,Delivered,0,13992.24,13992.24
ORD000350,CUST00156,2025-09-28,UPI,Delivered,0,7516.92,7516.92
ORD000351,CUST00448,2024-07-05,UPI,Delivered,79,690.39,769.39
ORD000352,CUST00263,2025-08-13,Cash on Delivery,Delivered,0,14195.88,14195.88
ORD000353,CUST00093,2024-05-26,Credit Card,Delivered,0,3931.3,3931.3
ORD000354,CUST00035,2025-08-17,UPI,Delivered,0,3144.31,3144.31
ORD000355,CUST00391,2024-06-23,UPI,Delivered,49,771.47,820.47
ORD000356,CUST00157,2024-09-12,Wallet,Delivered,99,2374.52,2473.52
ORD000357,CUST00408,2025-10-06,UPI,Delivered,0,11540.95,11540.95
ORD000358,CUST00596,2024-03-22,Debit Card,Delivered,79,2250.81,2329.81
ORD000359,CUST00403,2025-09-09,Credit Card,Delivered,0,2808.47,2808.47
ORD000360,CUST00279,2025-11-01,UPI,Delivered,79,1183.7,1262.7
ORD000361,CUST00563,2025-03-12,UPI,Delivered,49,1587.34,1636.34
ORD000362,CUST00026,2025-10-01,Credit Card,Delivered,0,45777.25,45777.25
ORD000363,CUST00515,2025-06-10,Credit Card,Delivered,49,2477.13,2526.13
ORD000364,CUST00414,2025-04-11,UPI,Delivered,0,20718.48,20718.48
ORD000365,CUST00157,2025-06-23,UPI,Delivered,49,2498.39,2547.39
ORD000366,CUST00518,2025-04-13,UPI,Delivered,79,280.03,359.03
ORD000367,CUST00559,2025-03-23,Net Banking,Returned,79,1158.24,1237.24
ORD000368,CUST00175,2024-07-16,Net Banking,Delivered,0,5045.75,5045.75
ORD000369,CUST00116,2025-02-19,Credit Card,Returned,79,1389.89,1468.89
ORD000370,CUST00547,2025-10-24,Wallet,Delivered,79,2132.9,2211.9
ORD000371,CUST00236,2025-04-09,Credit Card,Delivered,0,10906.0,10906.0
ORD000372,CUST00411,2025-06-12,Net Banking,Delivered,0,8334.21,8334.21
ORD000373,CUST00335,2025-10-28,Debit Card,Delivered,99,2398.35,2497.35
ORD000374,CUST00558,2025-10-09,UPI,Cancelled,0,11434.69,11434.69
ORD000375,CUST00001,2024-07-29,Debit Card,Refunded,0,21201.83,21201.83
ORD000376,CUST00315,2025-03-08,Credit Card,Delivered,49,591.85,640.85
ORD000377,CUST00256,2025-06-01,UPI,Delivered,99,1918.68,2017.68
ORD000378,CUST00117,2025-09-07,Credit Card,Delivered,0,8813.33,8813.33
ORD000379,CUST00223,2025-06-16,Net Banking,Delivered,0,4514.62,4514.62
ORD000380,CUST00421,2025-03-20,Net Banking,Returned,0,2783.52,2783.52
ORD000381,CUST00196,2025-06-24,UPI,Delivered,0,5793.49,5793.49
ORD000382,CUST00068,2025-12-14,UPI,Delivered,99,1701.08,1800.08
ORD000383,CUST00355,2025-01-07,Cash on Delivery,Delivered,0,9348.0,9348.0
ORD000384,CUST00420,2024-12-30,Debit Card,Delivered,49,1000.43,1049.43
ORD000385,CUST00484,2025-11-14,Wallet,Returned,0,3469.31,3469.31
ORD000386,CUST00422,2024-06-21,UPI,Cancelled,0,4413.47,4413.47
ORD000387,CUST00455,2025-07-30,UPI,Delivered,0,7598.56,7598.56
ORD000388,CUST00171,2025-12-01,Debit Card,Delivered,0,3404.46,3404.46
ORD000389,CUST00035,2025-08-22,Credit Card,Delivered,99,1603.35,1702.35
ORD000390,CUST00600,2025-05-30,Wallet,Delivered,0,10504.01,10504.01
ORD000391,CUST00255,2025-06-12,Credit Card,Delivered,0,12488.91,12488.91
ORD000392,CUST00396,2025-12-04,UPI,Delivered,0,16409.78,16409.78
ORD000393,CUST00035,2025-08-19,Cash on Delivery,Delivered,79,1012.86,1091.86
ORD000394,CUST00329,2025-09-17,UPI,Delivered,79,1183.7,1262.7
ORD000395,CUST00209,2024-11-13,Debit Card,Delivered,0,7194.38,7194.38
ORD000396,CUST00048,2025-04-04,Cash on Delivery,Delivered,0,7059.06,7059.06
ORD000397,CUST00568,2024-10-20,UPI,Delivered,49,1157.21,1206.21
ORD000398,CUST00434,2024-06-12,Cash on Delivery,Delivered,0,3319.0,3319.0
ORD000399,CUST00566,2025-03-22,Wallet,Delivered,0,2788.13,2788.13
ORD000400,CUST00051,2025-12-23,UPI,Delivered,0,13366.33,13366.33
ORD000401,CUST00553,2025-05-17,Cash on Delivery,Delivered,99,2137.07,2236.07
ORD000402,CUST00495,2024-02-20,Cash on Delivery,Delivered,0,10872.97,10872.97
ORD000403,CUST00365,2025-09-01,UPI,Returned,99,750.27,849.27
ORD000404,CUST00149,2025-08-20,Credit Card,Delivered,99,1863.15,1962.15
ORD000405,CUST00325,2025-08-13,UPI,Delivered,0,2859.6,2859.6
ORD000406,CUST00104,2024-12-04,UPI,Delivered,49,2374.52,2423.52
ORD000407,CUST00266,2025-01-22,UPI,Delivered,0,3202.15,3202.15
ORD000408,CUST00035,2025-08-07,Credit Card,Delivered,79,623.0,702.0
ORD000409,CUST00335,2025-11-04,Credit Card,Delivered,0,11107.09,11107.09
ORD000410,CUST00072,2024-10-25,Debit Card,Delivered,99,1443.02,1542.02
ORD000411,CUST00595,2024-10-24,UPI,Delivered,0,3148.62,3148.62
ORD000412,CUST00004,2024-07-25,Wallet,Delivered,0,5669.29,5669.29
ORD000413,CUST00235,2025-03-26,Net Banking,Delivered,0,5756.04,5756.04
ORD000414,CUST00434,2025-04-07,UPI,Delivered,0,3493.68,3493.68
ORD000415,CUST00118,2024-04-05,Net Banking,Delivered,49,2282.94,2331.94
ORD000416,CUST00463,2024-10-19,Credit Card,Delivered,0,8923.24,8923.24
ORD000417,CUST00502,2025-03-20,Debit Card,Delivered,0,3176.11,3176.11
ORD000418,CUST00321,2025-01-20,Cash on Delivery,Delivered,0,25652.43,25652.43
ORD000419,CUST00304,2025-06-07,Debit Card,Returned,0,3931.3,3931.3
ORD000420,CUST00102,2025-08-07,UPI,Delivered,0,3433.62,3433.62
ORD000421,CUST00463,2024-10-22,UPI,Delivered,0,2759.37,2759.37
ORD000422,CUST00373,2025-07-22,Cash on Delivery,Delivered,0,4415.5,4415.5
ORD000423,CUST00201,2025-01-14,Credit Card,Delivered,79,862.99,941.99
ORD000424,CUST00018,2025-08-19,Debit Card,Delivered,79,1941.04,2020.04
ORD000425,CUST00329,2025-05-01,Credit Card,Delivered,0,3206.7,3206.7
ORD000426,CUST00017,2024-06-25,UPI,Delivered,0,9057.62,9057.62
ORD000427,CUST00136,2025-10-14,UPI,Delivered,99,1250.54,1349.54
ORD000428,CUST00279,2025-10-20,Credit Card,Delivered,0,4413.12,4413.12
ORD000429,CUST00268,2024-08-30,UPI,Refunded,0,25801.99,25801.99
ORD000430,CUST00542,2024-11-07,Net Banking,Delivered,49,2298.06,2347.06
ORD000431,CUST00434,2025-12-30,Debit Card,Delivered,79,482.17,561.17
ORD000432,CUST00549,2025-09-01,UPI,Returned,99,2374.52,2473.52
ORD000433,CUST00313,2025-10-25,Net Banking,Delivered,0,5157.48,5157.48
ORD000434,CUST00143,2024-11-19,UPI,Delivered,0,20465.03,20465.03
ORD000435,CUST00142,2025-03-17,Credit Card,Delivered,0,17982.5,17982.5
ORD000436,CUST00271,2025-06-20,Debit Card,Delivered,0,3145.2,3145.2
ORD000437,CUST00248,2025-11-19,UPI,Delivered,0,2597.19,2597.19
ORD000438,CUST00069,2025-05-01,Wallet,Delivered,0,8371.28,8371.28
ORD000439,CUST00214,2025-11-03,Cash on Delivery,Delivered,0,3492.4,3492.4
ORD000440,CUST00396,2025-01-01,Cash on Delivery,Delivered,0,9098.11,9098.11
ORD000441,CUST00573,2024-05-11,Debit Card,Delivered,0,9560.38,9560.38
ORD000442,CUST00573,2025-09-25,Credit Card,Delivered,79,385.74,464.74
ORD000443,CUST00444,2025-07-01,Net Banking,Delivered,0,2832.58,2832.58
ORD000444,CUST00299,2025-07-10,Credit Card,Delivered,0,17665.85,17665.85
ORD000445,CUST00370,2025-01-12,Debit Card,Delivered,99,1703.87,1802.87
ORD000446,CUST00422,2025-06-08,Credit Card,Delivered,49,964.34,1013.34
ORD000447,CUST00273,2024-04-19,UPI,Delivered,0,7502.9,7502.9
ORD000448,CUST00262,2025-08-24,Wallet,Delivered,0,4059.9,4059.9
ORD000449,CUST00248,2025-12-20,Credit Card,Delivered,0,3931.3,3931.3
ORD000450,CUST00538,2024-12-03,Credit Card,Delivered,0,6727.39,6727.39
ORD000451,CUST00405,2024-11-16,Wallet,Delivered,0,9513.21,9513.21
ORD000452,CUST00396,2025-10-02,Credit Card,Delivered,99,1042.42,1141.42
ORD000453,CUST00315,2025-08-03,UPI,Delivered,99,2043.21,2142.21
ORD000454,CUST00558,2024-12-01,UPI,Delivered,49,2398.35,2447.35
ORD000455,CUST00148,2025-07-23,Debit Card,Delivered,79,1500.54,1579.54
ORD000456,CUST00109,2025-07-27,Wallet,Delivered,0,4556.86,4556.86
ORD000457,CUST00279,2025-11-28,Credit Card,Delivered,99,1362.85,1461.85
ORD000458,CUST00378,2024-11-03,Net Banking,Refunded,0,4823.97,4823.97
ORD000459,CUST00260,2024-02-10,Debit Card,Cancelled,0,14183.76,14183.76
ORD000460,CUST00463,2024-01-11,Credit Card,Delivered,0,3976.79,3976.79
ORD000461,CUST00329,2024-07-31,Credit Card,Delivered,0,14135.09,14135.09
ORD000462,CUST00218,2025-06-02,Wallet,Delivered,49,2374.52,2423.52
ORD000463,CUST00334,2024-06-19,UPI,Delivered,49,1145.07,1194.07
ORD000464,CUST00555,2025-11-03,UPI,Delivered,0,4456.52,4456.52
ORD000465,CUST00210,2024-09-12,Net Banking,Delivered,0,12949.88,12949.88
ORD000466,CUST00388,2024-06-04,UPI,Delivered,0,4796.7,4796.7
ORD000467,CUST00496,2025-05-02,UPI,Delivered,0,3898.89,3898.89
ORD000468,CUST00522,2024-06-06,UPI,Delivered,0,2886.03,2886.03
ORD000469,CUST00558,2025-12-01,UPI,Delivered,0,4356.96,4356.96
ORD000470,CUST00101,2025-02-16,UPI,Returned,0,15471.19,15471.19
ORD000471,CUST00396,2025-07-25,Credit Card,Delivered,49,591.85,640.85
ORD000472,CUST00277,2024-11-04,UPI,Cancelled,0,6411.2,6411.2
ORD000473,CUST00240,2025-12-10,Credit Card,Delivered,49,1296.51,1345.51
ORD000474,CUST00085,2025-12-07,Credit Card,Delivered,0,7689.76,7689.76
ORD000475,CUST00090,2025-04-14,Credit Card,Delivered,0,6463.86,6463.86
ORD000476,CUST00364,2025-06-08,UPI,Delivered,0,5798.75,5798.75
ORD000477,CUST00421,2025-04-09,Net Banking,Returned,49,482.17,531.17
ORD000478,CUST00474,2025-01-12,Debit Card,Delivered,0,4796.7,4796.7
ORD000479,CUST00416,2025-11-16,UPI,Delivered,79,311.15,390.15
ORD000480,CUST00373,2024-02-28,Cash on Delivery,Delivered,79,2142.79,2221.79
ORD000481,CUST00210,2024-05-20,UPI,Delivered,79,482.17,561.17
ORD000482,CUST00072,2024-12-24,Credit Card,Delivered,99,600.22,699.22
ORD000483,CUST00142,2025-12-15,UPI,Delivered,0,19417.98,19417.98
ORD000484,CUST00248,2024-10-06,Credit Card,Delivered,0,7259.1,7259.1
ORD000485,CUST00295,2025-08-16,Credit Card,Cancelled,49,807.65,856.65
ORD000486,CUST00236,2024-11-26,Wallet,Delivered,0,11852.19,11852.19
ORD000487,CUST00469,2024-10-27,UPI,Returned,0,7715.16,7715.16
ORD000488,CUST00242,2025-07-31,Cash on Delivery,Delivered,99,1789.83,1888.83
ORD000489,CUST00447,2024-12-20,Net Banking,Delivered,0,6999.85,6999.85
ORD000490,CUST00299,2024-11-27,UPI,Delivered,0,6139.73,6139.73
ORD000491,CUST00162,2025-12-21,Credit Card,Refunded,49,1728.17,1777.17
ORD000492,CUST00434,2025-04-08,UPI,Cancelled,0,10678.95,10678.95
ORD000493,CUST00229,2024-04-25,Credit Card,Returned,0,6341.09,6341.09
ORD000494,CUST00463,2024-03-28,Wallet,Delivered,0,17583.58,17583.58
ORD000495,CUST00145,2024-06-25,Debit Card,Delivered,0,4185.64,4185.64
ORD000496,CUST00405,2025-10-24,Net Banking,Delivered,49,2096.24,2145.24
ORD000497,CUST00032,2024-08-09,UPI,Returned,0,6944.92,6944.92
ORD000498,CUST00376,2025-02-10,Credit Card,Delivered,0,3483.66,3483.66
ORD000499,CUST00321,2025-01-01,Debit Card,Delivered,99,482.17,581.17
ORD000500,CUST00279,2025-10-17,Wallet,Delivered,0,10391.85,10391.85
ORD000501,CUST00558,2025-11-30,Debit Card,Returned,99,2064.01,2163.01
ORD000502,CUST00558,2024-10-11,Debit Card,Delivered,99,1246.0,1345.0
ORD000503,CUST00050,2024-12-24,UPI,Delivered,0,19449.91,19449.91
ORD000504,CUST00455,2025-08-17,Net Banking,Cancelled,49,1839.75,1888.75
ORD000505,CUST00032,2024-02-08,Debit Card,Delivered,0,14527.83,14527.83
ORD000506,CUST00286,2025-09-11,Credit Card,Delivered,79,1455.9,1534.9
ORD000507,CUST00063,2024-10-29,Credit Card,Delivered,0,3641.61,3641.61
ORD000508,CUST00304,2024-12-10,Debit Card,Delivered,0,6911.09,6911.09
ORD000509,CUST00329,2025-04-17,Credit Card,Delivered,0,9828.24,9828.24
ORD000510,CUST00316,2025-03-03,Wallet,Delivered,0,10897.63,10897.63
ORD000511,CUST00370,2024-11-04,UPI,Delivered,79,933.45,1012.45
ORD000512,CUST00072,2025-03-17,UPI,Delivered,0,4060.43,4060.43
ORD000513,CUST00380,2025-11-14,UPI,Returned,79,1188.01,1267.01
ORD000514,CUST00453,2025-11-19,Debit Card,Returned,0,6880.05,6880.05
ORD000515,CUST00376,2025-02-12,UPI,Delivered,0,3348.51,3348.51
ORD000516,CUST00592,2024-05-20,Credit Card,Delivered,99,2278.43,2377.43
ORD000517,CUST00279,2025-10-24,Credit Card,Delivered,0,6219.02,6219.02
ORD000518,CUST00052,2025-11-08,UPI,Delivered,0,3236.08,3236.08
ORD000519,CUST00448,2025-12-01,Credit Card,Delivered,0,18809.03,18809.03
ORD000520,CUST00473,2025-03-06,Cash on Delivery,Delivered,0,11081.32,11081.32
ORD000521,CUST00588,2025-07-10,Cash on Delivery,Delivered,99,385.74,484.74
ORD000522,CUST00119,2025-10-31,Wallet,Cancelled,0,10953.02,10953.02
ORD000523,CUST00212,2024-12-31,Credit Card,Delivered,0,16315.39,16315.39
ORD000524,CUST00541,2025-03-24,UPI,Delivered,99,578.91,677.91
ORD000525,CUST00422,2024-11-23,Credit Card,Delivered,49,1523.18,1572.18
ORD000526,CUST00404,2025-06-22,Debit Card,Returned,0,10022.28,10022.28
ORD000527,CUST00313,2024-11-24,Net Banking,Delivered,0,8143.87,8143.87
ORD000528,CUST00528,2024-11-16,UPI,Delivered,0,3582.05,3582.05
ORD000529,CUST00499,2024-07-29,UPI,Delivered,0,2668.95,2668.95
ORD000530,CUST00526,2024-12-17,Credit Card,Delivered,79,1296.51,1375.51
ORD000531,CUST00463,2024-09-12,Debit Card,Delivered,0,20720.19,20720.19
ORD000532,CUST00595,2024-10-15,Cash on Delivery,Returned,49,2329.09,2378.09
ORD000533,CUST00032,2025-12-24,Debit Card,Delivered,49,280.03,329.03
ORD000534,CUST00025,2024-06-17,Cash on Delivery,Delivered,79,409.84,488.84
ORD000535,CUST00371,2024-12-16,Credit Card,Delivered,0,2887.12,2887.12
ORD000536,CUST00279,2025-11-11,Cash on Delivery,Delivered,0,5282.42,5282.42
ORD000537,CUST00375,2025-09-11,Credit Card,Delivered,0,8071.04,8071.04
ORD000538,CUST00271,2025-06-05,UPI,Delivered,0,22463.6,22463.6
ORD000539,CUST00234,2025-12-06,Debit Card,Delivered,0,8416.11,8416.11
ORD000540,CUST00102,2025-08-13,UPI,Delivered,0,21054.51,21054.51
ORD000541,CUST00110,2025-09-17,Credit Card,Delivered,0,19170.16,19170.16
ORD000542,CUST00111,2025-08-21,Credit Card,Delivered,0,3931.3,3931.3
ORD000543,CUST00304,2025-08-30,UPI,Delivered,0,7262.96,7262.96
ORD000544,CUST00008,2024-08-10,UPI,Delivered,0,6402.67,6402.67
ORD000545,CUST00083,2025-10-28,Credit Card,Delivered,0,2627.9,2627.9
ORD000546,CUST00287,2024-04-01,Credit Card,Delivered,79,409.84,488.84
ORD000547,CUST00576,2025-12-16,UPI,Cancelled,0,9828.24,9828.24
ORD000548,CUST00282,2025-12-16,Debit Card,Delivered,49,2386.05,2435.05
ORD000549,CUST00439,2024-08-22,Net Banking,Delivered,49,624.93,673.93
ORD000550,CUST00223,2025-01-04,Wallet,Delivered,0,7656.62,7656.62
ORD000551,CUST00284,2024-11-20,UPI,Delivered,0,5424.28,5424.28
ORD000552,CUST00053,2025-04-15,Wallet,Delivered,0,5443.72,5443.72
ORD000553,CUST00021,2025-10-15,Debit Card,Returned,0,7953.93,7953.93
ORD000554,CUST00378,2024-10-18,Net Banking,Delivered,0,4296.77,4296.77
ORD000555,CUST00423,2025-11-12,UPI,Delivered,0,2839.65,2839.65
ORD000556,CUST00574,2025-12-20,UPI,Delivered,0,12785.59,12785.59
ORD000557,CUST00511,2025-10-25,Cash on Delivery,Delivered,79,264.48,343.48
ORD000558,CUST00422,2024-04-19,Net Banking,Returned,0,3493.68,3493.68
ORD000559,CUST00455,2025-08-05,Net Banking,Delivered,99,482.17,581.17
ORD000560,CUST00434,2024-12-06,Credit Card,Delivered,0,3124.79,3124.79
ORD000561,CUST00096,2025-11-22,Credit Card,Delivered,0,4313.45,4313.45
ORD000562,CUST00385,2025-10-20,Credit Card,Delivered,0,4772.87,4772.87
ORD000563,CUST00313,2024-06-15,UPI,Returned,49,2255.79,2304.79
ORD000564,CUST00559,2025-03-05,Cash on Delivery,Delivered,0,8521.34,8521.34
ORD000565,CUST00287,2025-05-19,Wallet,Cancelled,0,7282.32,7282.32
ORD000566,CUST00329,2024-09-08,Debit Card,Delivered,99,497.84,596.84
ORD000567,CUST00068,2024-10-28,Credit Card,Delivered,49,433.95,482.95
ORD000568,CUST00068,2024-12-16,UPI,Delivered,0,2557.29,2557.29
ORD000569,CUST00174,2025-04-23,Cash on Delivery,Delivered,99,2374.52,2473.52
ORD000570,CUST00373,2025-12-05,UPI,Delivered,0,5438.38,5438.38
ORD000571,CUST00194,2024-08-13,Debit Card,Delivered,0,10789.33,10789.33
ORD000572,CUST00073,2025-05-20,Credit Card,Refunded,49,1232.44,1281.44
ORD000573,CUST00499,2024-10-27,UPI,Delivered,0,15888.56,15888.56
ORD000574,CUST00326,2024-09-25,Credit Card,Delivered,99,750.27,849.27
ORD000575,CUST00240,2025-10-15,UPI,Delivered,0,5560.24,5560.24
ORD000576,CUST00399,2024-04-30,Wallet,Delivered,49,1362.14,1411.14
ORD000577,CUST00286,2025-11-10,Cash on Delivery,Delivered,0,6554.33,6554.33
ORD000578,CUST00505,2025-01-03,UPI,Delivered,0,10110.78,10110.78
ORD000579,CUST00279,2025-10-16,Debit Card,Delivered,49,623.0,672.0
ORD000580,CUST00350,2025-08-07,Wallet,Delivered,79,1228.28,1307.28
ORD000581,CUST00356,2024-02-29,Cash on Delivery,Delivered,0,8087.4,8087.4
ORD000582,CUST00190,2025-04-05,UPI,Delivered,99,264.48,363.48
ORD000583,CUST00443,2025-11-04,Net Banking,Delivered,0,7169.91,7169.91
ORD000584,CUST00526,2025-06-12,Credit Card,Delivered,0,15610.25,15610.25
ORD000585,CUST00519,2025-07-30,Credit Card,Delivered,0,5311.32,5311.32
ORD000586,CUST00023,2025-12-12,Credit Card,Delivered,0,7145.81,7145.81
ORD000587,CUST00558,2024-12-29,UPI,Cancelled,0,4796.7,4796.7
ORD000588,CUST00558,2025-01-01,UPI,Delivered,0,5311.32,5311.32
ORD000589,CUST00416,2025-11-07,UPI,Delivered,79,1498.6,1577.6
ORD000590,CUST00205,2025-12-24,Credit Card,Delivered,0,4422.71,4422.71
ORD000591,CUST00558,2024-08-03,Credit Card,Delivered,99,458.06,557.06
ORD000592,CUST00557,2025-05-28,Cash on Delivery,Delivered,79,712.76,791.76
ORD000593,CUST00410,2025-12-06,Credit Card,Delivered,79,1160.04,1239.04
ORD000594,CUST00087,2025-09-17,Credit Card,Delivered,0,17426.76,17426.76
ORD000595,CUST00075,2024-05-14,UPI,Delivered,0,8531.76,8531.76
ORD000596,CUST00240,2025-10-03,UPI,Delivered,0,5008.89,5008.89
ORD000597,CUST00025,2024-08-15,UPI,Delivered,0,2550.01,2550.01
ORD000598,CUST00421,2024-06-03,UPI,Delivered,0,9742.0,9742.0
ORD000599,CUST00463,2024-04-14,Cash on Delivery,Delivered,0,45333.13,45333.13
ORD000600,CUST00439,2025-11-03,Credit Card,Delivered,79,2398.35,2477.35
ORD000601,CUST00385,2025-11-20,UPI,Delivered,0,4087.83,4087.83
ORD000602,CUST00157,2025-10-04,Debit Card,Delivered,0,4038.54,4038.54
ORD000603,CUST00184,2025-11-19,Credit Card,Delivered,0,12311.17,12311.17
ORD000604,CUST00078,2025-09-10,UPI,Delivered,0,20629.48,20629.48
ORD000605,CUST00277,2025-05-04,Debit Card,Delivered,79,1425.51,1504.51
ORD000606,CUST00039,2025-06-03,Debit Card,Delivered,79,2398.35,2477.35
ORD000607,CUST00311,2025-11-28,UPI,Delivered,0,9428.81,9428.81
ORD000608,CUST00328,2024-10-26,Debit Card,Delivered,0,11718.68,11718.68
ORD000609,CUST00014,2025-11-15,Credit Card,Delivered,0,14720.76,14720.76
ORD000610,CUST00453,2024-11-18,Net Banking,Delivered,0,2830.04,2830.04
ORD000611,CUST00286,2025-09-11,Credit Card,Delivered,0,13754.16,13754.16
ORD000612,CUST00157,2025-07-20,Credit Card,Delivered,0,7306.44,7306.44
ORD000613,CUST00407,2025-10-30,Net Banking,Delivered,0,3151.21,3151.21
ORD000614,CUST00304,2025-12-29,Debit Card,Delivered,79,1933.97,2012.97
ORD000615,CUST00355,2025-07-11,Wallet,Delivered,0,3428.94,3428.94
ORD000616,CUST00573,2024-10-11,UPI,Delivered,0,5668.75,5668.75
ORD000617,CUST00380,2024-04-07,Credit Card,Delivered,99,2309.46,2408.46
ORD000618,CUST00430,2025-11-27,Cash on Delivery,Cancelled,99,1362.85,1461.85
ORD000619,CUST00405,2025-12-24,UPI,Delivered,49,1078.08,1127.08
ORD000620,CUST00116,2025-12-15,Net Banking,Returned,0,5029.07,5029.07
ORD000621,CUST00549,2025-09-22,UPI,Returned,79,813.88,892.88
ORD000622,CUST00257,2025-12-26,Credit Card,Delivered,0,3524.44,3524.44
ORD000623,CUST00581,2025-11-05,Wallet,Delivered,0,4914.12,4914.12
ORD000624,CUST00497,2025-06-14,Debit Card,Delivered,0,13669.32,13669.32
ORD000625,CUST00030,2025-04-22,Credit Card,Delivered,0,9182.6,9182.6
ORD000626,CUST00573,2024-11-15,UPI,Delivered,49,409.84,458.84
ORD000627,CUST00558,2025-11-13,UPI,Delivered,49,1200.43,1249.43
ORD000628,CUST00138,2025-09-07,Cash on Delivery,Returned,0,3606.96,3606.96
ORD000629,CUST00396,2025-03-17,Wallet,Returned,49,750.27,799.27
ORD000630,CUST00011,2024-05-16,UPI,Delivered,0,4602.84,4602.84
ORD000631,CUST00288,2025-02-13,UPI,Delivered,0,2749.7,2749.7
ORD000632,CUST00093,2024-12-24,Debit Card,Delivered,0,14264.73,14264.73
ORD000633,CUST00319,2025-12-14,Net Banking,Delivered,0,4780.19,4780.19
ORD000634,CUST00493,2025-09-18,Debit Card,Returned,0,9791.76,9791.76
ORD000635,CUST00056,2024-04-07,Cash on Delivery,Delivered,79,482.17,561.17
ORD000636,CUST00065,2025-07-12,Credit Card,Delivered,0,5150.58,5150.58
ORD000637,CUST00433,2025-03-10,Cash on Delivery,Delivered,0,5919.06,5919.06
ORD000638,CUST00488,2025-01-06,Net Banking,Delivered,0,8454.09,8454.09
ORD000639,CUST00502,2025-10-18,Debit Card,Cancelled,79,909.62,988.62
ORD000640,CUST00160,2025-03-15,Credit Card,Delivered,0,16280.09,16280.09
ORD000641,CUST00289,2024-08-04,Debit Card,Cancelled,79,1675.35,1754.35
ORD000642,CUST00331,2025-02-15,Cash on Delivery,Delivered,0,6220.89,6220.89
ORD000643,CUST00174,2025-04-02,Wallet,Returned,99,2316.48,2415.48
ORD000644,CUST00430,2025-07-29,Credit Card,Returned,0,13645.22,13645.22
ORD000645,CUST00342,2025-04-23,Debit Card,Delivered,49,1068.68,1117.68
ORD000646,CUST00135,2025-10-21,UPI,Delivered,0,8915.56,8915.56
ORD000647,CUST00571,2024-06-25,UPI,Delivered,0,6753.73,6753.73
ORD000648,CUST00004,2024-07-27,Credit Card,Delivered,0,15655.7,15655.7
ORD000649,CUST00275,2024-04-10,Debit Card,Cancelled,0,12681.2,12681.2
ORD000650,CUST00306,2025-01-13,Credit Card,Delivered,0,2667.5,2667.5
ORD000651,CUST00126,2024-05-11,Net Banking,Delivered,79,722.64,801.64
ORD000652,CUST00502,2024-08-31,Wallet,Cancelled,0,2757.65,2757.65
ORD000653,CUST00173,2024-12-22,Credit Card,Delivered,0,4069.27,4069.27
ORD000654,CUST00382,2024-02-25,Credit Card,Delivered,79,458.06,537.06
ORD000655,CUST00340,2025-01-28,UPI,Delivered,79,1572.6,1651.6
ORD000656,CUST00143,2025-04-02,UPI,Delivered,79,712.76,791.76
ORD000657,CUST00467,2025-09-17,UPI,Delivered,99,2398.35,2497.35
ORD000658,CUST00393,2025-06-26,UPI,Delivered,0,8113.88,8113.88
ORD000659,CUST00423,2025-11-12,Cash on Delivery,Delivered,79,750.27,829.27
ORD000660,CUST00573,2024-03-30,UPI,Delivered,0,4914.12,4914.12
ORD000661,CUST00310,2024-02-23,UPI,Refunded,0,2969.63,2969.63
ORD000662,CUST00475,2025-08-22,Credit Card,Delivered,0,3340.76,3340.76
ORD000663,CUST00473,2025-03-01,Cash on Delivery,Delivered,0,11540.81,11540.81
ORD000664,CUST00259,2025-08-29,Credit Card,Delivered,79,1025.8,1104.8
ORD000665,CUST00395,2025-10-16,Credit Card,Delivered,79,1136.01,1215.01
ORD000666,CUST00453,2025-07-26,Credit Card,Delivered,0,13432.05,13432.05
ORD000667,CUST00115,2024-12-14,Credit Card,Returned,0,4273.58,4273.58
ORD000668,CUST00377,2025-02-21,Cash on Delivery,Delivered,0,5207.1,5207.1
ORD000669,CUST00586,2025-05-11,Credit Card,Delivered,0,4273.87,4273.87
ORD000670,CUST00036,2025-11-28,Credit Card,Delivered,0,6812.1,6812.1
ORD000671,CUST00131,2025-10-16,Credit Card,Delivered,79,1696.32,1775.32
ORD000672,CUST00581,2025-04-16,Cash on Delivery,Delivered,0,9337.84,9337.84
ORD000673,CUST00538,2025-10-30,Cash on Delivery,Delivered,0,4077.2,4077.2
ORD000674,CUST00464,2024-12-17,Cash on Delivery,Delivered,49,1215.71,1264.71
ORD000675,CUST00248,2024-11-03,UPI,Delivered,0,4389.36,4389.36
ORD000676,CUST00193,2024-08-18,Credit Card,Delivered,0,9794.61,9794.61
ORD000677,CUST00131,2024-05-30,UPI,Delivered,0,10341.91,10341.91
ORD000678,CUST00290,2024-10-09,Credit Card,Delivered,49,2137.07,2186.07
ORD000679,CUST00497,2025-05-23,Credit Card,Delivered,99,2038.6,2137.6
ORD000680,CUST00364,2025-12-22,Credit Card,Refunded,0,12423.39,12423.39
ORD000681,CUST00287,2025-02-11,UPI,Returned,0,8462.22,8462.22
ORD000682,CUST00313,2024-06-03,Cash on Delivery,Delivered,0,6590.98,6590.98
ORD000683,CUST00501,2025-07-26,UPI,Delivered,0,9233.58,9233.58
ORD000684,CUST00053,2025-03-08,Debit Card,Delivered,99,382.57,481.57
ORD000685,CUST00193,2025-12-27,UPI,Delivered,0,10703.98,10703.98
ORD000686,CUST00141,2025-11-06,UPI,Delivered,0,9028.87,9028.87
ORD000687,CUST00265,2025-10-24,Credit Card,Cancelled,0,9171.98,9171.98
ORD000688,CUST00453,2025-11-22,Credit Card,Cancelled,79,1908.51,1987.51
ORD000689,CUST00097,2024-12-01,Debit Card,Delivered,0,8915.11,8915.11
ORD000690,CUST00332,2025-03-05,Credit Card,Delivered,79,2158.52,2237.52
ORD000691,CUST00015,2024-08-18,UPI,Delivered,0,6396.11,6396.11
ORD000692,CUST00506,2025-02-23,Credit Card,Delivered,0,20515.86,20515.86
ORD000693,CUST00182,2025-12-07,Credit Card,Delivered,0,8683.29,8683.29
ORD000694,CUST00582,2025-05-20,UPI,Delivered,0,4192.13,4192.13
ORD000695,CUST00379,2024-12-23,Cash on Delivery,Delivered,99,1228.28,1327.28
ORD000696,CUST00252,2025-12-08,Debit Card,Returned,0,5606.91,5606.91
ORD000697,CUST00581,2025-03-28,Debit Card,Delivered,0,3006.68,3006.68
ORD000698,CUST00463,2024-07-12,UPI,Delivered,49,2398.35,2447.35
ORD000699,CUST00050,2024-07-11,UPI,Delivered,0,5189.41,5189.41
ORD000700,CUST00313,2025-09-14,Credit Card,Delivered,99,964.34,1063.34
ORD000701,CUST00095,2025-12-22,Net Banking,Delivered,0,4749.04,4749.04
ORD000702,CUST00038,2025-03-12,UPI,Delivered,0,14530.58,14530.58
ORD000703,CUST00289,2025-11-09,Credit Card,Cancelled,0,4142.88,4142.88
ORD000704,CUST00051,2024-12-29,Credit Card,Delivered,0,3761.2,3761.2
ORD000705,CUST00355,2025-01-23,Wallet,Delivered,99,916.12,1015.12
ORD000706,CUST00032,2024-10-29,UPI,Delivered,0,7310.43,7310.43
ORD000707,CUST00422,2024-10-23,Net Banking,Delivered,0,8283.14,8283.14
ORD000708,CUST00538,2024-03-19,Net Banking,Delivered,99,933.45,1032.45
ORD000709,CUST00248,2024-08-19,Debit Card,Delivered,49,1543.15,1592.15
ORD000710,CUST00275,2025-06-07,Net Banking,Delivered,0,2680.39,2680.39
ORD000711,CUST00252,2024-11-23,UPI,Delivered,0,9763.31,9763.31
ORD000712,CUST00364,2025-06-13,UPI,Delivered,79,409.84,488.84
ORD000713,CUST00074,2024-04-22,Credit Card,Returned,0,4001.62,4001.62
ORD000714,CUST00024,2024-07-30,UPI,Delivered,79,311.15,390.15
ORD000715,CUST00313,2024-11-01,Credit Card,Delivered,0,9080.68,9080.68
ORD000716,CUST00421,2025-09-22,Wallet,Delivered,99,1476.01,1575.01
ORD000717,CUST00391,2025-01-26,Cash on Delivery,Delivered,79,433.95,512.95
ORD000718,CUST00286,2025-08-27,Cash on Delivery,Returned,0,5810.67,5810.67
ORD000719,CUST00526,2025-06-18,Debit Card,Delivered,49,458.06,507.06
ORD000720,CUST00162,2024-06-13,UPI,Returned,49,2374.52,2423.52
ORD000721,CUST00209,2024-11-06,Credit Card,Delivered,0,13975.5,13975.5
ORD000722,CUST00232,2025-08-07,UPI,Delivered,0,20736.08,20736.08
ORD000723,CUST00526,2024-05-06,UPI,Delivered,79,2429.17,2508.17
ORD000724,CUST00529,2024-07-20,Debit Card,Delivered,99,280.03,379.03
ORD000725,CUST00239,2025-06-06,Net Banking,Returned,0,2592.47,2592.47
ORD000726,CUST00340,2025-09-18,Credit Card,Delivered,0,10167.24,10167.24
ORD000727,CUST00214,2024-11-05,Cash on Delivery,Delivered,49,1232.44,1281.44
ORD000728,CUST00063,2025-11-16,Cash on Delivery,Delivered,79,591.18,670.18
ORD000729,CUST00277,2025-10-24,Credit Card,Delivered,0,9171.98,9171.98
ORD000730,CUST00460,2024-10-08,Net Banking,Delivered,49,458.06,507.06
ORD000731,CUST00054,2025-07-12,UPI,Delivered,0,7195.05,7195.05
ORD000732,CUST00288,2025-09-21,Net Banking,Delivered,99,600.22,699.22
ORD000733,CUST00342,2025-04-18,Credit Card,Delivered,0,19656.72,19656.72
ORD000734,CUST00411,2025-12-29,Net Banking,Cancelled,49,600.22,649.22
ORD000735,CUST00335,2025-10-11,UPI,Returned,49,2158.52,2207.52
ORD000736,CUST00502,2024-12-08,Credit Card,Delivered,0,3124.79,3124.79
ORD000737,CUST00197,2024-06-03,UPI,Returned,0,3680.22,3680.22
ORD000738,CUST00388,2025-11-01,Credit Card,Returned,0,9171.98,9171.98
ORD000739,CUST00286,2025-09-05,Credit Card,Delivered,0,28373.94,28373.94
ORD000740,CUST00498,2025-02-22,UPI,Delivered,0,3493.68,3493.68
ORD000741,CUST00197,2024-12-16,Cash on Delivery,Returned,0,14980.74,14980.74
ORD000742,CUST00461,2025-02-11,UPI,Delivered,0,6837.73,6837.73
ORD000743,CUST00076,2025-05-20,Cash on Delivery,Delivered,79,1275.46,1354.46
ORD000744,CUST00304,2025-07-05,Debit Card,Delivered,0,2728.82,2728.82
ORD000745,CUST00410,2025-02-18,UPI,Returned,49,675.24,724.24
ORD000746,CUST00558,2025-01-12,Debit Card,Delivered,0,20426.99,20426.99
ORD000747,CUST00131,2025-11-19,Cash on Delivery,Delivered,49,1762.59,1811.59
ORD000748,CUST00156,2025-10-18,UPI,Delivered,0,12277.67,12277.67
ORD000749,CUST00576,2025-11-19,Net Banking,Delivered,49,2386.05,2435.05
ORD000750,CUST00118,2024-11-11,UPI,Delivered,99,2241.08,2340.08
ORD000751,CUST00524,2024-10-14,Cash on Delivery,Delivered,49,2192.62,2241.62
ORD000752,CUST00227,2025-07-10,Net Banking,Delivered,49,2009.27,2058.27
ORD000753,CUST00289,2025-01-10,Debit Card,Delivered,0,4583.94,4583.94
ORD000754,CUST00137,2024-07-18,UPI,Returned,0,5045.75,5045.75
ORD000755,CUST00157,2024-02-24,Credit Card,Delivered,0,3340.06,3340.06
ORD000756,CUST00115,2024-09-07,UPI,Refunded,99,433.95,532.95
ORD000757,CUST00563,2025-03-04,Net Banking,Delivered,49,2137.07,2186.07
ORD000758,CUST00025,2025-04-22,UPI,Delivered,0,4780.19,4780.19
ORD000759,CUST00226,2025-05-12,UPI,Delivered,0,9171.98,9171.98
ORD000760,CUST00299,2025-12-07,Credit Card,Delivered,79,482.17,561.17
ORD000761,CUST00486,2025-01-09,Credit Card,Delivered,0,5300.26,5300.26
ORD000762,CUST00299,2025-08-04,Net Banking,Returned,0,3437.05,3437.05
ORD000763,CUST00423,2025-11-04,UPI,Delivered,0,16481.55,16481.55
ORD000764,CUST00368,2024-06-27,Cash on Delivery,Delivered,99,1420.23,1519.23
ORD000765,CUST00447,2024-12-22,Credit Card,Delivered,0,8780.8,8780.8
ORD000766,CUST00214,2025-10-15,Wallet,Delivered,0,22273.53,22273.53
ORD000767,CUST00162,2024-07-25,Debit Card,Delivered,49,750.27,799.27
ORD000768,CUST00558,2025-06-05,Cash on Delivery,Delivered,0,5311.32,5311.32
ORD000769,CUST00502,2024-09-04,Debit Card,Cancelled,0,8530.85,8530.85
ORD000770,CUST00479,2024-11-09,Credit Card,Delivered,79,1160.04,1239.04
ORD000771,CUST00162,2025-10-29,UPI,Delivered,0,9828.24,9828.24
ORD000772,CUST00492,2025-02-22,Debit Card,Delivered,0,8545.36,8545.36
ORD000773,CUST00284,2025-03-27,UPI,Delivered,0,8551.65,8551.65
ORD000774,CUST00093,2025-05-19,UPI,Delivered,0,12502.72,12502.72
ORD000775,CUST00308,2025-01-30,Debit Card,Delivered,99,482.17,581.17
ORD000776,CUST00558,2025-11-14,UPI,Delivered,0,6482.35,6482.35
ORD000777,CUST00247,2024-06-16,UPI,Delivered,0,6938.71,6938.71
ORD000778,CUST00390,2025-03-16,UPI,Delivered,0,7452.23,7452.23
ORD000779,CUST00396,2024-12-24,UPI,Delivered,0,5311.32,5311.32
ORD000780,CUST00051,2024-09-23,Wallet,Delivered,99,712.76,811.76
ORD000781,CUST00242,2024-05-02,Net Banking,Delivered,99,1797.81,1896.81
ORD000782,CUST00139,2025-02-05,Credit Card,Returned,0,15963.58,15963.58
ORD000783,CUST00558,2025-01-18,Debit Card,Delivered,0,5699.7,5699.7
ORD000784,CUST00275,2025-11-05,Debit Card,Delivered,0,8686.06,8686.06
ORD000785,CUST00290,2024-10-06,Debit Card,Delivered,0,16114.74,16114.74
ORD000786,CUST00407,2025-05-01,Debit Card,Delivered,49,712.76,761.76
ORD000787,CUST00178,2025-08-23,Credit Card,Cancelled,0,8758.93,8758.93
ORD000788,CUST00184,2025-11-10,UPI,Delivered,0,8457.84,8457.84
ORD000789,CUST00422,2025-05-04,Credit Card,Delivered,0,3663.08,3663.08
ORD000790,CUST00250,2025-11-08,UPI,Returned,0,6170.12,6170.12
ORD000791,CUST00275,2024-07-21,UPI,Delivered,0,3273.08,3273.08
ORD000792,CUST00338,2025-04-12,Credit Card,Delivered,0,4571.45,4571.45
ORD000793,CUST00455,2025-08-02,Credit Card,Cancelled,0,14579.3,14579.3
ORD000794,CUST00252,2024-11-18,Net Banking,Cancelled,0,17864.2,17864.2
ORD000795,CUST00434,2025-03-08,Cash on Delivery,Delivered,0,16127.09,16127.09
ORD000796,CUST00279,2025-12-07,UPI,Refunded,99,2073.63,2172.63
ORD000797,CUST00236,2025-02-15,UPI,Delivered,0,5527.92,5527.92
ORD000798,CUST00556,2025-10-02,Debit Card,Delivered,49,2386.05,2435.05
ORD000799,CUST00406,2024-06-04,Cash on Delivery,Delivered,0,17157.55,17157.55
ORD000800,CUST00434,2024-02-15,Credit Card,Delivered,0,3501.82,3501.82
ORD000801,CUST00046,2025-09-20,Credit Card,Refunded,79,2035.65,2114.65
ORD000802,CUST00226,2024-11-02,Cash on Delivery,Delivered,0,22783.34,22783.34
ORD000803,CUST00379,2024-12-05,UPI,Delivered,79,1523.18,1602.18
ORD000804,CUST00573,2024-08-31,Credit Card,Delivered,0,8294.31,8294.31
ORD000805,CUST00247,2024-12-25,UPI,Delivered,0,18548.16,18548.16
ORD000806,CUST00558,2024-02-12,Credit Card,Delivered,0,9412.85,9412.85
ORD000807,CUST00038,2025-03-09,Net Banking,Delivered,0,14160.17,14160.17
ORD000808,CUST00440,2025-10-31,Debit Card,Delivered,99,498.4,597.4
ORD000809,CUST00569,2025-10-27,Credit Card,Refunded,0,6686.75,6686.75
ORD000810,CUST00328,2025-05-26,Cash on Delivery,Delivered,0,7625.57,7625.57
ORD000811,CUST00230,2025-12-04,Credit Card,Delivered,49,862.99,911.99
ORD000812,CUST00453,2024-06-06,Credit Card,Delivered,0,6251.48,6251.48
ORD000813,CUST00128,2025-03-20,UPI,Delivered,0,11868.77,11868.77
ORD000814,CUST00279,2025-10-08,Credit Card,Cancelled,99,637.73,736.73
ORD000815,CUST00228,2025-06-19,Credit Card,Delivered,79,712.76,791.76
ORD000816,CUST00396,2024-11-26,Debit Card,Delivered,99,482.17,581.17
ORD000817,CUST00035,2025-08-06,Debit Card,Returned,79,409.84,488.84
ORD000818,CUST00036,2024-08-01,UPI,Delivered,0,3910.85,3910.85
ORD000819,CUST00584,2025-06-07,Credit Card,Returned,99,612.96,711.96
ORD000820,CUST00172,2024-12-06,Net Banking,Refunded,0,6173.99,6173.99
ORD000821,CUST00421,2024-06-25,Cash on Delivery,Delivered,79,916.06,995.06
ORD000822,CUST00064,2024-10-30,UPI,Delivered,79,579.12,658.12
ORD000823,CUST00289,2024-09-02,Credit Card,Delivered,79,2374.52,2453.52
ORD000824,CUST00144,2025-11-13,Credit Card,Delivered,79,2018.34,2097.34
ORD000825,CUST00042,2025-05-13,Wallet,Delivered,0,4514.62,4514.62
ORD000826,CUST00335,2025-10-15,Net Banking,Delivered,0,4249.06,4249.06
ORD000827,CUST00279,2025-10-26,UPI,Delivered,0,10622.64,10622.64
ORD000828,CUST00371,2025-12-31,Cash on Delivery,Delivered,99,1899.62,1998.62
ORD000829,CUST00248,2024-12-22,Debit Card,Delivered,0,7595.75,7595.75
ORD000830,CUST00532,2025-09-26,Credit Card,Returned,0,4356.67,4356.67
ORD000831,CUST00285,2025-11-01,Credit Card,Delivered,99,2158.52,2257.52
ORD000832,CUST00270,2024-12-30,UPI,Delivered,0,10138.89,10138.89
ORD000833,CUST00266,2025-01-20,Debit Card,Cancelled,49,1183.7,1232.7
ORD000834,CUST00039,2025-05-30,Credit Card,Delivered,0,7903.15,7903.15
ORD000835,CUST00573,2025-03-01,Wallet,Returned,0,3976.36,3976.36
ORD000836,CUST00502,2025-11-29,Net Banking,Delivered,0,15576.19,15576.19
ORD000837,CUST00434,2025-03-04,Debit Card,Cancelled,0,5311.32,5311.32
ORD000838,CUST00391,2025-02-19,Debit Card,Returned,49,2158.52,2207.52
ORD000839,CUST00313,2024-07-14,UPI,Delivered,0,4709.06,4709.06
ORD000840,CUST00361,2025-11-01,Credit Card,Delivered,0,29947.57,29947.57
ORD000841,CUST00128,2024-12-08,Debit Card,Delivered,0,4490.24,4490.24
ORD000842,CUST00434,2024-04-19,UPI,Delivered,99,1634.38,1733.38
ORD000843,CUST00247,2024-02-09,Debit Card,Delivered,49,1480.8,1529.8
ORD000844,CUST00434,2025-03-22,Credit Card,Delivered,0,9391.1,9391.1
ORD000845,CUST00323,2025-07-19,UPI,Delivered,0,2729.5,2729.5
ORD000846,CUST00549,2025-09-19,Net Banking,Delivered,79,675.24,754.24
ORD000847,CUST00600,2024-02-01,Wallet,Delivered,0,3177.33,3177.33
ORD000848,CUST00554,2025-05-07,Credit Card,Delivered,0,2914.27,2914.27
ORD000849,CUST00236,2025-04-30,Credit Card,Delivered,0,4778.51,4778.51
ORD000850,CUST00266,2025-11-16,Credit Card,Delivered,49,1866.27,1915.27
ORD000851,CUST00585,2025-07-28,Credit Card,Delivered,99,1105.17,1204.17
ORD000852,CUST00396,2025-01-14,Credit Card,Delivered,0,11792.38,11792.38
ORD000853,CUST00229,2024-02-15,Wallet,Delivered,0,5226.7,5226.7
ORD000854,CUST00178,2024-12-02,UPI,Delivered,79,311.15,390.15
ORD000855,CUST00224,2024-06-28,Cash on Delivery,Refunded,0,3936.57,3936.57
ORD000856,CUST00449,2025-08-03,Credit Card,Delivered,0,14270.45,14270.45
ORD000857,CUST00243,2025-05-13,UPI,Cancelled,0,5311.32,5311.32
ORD000858,CUST00236,2025-11-01,Credit Card,Delivered,0,5638.67,5638.67
ORD000859,CUST00040,2025-12-15,Debit Card,Delivered,79,675.24,754.24
ORD000860,CUST00304,2025-04-21,Wallet,Cancelled,79,819.69,898.69
ORD000861,CUST00216,2024-09-25,UPI,Delivered,0,6100.65,6100.65
ORD000862,CUST00420,2024-11-21,Net Banking,Delivered,0,6767.38,6767.38
ORD000863,CUST00395,2025-08-02,UPI,Delivered,79,624.93,703.93
ORD000864,CUST00453,2025-02-26,UPI,Cancelled,79,2306.4,2385.4
ORD000865,CUST00039,2025-05-24,Wallet,Delivered,0,21264.88,21264.88
ORD000866,CUST00562,2024-11-26,Debit Card,Delivered,0,7182.75,7182.75
ORD000867,CUST00386,2024-07-21,Credit Card,Delivered,0,15844.03,15844.03
ORD000868,CUST00112,2025-04-07,UPI,Delivered,0,14638.06,14638.06
ORD000869,CUST00447,2025-01-02,Debit Card,Delivered,79,964.34,1043.34
ORD000870,CUST00374,2025-08-24,UPI,Delivered,0,6987.36,6987.36
ORD000871,CUST00381,2025-05-31,Cash on Delivery,Delivered,99,2142.79,2241.79
ORD000872,CUST00313,2025-07-11,Cash on Delivery,Delivered,0,15077.57,15077.57
ORD000873,CUST00319,2025-11-13,Credit Card,Delivered,0,3417.51,3417.51
ORD000874,CUST00236,2024-12-26,Credit Card,Delivered,0,8146.99,8146.99
ORD000875,CUST00106,2025-12-02,Cash on Delivery,Delivered,99,1899.62,1998.62
ORD000876,CUST00595,2024-10-26,Credit Card,Delivered,79,2038.6,2117.6
ORD000877,CUST00523,2025-07-11,Debit Card,Delivered,0,2828.35,2828.35
ORD000878,CUST00068,2024-10-22,UPI,Refunded,0,6947.12,6947.12
ORD000879,CUST00344,2025-11-17,Net Banking,Delivered,99,2142.79,2241.79
ORD000880,CUST00286,2025-08-30,UPI,Delivered,0,5658.65,5658.65
ORD000881,CUST00536,2024-07-02,Credit Card,Delivered,99,2073.63,2172.63
ORD000882,CUST00252,2025-06-22,Credit Card,Returned,0,15653.42,15653.42
ORD000883,CUST00011,2024-04-24,UPI,Delivered,49,591.18,640.18
ORD000884,CUST00309,2024-09-11,Debit Card,Delivered,0,3632.05,3632.05
ORD000885,CUST00135,2024-11-30,UPI,Delivered,0,5311.32,5311.32
ORD000886,CUST00131,2025-12-19,Credit Card,Cancelled,0,4914.12,4914.12
ORD000887,CUST00022,2025-10-13,UPI,Delivered,0,7727.81,7727.81
ORD000888,CUST00329,2024-12-11,UPI,Delivered,0,8652.29,8652.29
ORD000889,CUST00281,2025-09-16,Debit Card,Delivered,99,681.33,780.33
ORD000890,CUST00347,2025-11-08,Credit Card,Delivered,0,4511.59,4511.59
ORD000891,CUST00595,2024-10-24,Credit Card,Returned,79,482.17,561.17
ORD000892,CUST00538,2024-12-28,UPI,Delivered,79,2386.05,2465.05
ORD000893,CUST00166,2025-04-06,Cash on Delivery,Delivered,0,4124.33,4124.33
ORD000894,CUST00047,2024-06-13,Debit Card,Returned,0,6959.78,6959.78
ORD000895,CUST00314,2025-09-04,UPI,Delivered,0,5647.66,5647.66
ORD000896,CUST00105,2025-11-15,Debit Card,Delivered,99,2278.43,2377.43
ORD000897,CUST00560,2025-07-18,Credit Card,Delivered,49,675.24,724.24
ORD000898,CUST00035,2025-08-19,Cash on Delivery,Returned,0,9680.15,9680.15
ORD000899,CUST00365,2024-12-16,Credit Card,Delivered,79,2374.52,2453.52
ORD000900,CUST00549,2025-09-07,Credit Card,Delivered,0,25635.51,25635.51
ORD000901,CUST00148,2025-07-31,Debit Card,Delivered,0,5201.7,5201.7
ORD000902,CUST00157,2025-05-27,Credit Card,Delivered,0,4300.66,4300.66
ORD000903,CUST00143,2024-08-21,Credit Card,Returned,0,3002.94,3002.94
ORD000904,CUST00558,2024-04-04,Credit Card,Delivered,0,5004.01,5004.01
ORD000905,CUST00505,2025-01-27,Credit Card,Delivered,0,8844.98,8844.98
ORD000906,CUST00376,2025-02-22,Credit Card,Delivered,0,2593.89,2593.89
ORD000907,CUST00157,2024-11-19,Credit Card,Delivered,99,482.17,581.17
ORD000908,CUST00479,2025-01-26,Debit Card,Delivered,0,4780.19,4780.19
ORD000909,CUST00470,2024-11-02,Credit Card,Delivered,0,4749.04,4749.04
ORD000910,CUST00585,2024-10-17,Credit Card,Delivered,0,10560.67,10560.67
ORD000911,CUST00578,2024-06-11,UPI,Delivered,0,3927.63,3927.63
ORD000912,CUST00331,2024-12-22,UPI,Delivered,0,4287.71,4287.71
ORD000913,CUST00304,2024-01-16,Net Banking,Delivered,99,2073.63,2172.63
ORD000914,CUST00277,2024-12-01,Debit Card,Delivered,0,3088.5,3088.5
ORD000915,CUST00222,2024-12-25,UPI,Delivered,99,2374.52,2473.52
ORD000916,CUST00403,2025-06-16,Credit Card,Delivered,0,7437.29,7437.29
ORD000917,CUST00354,2025-03-08,Net Banking,Returned,0,4235.37,4235.37
ORD000918,CUST00444,2024-12-29,Debit Card,Delivered,0,4961.22,4961.22
ORD000919,CUST00162,2025-07-19,Credit Card,Returned,99,2147.45,2246.45
ORD000920,CUST00072,2025-05-04,Net Banking,Delivered,0,10864.64,10864.64
ORD000921,CUST00157,2025-10-30,Debit Card,Delivered,0,6933.93,6933.93
ORD000922,CUST00329,2025-12-15,Credit Card,Delivered,0,4796.7,4796.7
ORD000923,CUST00249,2025-05-18,UPI,Delivered,0,26162.61,26162.61
ORD000924,CUST00431,2024-06-15,Credit Card,Returned,0,6637.99,6637.99
ORD000925,CUST00072,2025-12-14,Credit Card,Delivered,99,1995.26,2094.26
ORD000926,CUST00279,2025-10-07,Credit Card,Delivered,99,964.34,1063.34
ORD000927,CUST00211,2025-06-09,Net Banking,Delivered,0,2891.23,2891.23
ORD000928,CUST00094,2024-01-08,Net Banking,Delivered,99,750.27,849.27
ORD000929,CUST00162,2024-06-21,UPI,Delivered,0,8847.63,8847.63
ORD000930,CUST00202,2025-06-12,Credit Card,Delivered,0,5963.25,5963.25
ORD000931,CUST00405,2024-11-04,Credit Card,Delivered,79,2158.52,2237.52
ORD000932,CUST00097,2024-09-19,UPI,Delivered,79,433.95,512.95
ORD000933,CUST00251,2025-03-01,Debit Card,Delivered,0,10148.87,10148.87
ORD000934,CUST00130,2025-11-01,UPI,Refunded,79,482.17,561.17
ORD000935,CUST00243,2025-05-01,Net Banking,Delivered,0,2728.26,2728.26
ORD000936,CUST00286,2025-08-25,Wallet,Delivered,0,10876.22,10876.22
ORD000937,CUST00430,2025-07-16,Cash on Delivery,Refunded,0,4637.59,4637.59
ORD000938,CUST00361,2025-11-09,UPI,Cancelled,0,8607.47,8607.47
ORD000939,CUST00469,2025-04-20,Cash on Delivery,Cancelled,0,2729.5,2729.5
ORD000940,CUST00492,2024-01-24,Credit Card,Delivered,0,5311.32,5311.32
ORD000941,CUST00421,2025-04-18,Credit Card,Delivered,79,2158.52,2237.52
ORD000942,CUST00323,2025-03-29,Credit Card,Delivered,0,20047.94,20047.94
ORD000943,CUST00230,2025-11-02,UPI,Delivered,0,2555.8,2555.8
ORD000944,CUST00583,2025-01-11,Credit Card,Cancelled,0,7253.25,7253.25
ORD000945,CUST00395,2025-04-24,Credit Card,Delivered,99,964.34,1063.34
ORD000946,CUST00429,2024-08-09,Debit Card,Delivered,79,1404.18,1483.18
ORD000947,CUST00236,2024-11-13,Debit Card,Delivered,79,1443.02,1522.02
ORD000948,CUST00021,2024-08-19,UPI,Delivered,0,12153.29,12153.29
ORD000949,CUST00309,2025-10-24,UPI,Delivered,99,295.59,394.59
ORD000950,CUST00036,2024-12-04,Credit Card,Returned,0,8771.56,8771.56
ORD000951,CUST00465,2025-03-11,Debit Card,Delivered,79,2401.22,2480.22
ORD000952,CUST00333,2025-10-03,Debit Card,Delivered,99,2071.18,2170.18
ORD000953,CUST00485,2025-08-04,Credit Card,Returned,49,690.39,739.39
ORD000954,CUST00031,2025-10-08,Cash on Delivery,Delivered,0,6381.24,6381.24
ORD000955,CUST00486,2025-01-23,UPI,Delivered,49,2137.07,2186.07
ORD000956,CUST00453,2025-01-18,UPI,Delivered,0,4683.01,4683.01
ORD000957,CUST00266,2025-01-02,Credit Card,Delivered,0,16692.21,16692.21
ORD000958,CUST00111,2025-01-16,Cash on Delivery,Delivered,0,7249.55,7249.55
ORD000959,CUST00363,2024-10-09,UPI,Delivered,0,5311.32,5311.32
ORD000960,CUST00434,2025-12-12,UPI,Delivered,0,11311.48,11311.48
ORD000961,CUST00352,2025-11-29,Credit Card,Returned,0,3765.89,3765.89
ORD000962,CUST00251,2025-01-10,UPI,Delivered,0,5172.98,5172.98
ORD000963,CUST00461,2025-02-28,Debit Card,Returned,99,1593.45,1692.45
ORD000964,CUST00010,2025-02-15,Debit Card,Delivered,99,1125.49,1224.49
ORD000965,CUST00218,2025-12-25,Net Banking,Delivered,49,1572.6,1621.6
ORD000966,CUST00528,2024-11-15,UPI,Delivered,0,13435.0,13435.0
ORD000967,CUST00342,2025-06-20,Credit Card,Delivered,0,5503.36,5503.36
ORD000968,CUST00085,2025-12-06,Net Banking,Delivered,0,3852.5,3852.5
ORD000969,CUST00185,2025-11-15,Credit Card,Returned,0,11379.57,11379.57
ORD000970,CUST00196,2025-06-29,Credit Card,Delivered,0,28071.41,28071.41
ORD000971,CUST00397,2025-05-23,UPI,Delivered,0,8937.48,8937.48
ORD000972,CUST00299,2024-05-09,Cash on Delivery,Delivered,0,4941.42,4941.42
ORD000973,CUST00094,2025-12-18,Cash on Delivery,Delivered,0,4223.87,4223.87
ORD000974,CUST00420,2025-07-06,UPI,Delivered,0,5698.85,5698.85
ORD000975,CUST00287,2025-11-26,Cash on Delivery,Delivered,0,17360.83,17360.83
ORD000976,CUST00463,2024-12-05,Debit Card,Delivered,0,4683.01,4683.01
ORD000977,CUST00329,2025-09-04,Debit Card,Delivered,0,4796.7,4796.7
ORD000978,CUST00537,2024-12-18,UPI,Returned,0,3202.51,3202.51
ORD000979,CUST00475,2025-01-21,Credit Card,Delivered,49,1821.37,1870.37
ORD000980,CUST00056,2025-11-21,UPI,Delivered,0,4813.98,4813.98
ORD000981,CUST00459,2025-08-05,Cash on Delivery,Delivered,0,31733.62,31733.62
ORD000982,CUST00552,2025-11-24,Cash on Delivery,Delivered,0,5225.42,5225.42
ORD000983,CUST00526,2024-08-17,Credit Card,Delivered,99,280.03,379.03
ORD000984,CUST00035,2025-08-24,Debit Card,Cancelled,79,867.91,946.91
ORD000985,CUST00293,2024-07-12,Cash on Delivery,Delivered,0,15978.11,15978.11
ORD000986,CUST00269,2024-01-10,UPI,Returned,0,13681.73,13681.73
ORD000987,CUST00094,2025-10-26,UPI,Delivered,0,3455.46,3455.46
ORD000988,CUST00278,2025-11-04,UPI,Delivered,0,6857.11,6857.11
ORD000989,CUST00313,2024-06-14,Credit Card,Delivered,0,13202.48,13202.48
ORD000990,CUST00151,2025-06-10,Credit Card,Returned,0,3144.31,3144.31
ORD000991,CUST00474,2025-09-23,UPI,Returned,0,5793.49,5793.49
ORD000992,CUST00328,2024-08-14,UPI,Delivered,0,16953.6,16953.6
ORD000993,CUST00276,2024-06-25,Credit Card,Delivered,99,1134.82,1233.82
ORD000994,CUST00329,2024-12-07,Debit Card,Returned,0,14388.76,14388.76
ORD000995,CUST00276,2024-11-30,Cash on Delivery,Delivered,49,776.69,825.69
ORD000996,CUST00427,2025-03-02,Credit Card,Delivered,0,4749.04,4749.04
ORD000997,CUST00078,2025-12-07,Cash on Delivery,Delivered,0,4533.04,4533.04
ORD000998,CUST00328,2025-07-05,Debit Card,Returned,0,8547.16,8547.16
ORD000999,CUST00371,2024-06-11,Credit Card,Delivered,79,1134.82,1213.82
ORD001000,CUST00152,2024-03-27,Debit Card,Delivered,0,7337.58,7337.58
ORD001001,CUST00010,2025-02-18,UPI,Delivered,0,4999.33,4999.33
ORD001002,CUST00559,2025-03-15,Debit Card,Delivered,0,11275.35,11275.35
ORD001003,CUST00479,2025-07-14,Credit Card,Delivered,49,579.12,628.12
ORD001004,CUST00512,2025-11-10,UPI,Delivered,99,777.76,876.76
ORD001005,CUST00149,2025-08-05,Debit Card,Delivered,99,964.34,1063.34
ORD001006,CUST00146,2024-11-16,Cash on Delivery,Delivered,79,2374.52,2453.52
ORD001007,CUST00172,2025-07-28,Debit Card,Cancelled,0,2785.92,2785.92
ORD001008,CUST00360,2024-03-29,Credit Card,Delivered,0,14618.79,14618.79
ORD001009,CUST00093,2025-01-05,Cash on Delivery,Delivered,99,2038.6,2137.6
ORD001010,CUST00133,2025-04-17,Wallet,Delivered,0,4094.25,4094.25
ORD001011,CUST00157,2025-10-22,Debit Card,Refunded,99,2255.79,2354.79
ORD001012,CUST00408,2024-09-17,Cash on Delivery,Delivered,0,13914.22,13914.22
ORD001013,CUST00267,2025-02-04,UPI,Delivered,49,2374.52,2423.52
ORD001014,CUST00275,2025-02-28,Net Banking,Returned,0,8102.49,8102.49
ORD001015,CUST00343,2025-05-30,Credit Card,Delivered,79,1130.99,1209.99
ORD001016,CUST00035,2025-11-13,Credit Card,Delivered,49,264.48,313.48
ORD001017,CUST00080,2025-07-18,Wallet,Delivered,0,5180.02,5180.02
ORD001018,CUST00595,2024-12-22,Debit Card,Refunded,99,1841.22,1940.22
ORD001019,CUST00140,2024-07-11,Credit Card,Delivered,99,385.74,484.74
ORD001020,CUST00430,2025-07-29,Credit Card,Delivered,0,7213.81,7213.81
ORD001021,CUST00072,2025-12-28,Credit Card,Delivered,79,482.17,561.17
ORD001022,CUST00230,2025-05-23,Cash on Delivery,Delivered,79,2137.07,2216.07
ORD001023,CUST00434,2024-11-19,UPI,Delivered,79,1857.7,1936.7
ORD001024,CUST00031,2025-11-24,Credit Card,Delivered,0,2956.76,2956.76
ORD001025,CUST00562,2025-07-20,Credit Card,Delivered,0,28173.76,28173.76
ORD001026,CUST00421,2024-01-31,Credit Card,Delivered,0,4414.31,4414.31
ORD001027,CUST00313,2025-04-28,Net Banking,Delivered,0,9615.6,9615.6
ORD001028,CUST00239,2025-05-22,Credit Card,Delivered,0,8738.74,8738.74
ORD001029,CUST00354,2025-03-23,Debit Card,Delivered,0,7327.06,7327.06
ORD001030,CUST00422,2025-07-15,Net Banking,Delivered,99,2398.35,2497.35
ORD001031,CUST00591,2025-10-09,UPI,Delivered,0,6338.33,6338.33
ORD001032,CUST00570,2024-03-16,Credit Card,Delivered,99,1350.49,1449.49
ORD001033,CUST00371,2025-08-06,UPI,Delivered,0,16750.57,16750.57
ORD001034,CUST00534,2025-08-25,Net Banking,Delivered,49,2278.43,2327.43
ORD001035,CUST00502,2025-01-15,Credit Card,Delivered,0,2739.3,2739.3
ORD001036,CUST00097,2025-10-07,Credit Card,Delivered,0,22196.1,22196.1
ORD001037,CUST00156,2025-10-26,Debit Card,Cancelled,0,3018.46,3018.46
ORD001038,CUST00053,2025-05-17,Net Banking,Delivered,0,13976.18,13976.18
ORD001039,CUST00166,2025-11-29,UPI,Delivered,0,2832.58,2832.58
ORD001040,CUST00227,2025-07-05,UPI,Delivered,0,5961.87,5961.87
ORD001041,CUST00286,2025-08-13,Credit Card,Delivered,49,623.0,672.0
ORD001042,CUST00438,2025-04-01,Credit Card,Delivered,0,6964.43,6964.43
ORD001043,CUST00333,2025-03-28,Debit Card,Delivered,79,280.03,359.03
ORD001044,CUST00450,2024-10-09,Debit Card,Delivered,0,5840.87,5840.87
ORD001045,CUST00569,2024-11-03,UPI,Delivered,0,6653.65,6653.65
ORD001046,CUST00588,2025-01-27,UPI,Delivered,99,1500.54,1599.54
ORD001047,CUST00434,2025-01-27,Wallet,Delivered,0,9734.03,9734.03
ORD001048,CUST00348,2024-12-30,Credit Card,Refunded,0,3340.76,3340.76
ORD001049,CUST00172,2024-08-11,Credit Card,Delivered,0,4556.86,4556.86
ORD001050,CUST00401,2024-07-05,Debit Card,Delivered,49,433.95,482.95
ORD001051,CUST00318,2025-11-04,Net Banking,Delivered,49,529.55,578.55
ORD001052,CUST00279,2025-12-30,Credit Card,Cancelled,49,311.15,360.15
ORD001053,CUST00286,2025-10-10,Credit Card,Delivered,0,3129.44,3129.44
ORD001054,CUST00173,2025-12-20,UPI,Delivered,0,10879.88,10879.88
ORD001055,CUST00494,2025-01-18,UPI,Delivered,0,13515.47,13515.47
ORD001056,CUST00157,2025-10-25,Credit Card,Cancelled,0,6055.03,6055.03
ORD001057,CUST00461,2025-10-21,Debit Card,Delivered,99,1603.35,1702.35
ORD001058,CUST00313,2024-08-04,Wallet,Delivered,0,4556.86,4556.86
ORD001059,CUST00279,2025-10-20,UPI,Delivered,0,9353.22,9353.22
ORD001060,CUST00142,2025-07-13,Debit Card,Delivered,49,862.99,911.99
ORD001061,CUST00230,2025-08-06,UPI,Delivered,0,8908.88,8908.88
ORD001062,CUST00374,2025-09-05,UPI,Delivered,0,5616.54,5616.54
ORD001063,CUST00201,2025-11-02,Net Banking,Delivered,79,600.22,679.22
ORD001064,CUST00468,2025-03-18,UPI,Delivered,49,248.92,297.92
ORD001065,CUST00088,2024-09-07,Debit Card,Delivered,0,3239.22,3239.22
ORD001066,CUST00299,2024-10-05,UPI,Cancelled,49,1982.71,2031.71
ORD001067,CUST00549,2025-09-14,Net Banking,Delivered,79,750.27,829.27
ORD001068,CUST00430,2025-08-03,UPI,Delivered,0,5196.5,5196.5
ORD001069,CUST00579,2024-06-26,UPI,Delivered,99,1519.65,1618.65
ORD001070,CUST00329,2024-11-19,Credit Card,Delivered,0,2901.59,2901.59
ORD001071,CUST00562,2024-05-01,Cash on Delivery,Delivered,0,13585.19,13585.19
ORD001072,CUST00248,2025-08-18,UPI,Delivered,0,17750.08,17750.08
ORD001073,CUST00341,2025-09-13,Net Banking,Returned,0,7337.58,7337.58
ORD001074,CUST00410,2025-03-15,UPI,Delivered,0,7330.55,7330.55
ORD001075,CUST00484,2025-11-30,Wallet,Returned,0,5280.26,5280.26
ORD001076,CUST00366,2025-09-11,UPI,Delivered,0,3148.62,3148.62
ORD001077,CUST00351,2025-09-08,Wallet,Delivered,0,14709.47,14709.47
ORD001078,CUST00059,2024-05-02,UPI,Delivered,0,11300.88,11300.88
ORD001079,CUST00547,2025-10-21,Debit Card,Delivered,79,1269.06,1348.06
ORD001080,CUST00559,2025-04-02,Credit Card,Delivered,0,3620.79,3620.79
ORD001081,CUST00421,2024-12-30,UPI,Returned,79,311.15,390.15
ORD001082,CUST00309,2025-07-01,Debit Card,Delivered,0,5552.4,5552.4
ORD001083,CUST00229,2025-08-20,Net Banking,Delivered,0,29117.44,29117.44
ORD001084,CUST00286,2025-08-26,Credit Card,Delivered,0,5871.39,5871.39
ORD001085,CUST00195,2024-10-27,Wallet,Delivered,49,2374.52,2423.52
ORD001086,CUST00405,2025-01-23,Credit Card,Delivered,79,311.15,390.15
ORD001087,CUST00329,2024-09-06,Credit Card,Delivered,79,2038.6,2117.6
ORD001088,CUST00434,2025-12-05,Cash on Delivery,Delivered,79,771.47,850.47
ORD001089,CUST00495,2025-04-18,Net Banking,Delivered,79,2255.79,2334.79
ORD001090,CUST00329,2025-02-20,Debit Card,Delivered,99,2218.4,2317.4
ORD001091,CUST00063,2025-12-05,Debit Card,Delivered,49,1467.08,1516.08
ORD001092,CUST00447,2025-01-05,Credit Card,Delivered,0,4274.14,4274.14
ORD001093,CUST00239,2025-05-17,Credit Card,Delivered,0,8845.42,8845.42
ORD001094,CUST00333,2025-04-03,UPI,Delivered,79,482.17,561.17
ORD001095,CUST00434,2025-05-21,UPI,Delivered,49,482.17,531.17
ORD001096,CUST00121,2025-07-14,Wallet,Refunded,0,10686.37,10686.37
ORD001097,CUST00145,2024-11-08,Net Banking,Delivered,0,3020.89,3020.89
ORD001098,CUST00509,2025-05-01,UPI,Delivered,0,5987.26,5987.26
ORD001099,CUST00237,2025-03-20,Credit Card,Delivered,0,13144.86,13144.86
ORD001100,CUST00131,2024-11-23,Wallet,Delivered,99,1603.35,1702.35
ORD001101,CUST00468,2025-09-20,Credit Card,Delivered,0,3075.19,3075.19
ORD001102,CUST00167,2025-10-29,Credit Card,Delivered,0,3975.85,3975.85
ORD001103,CUST00348,2024-09-15,Cash on Delivery,Delivered,0,4772.1,4772.1
ORD001104,CUST00180,2025-11-20,Credit Card,Delivered,0,2506.73,2506.73
ORD001105,CUST00249,2025-07-16,Debit Card,Delivered,0,3846.22,3846.22
ORD001106,CUST00017,2024-12-26,Debit Card,Delivered,0,2966.37,2966.37
ORD001107,CUST00157,2024-11-18,Credit Card,Delivered,0,3097.32,3097.32
ORD001108,CUST00071,2025-08-05,Credit Card,Delivered,0,2771.48,2771.48
ORD001109,CUST00559,2025-03-30,UPI,Delivered,0,11713.25,11713.25
ORD001110,CUST00510,2024-09-01,Debit Card,Returned,0,8062.29,8062.29
ORD001111,CUST00209,2024-11-14,UPI,Delivered,0,5469.04,5469.04
ORD001112,CUST00299,2024-11-05,Cash on Delivery,Delivered,99,1350.49,1449.49
ORD001113,CUST00223,2025-01-04,Cash on Delivery,Delivered,0,7311.62,7311.62
ORD001114,CUST00251,2024-08-06,Credit Card,Returned,0,15535.28,15535.28
ORD001115,CUST00558,2025-11-27,Debit Card,Delivered,0,6984.89,6984.89
ORD001116,CUST00558,2024-07-02,Credit Card,Delivered,0,3235.57,3235.57
ORD001117,CUST00477,2025-04-21,Cash on Delivery,Delivered,0,10718.2,10718.2
ORD001118,CUST00396,2024-12-06,Wallet,Cancelled,0,10843.75,10843.75
ORD001119,CUST00438,2025-01-17,Debit Card,Delivered,0,2678.78,2678.78
ORD001120,CUST00201,2025-04-16,Credit Card,Delivered,49,623.0,672.0
ORD001121,CUST00422,2024-04-15,Wallet,Delivered,0,3506.19,3506.19
ORD001122,CUST00227,2025-07-08,Credit Card,Returned,0,3335.6,3335.6
ORD001123,CUST00061,2025-11-10,Credit Card,Returned,0,15564.31,15564.31
ORD001124,CUST00237,2025-04-07,Cash on Delivery,Refunded,49,862.99,911.99
ORD001125,CUST00089,2025-04-19,Cash on Delivery,Delivered,99,2459.52,2558.52
ORD001126,CUST00573,2024-04-22,Wallet,Delivered,0,7395.14,7395.14
ORD001127,CUST00039,2025-10-09,Credit Card,Delivered,0,3944.49,3944.49
ORD001128,CUST00310,2025-11-10,Credit Card,Delivered,0,6858.3,6858.3
ORD001129,CUST00032,2025-07-27,Cash on Delivery,Delivered,99,2018.34,2117.34
ORD001130,CUST00078,2025-06-12,UPI,Delivered,0,14790.22,14790.22
ORD001131,CUST00178,2024-11-13,Debit Card,Delivered,99,862.99,961.99
ORD001132,CUST00267,2025-02-17,Debit Card,Delivered,99,409.84,508.84
ORD001133,CUST00397,2025-01-01,UPI,Delivered,0,4083.12,4083.12
ORD001134,CUST00068,2025-11-16,Debit Card,Delivered,0,7423.94,7423.94
ORD001135,CUST00534,2025-04-04,Net Banking,Delivered,49,1821.37,1870.37
ORD001136,CUST00068,2025-06-25,Credit Card,Returned,0,8696.16,8696.16
ORD001137,CUST00016,2024-12-02,Net Banking,Delivered,0,5290.26,5290.26
ORD001138,CUST00463,2025-06-09,Wallet,Delivered,0,5246.37,5246.37
ORD001139,CUST00154,2025-09-08,Net Banking,Delivered,99,1248.67,1347.67
ORD001140,CUST00338,2025-09-30,Net Banking,Delivered,49,2255.79,2304.79
ORD001141,CUST00445,2024-09-19,Net Banking,Returned,0,4511.59,4511.59
ORD001142,CUST00286,2025-08-30,UPI,Delivered,0,8870.31,8870.31
ORD001143,CUST00038,2025-12-07,Credit Card,Delivered,0,2560.85,2560.85
ORD001144,CUST00333,2025-10-02,Wallet,Delivered,0,7771.09,7771.09
ORD001145,CUST00279,2025-12-16,UPI,Delivered,49,482.17,531.17
ORD001146,CUST00157,2025-02-23,Debit Card,Delivered,0,7101.19,7101.19
ORD001147,CUST00003,2024-06-09,UPI,Delivered,0,5910.92,5910.92
ORD001148,CUST00156,2025-10-18,Credit Card,Delivered,0,3108.06,3108.06
ORD001149,CUST00457,2025-07-10,Debit Card,Delivered,0,4770.81,4770.81
ORD001150,CUST00124,2024-07-01,Cash on Delivery,Returned,0,4796.7,4796.7
ORD001151,CUST00464,2024-12-17,UPI,Delivered,0,9666.81,9666.81
ORD001152,CUST00519,2024-02-04,Net Banking,Delivered,0,4585.29,4585.29
ORD001153,CUST00562,2024-02-07,Cash on Delivery,Delivered,79,2398.35,2477.35
ORD001154,CUST00151,2025-08-18,UPI,Delivered,0,6055.03,6055.03
ORD001155,CUST00347,2024-06-26,Debit Card,Delivered,0,10233.16,10233.16
ORD001156,CUST00236,2025-08-16,Net Banking,Delivered,0,16509.56,16509.56
ORD001157,CUST00329,2024-12-15,Cash on Delivery,Delivered,0,17319.22,17319.22
ORD001158,CUST00172,2024-07-24,UPI,Cancelled,0,6529.37,6529.37
ORD001159,CUST00396,2025-11-27,UPI,Delivered,99,1425.51,1524.51
ORD001160,CUST00076,2025-05-27,UPI,Delivered,99,1728.17,1827.17
ORD001161,CUST00328,2025-12-25,Credit Card,Delivered,99,458.06,557.06
ORD001162,CUST00575,2025-08-26,UPI,Delivered,99,1781.4,1880.4
ORD001163,CUST00448,2025-05-10,Credit Card,Returned,0,4008.19,4008.19
ORD001164,CUST00459,2025-08-22,Cash on Delivery,Delivered,0,4940.19,4940.19
ORD001165,CUST00012,2024-04-24,Wallet,Delivered,0,3773.34,3773.34
ORD001166,CUST00248,2025-10-19,Credit Card,Delivered,0,9159.36,9159.36
ORD001167,CUST00528,2025-03-16,UPI,Delivered,0,2781.52,2781.52
ORD001168,CUST00323,2025-10-19,Credit Card,Delivered,0,13144.99,13144.99
ORD001169,CUST00178,2025-01-18,UPI,Delivered,49,647.02,696.02
ORD001170,CUST00248,2024-03-01,UPI,Delivered,0,15955.1,15955.1
ORD001171,CUST00476,2025-11-11,Credit Card,Delivered,0,4749.04,4749.04
ORD001172,CUST00486,2025-01-30,UPI,Delivered,0,5278.42,5278.42
ORD001173,CUST00093,2024-11-02,Credit Card,Delivered,0,3568.3,3568.3
ORD001174,CUST00021,2024-06-06,UPI,Delivered,49,458.06,507.06
ORD001175,CUST00286,2025-08-12,UPI,Delivered,0,17437.57,17437.57
ORD001176,CUST00058,2025-02-02,Credit Card,Cancelled,79,2389.85,2468.85
ORD001177,CUST00156,2025-09-28,Cash on Delivery,Delivered,0,2619.77,2619.77
ORD001178,CUST00410,2025-02-23,Cash on Delivery,Delivered,0,7206.24,7206.24
ORD001179,CUST00315,2024-08-18,UPI,Delivered,0,4226.19,4226.19
ORD001180,CUST00237,2025-03-25,UPI,Delivered,0,5744.68,5744.68
ORD001181,CUST00309,2025-02-21,UPI,Returned,0,3020.65,3020.65
ORD001182,CUST00587,2024-12-08,UPI,Delivered,0,11464.3,11464.3
ORD001183,CUST00532,2025-11-19,Cash on Delivery,Delivered,0,8934.68,8934.68
ORD001184,CUST00228,2024-12-08,Credit Card,Delivered,0,5233.15,5233.15
ORD001185,CUST00266,2025-12-07,Credit Card,Delivered,79,1175.42,1254.42
ORD001186,CUST00371,2024-06-11,Debit Card,Delivered,0,4130.64,4130.64
ORD001187,CUST00542,2025-08-10,Debit Card,Returned,0,3150.79,3150.79
ORD001188,CUST00176,2025-03-16,Credit Card,Delivered,0,3547.8,3547.8
ORD001189,CUST00438,2024-01-09,Wallet,Delivered,49,1425.51,1474.51
ORD001190,CUST00408,2025-05-26,UPI,Returned,49,1500.54,1549.54
ORD001191,CUST00402,2025-11-12,Credit Card,Delivered,99,433.95,532.95
ORD001192,CUST00064,2025-03-06,Debit Card,Delivered,0,5747.67,5747.67
ORD001193,CUST00484,2025-12-25,Wallet,Delivered,0,3975.85,3975.85
ORD001194,CUST00461,2025-02-28,Credit Card,Refunded,0,6437.73,6437.73
ORD001195,CUST00093,2024-07-18,Net Banking,Delivered,79,1103.24,1182.24
ORD001196,CUST00480,2025-12-02,Net Banking,Delivered,0,3219.99,3219.99
ORD001197,CUST00035,2025-08-08,Debit Card,Delivered,0,11233.83,11233.83
ORD001198,CUST00102,2025-08-21,Credit Card,Delivered,79,867.91,946.91
ORD001199,CUST00359,2024-11-06,Cash on Delivery,Cancelled,0,46413.45,46413.45
ORD001200,CUST00152,2025-06-30,Debit Card,Delivered,79,1523.18,1602.18
ORD001201,CUST00178,2024-10-07,UPI,Delivered,99,295.59,394.59
ORD001202,CUST00113,2024-04-02,Cash on Delivery,Delivered,0,4514.62,4514.62
ORD001203,CUST00014,2025-11-09,UPI,Returned,99,964.34,1063.34
ORD001204,CUST00496,2025-04-20,Wallet,Delivered,49,2477.16,2526.16
ORD001205,CUST00380,2024-07-20,Debit Card,Delivered,0,5751.66,5751.66
ORD001206,CUST00332,2025-03-10,UPI,Delivered,0,2588.97,2588.97
ORD001207,CUST00381,2024-11-13,UPI,Delivered,0,5997.09,5997.09
ORD001208,CUST00471,2024-08-29,Cash on Delivery,Delivered,79,2374.52,2453.52
ORD001209,CUST00502,2025-11-15,Debit Card,Refunded,0,7037.3,7037.3
ORD001210,CUST00278,2024-07-13,Credit Card,Delivered,49,819.84,868.84
ORD001211,CUST00084,2025-01-20,Credit Card,Delivered,0,4629.12,4629.12
ORD001212,CUST00382,2024-11-27,Net Banking,Delivered,0,3168.4,3168.4
ORD001213,CUST00535,2025-10-19,Credit Card,Delivered,49,1918.68,1967.68
ORD001214,CUST00014,2025-11-18,Credit Card,Delivered,0,3680.66,3680.66
ORD001215,CUST00227,2025-06-26,UPI,Returned,0,4749.04,4749.04
ORD001216,CUST00021,2024-06-05,Wallet,Delivered,79,1707.77,1786.77
ORD001217,CUST00465,2025-11-18,Debit Card,Delivered,0,5401.51,5401.51
ORD001218,CUST00580,2025-07-15,Credit Card,Delivered,0,3846.22,3846.22
ORD001219,CUST00468,2025-07-02,UPI,Delivered,49,2374.52,2423.52
ORD001220,CUST00526,2024-10-08,Credit Card,Delivered,99,2453.1,2552.1
ORD001221,CUST00190,2025-10-09,Cash on Delivery,Cancelled,0,3118.78,3118.78
ORD001222,CUST00101,2025-12-16,Credit Card,Delivered,0,3814.74,3814.74
ORD001223,CUST00010,2025-12-01,Credit Card,Cancelled,79,2013.19,2092.19
ORD001224,CUST00407,2025-06-14,Wallet,Delivered,0,5297.77,5297.77
ORD001225,CUST00053,2025-12-22,Credit Card,Delivered,0,19615.88,19615.88
ORD001226,CUST00069,2025-10-07,UPI,Delivered,0,8254.78,8254.78
ORD001227,CUST00087,2025-09-09,UPI,Delivered,0,6206.0,6206.0
ORD001228,CUST00534,2025-12-21,Credit Card,Returned,99,1118.29,1217.29
ORD001229,CUST00495,2025-11-20,UPI,Delivered,79,712.76,791.76
ORD001230,CUST00558,2025-07-14,Debit Card,Cancelled,79,409.84,488.84
ORD001231,CUST00196,2025-12-20,UPI,Delivered,0,15124.27,15124.27
ORD001232,CUST00137,2024-01-30,UPI,Delivered,79,1270.73,1349.73
ORD001233,CUST00534,2024-12-27,Credit Card,Delivered,0,6171.56,6171.56
ORD001234,CUST00239,2025-06-12,Debit Card,Delivered,0,5792.38,5792.38
ORD001235,CUST00323,2025-11-27,Credit Card,Delivered,0,2567.56,2567.56
ORD001236,CUST00039,2025-06-03,Credit Card,Delivered,0,20358.68,20358.68
ORD001237,CUST00002,2025-10-30,Credit Card,Returned,49,458.06,507.06
ORD001238,CUST00371,2025-04-09,Wallet,Delivered,99,482.17,581.17
ORD001239,CUST00600,2024-12-15,Net Banking,Delivered,0,5294.86,5294.86
ORD001240,CUST00429,2025-09-05,UPI,Delivered,79,964.34,1043.34
ORD001241,CUST00075,2024-06-24,Net Banking,Returned,0,11470.21,11470.21
ORD001242,CUST00194,2024-06-08,Credit Card,Delivered,0,4094.25,4094.25
ORD001243,CUST00184,2024-05-25,Debit Card,Delivered,0,24291.96,24291.96
ORD001244,CUST00201,2024-11-18,UPI,Cancelled,0,9775.36,9775.36
ORD001245,CUST00463,2024-10-06,Debit Card,Delivered,0,11059.55,11059.55
ORD001246,CUST00299,2025-05-15,Wallet,Delivered,0,13211.68,13211.68
ORD001247,CUST00180,2025-12-19,Credit Card,Delivered,0,18089.33,18089.33
ORD001248,CUST00553,2025-10-11,Credit Card,Delivered,0,6587.75,6587.75
ORD001249,CUST00585,2025-01-26,Credit Card,Delivered,0,32869.17,32869.17
ORD001250,CUST00076,2025-09-20,Wallet,Delivered,0,11745.72,11745.72
ORD001251,CUST00456,2025-06-24,Credit Card,Delivered,79,1249.86,1328.86
ORD001252,CUST00567,2024-01-11,Credit Card,Cancelled,0,5904.15,5904.15
ORD001253,CUST00374,2025-09-01,Cash on Delivery,Returned,49,2386.05,2435.05
ORD001254,CUST00024,2024-09-13,Debit Card,Returned,0,3942.0,3942.0
ORD001255,CUST00473,2025-03-28,Debit Card,Delivered,0,5510.11,5510.11
ORD001256,CUST00335,2025-10-08,UPI,Delivered,49,2073.63,2122.63
ORD001257,CUST00378,2024-12-29,Debit Card,Returned,49,1513.41,1562.41
ORD001258,CUST00279,2025-11-02,UPI,Delivered,49,409.84,458.84
ORD001259,CUST00549,2025-08-30,Cash on Delivery,Delivered,99,680.13,779.13
ORD001260,CUST00033,2025-12-10,UPI,Delivered,0,9670.88,9670.88
ORD001261,CUST00068,2024-12-21,UPI,Delivered,0,3129.76,3129.76
ORD001262,CUST00530,2025-12-10,Credit Card,Delivered,0,6474.94,6474.94
ORD001263,CUST00347,2024-11-15,Credit Card,Delivered,0,3568.02,3568.02
ORD001264,CUST00585,2024-11-07,Credit Card,Delivered,49,600.22,649.22
ORD001265,CUST00031,2024-07-19,Net Banking,Delivered,0,10696.09,10696.09
ORD001266,CUST00240,2025-10-08,Wallet,Delivered,0,9896.06,9896.06
ORD001267,CUST00227,2025-07-24,UPI,Delivered,79,964.34,1043.34
ORD001268,CUST00463,2024-05-13,UPI,Delivered,0,11736.4,11736.4
ORD001269,CUST00373,2025-02-19,UPI,Delivered,79,862.99,941.99
ORD001270,CUST00404,2025-05-04,Wallet,Delivered,0,18012.06,18012.06
ORD001271,CUST00237,2025-03-27,Credit Card,Delivered,0,4810.05,4810.05
ORD001272,CUST00078,2025-11-03,Debit Card,Delivered,0,4668.41,4668.41
ORD001273,CUST00553,2025-05-17,Debit Card,Delivered,0,15887.55,15887.55
ORD001274,CUST00450,2024-12-05,Credit Card,Delivered,0,4725.69,4725.69
ORD001275,CUST00548,2025-09-10,UPI,Delivered,49,2293.86,2342.86
ORD001276,CUST00279,2025-12-01,UPI,Delivered,0,2592.95,2592.95
ORD001277,CUST00283,2025-11-06,UPI,Returned,0,8356.33,8356.33
ORD001278,CUST00558,2024-04-07,Net Banking,Delivered,79,2374.52,2453.52
ORD001279,CUST00459,2025-07-29,Debit Card,Delivered,0,22295.98,22295.98
ORD001280,CUST00286,2025-08-17,UPI,Delivered,49,458.06,507.06
ORD001281,CUST00038,2025-07-15,Debit Card,Returned,0,4739.58,4739.58
ORD001282,CUST00359,2024-04-04,UPI,Delivered,0,7339.46,7339.46
ORD001283,CUST00568,2024-10-22,Debit Card,Delivered,0,4983.25,4983.25
ORD001284,CUST00157,2025-06-13,UPI,Delivered,79,762.2,841.2
ORD001285,CUST00117,2025-09-10,UPI,Returned,0,5803.28,5803.28
ORD001286,CUST00143,2024-10-28,Credit Card,Delivered,0,6976.78,6976.78
ORD001287,CUST00286,2025-09-03,Credit Card,Delivered,0,2576.74,2576.74
ORD001288,CUST00335,2025-11-02,Cash on Delivery,Cancelled,0,16223.62,16223.62
ORD001289,CUST00430,2025-08-05,Wallet,Delivered,0,6987.36,6987.36
ORD001290,CUST00470,2024-10-07,Debit Card,Delivered,0,5821.98,5821.98
ORD001291,CUST00422,2024-12-18,Credit Card,Delivered,0,7976.32,7976.32
ORD001292,CUST00140,2025-09-10,Cash on Delivery,Delivered,0,9623.57,9623.57
ORD001293,CUST00076,2025-10-02,Credit Card,Delivered,0,4914.12,4914.12
ORD001294,CUST00453,2024-10-19,UPI,Cancelled,0,9336.83,9336.83
ORD001295,CUST00569,2024-03-09,Credit Card,Delivered,0,10468.25,10468.25
ORD001296,CUST00547,2025-10-29,UPI,Delivered,0,29248.2,29248.2
ORD001297,CUST00313,2025-06-26,Credit Card,Delivered,79,1425.51,1504.51
ORD001298,CUST00157,2025-01-25,Credit Card,Delivered,0,4177.0,4177.0
ORD001299,CUST00581,2025-03-30,UPI,Delivered,0,9970.22,9970.22
ORD001300,CUST00531,2024-12-18,UPI,Delivered,0,3837.36,3837.36
ORD001301,CUST00547,2025-10-29,Cash on Delivery,Returned,0,18011.63,18011.63
ORD001302,CUST00488,2024-05-08,Credit Card,Delivered,0,5664.39,5664.39
ORD001303,CUST00583,2024-11-23,Credit Card,Delivered,49,373.11,422.11
ORD001304,CUST00037,2025-05-05,UPI,Delivered,0,4644.16,4644.16
ORD001305,CUST00329,2024-12-08,UPI,Delivered,49,712.76,761.76
ORD001306,CUST00255,2025-06-14,Credit Card,Delivered,79,1834.33,1913.33
ORD001307,CUST00047,2025-10-01,Credit Card,Delivered,0,7674.72,7674.72
ORD001308,CUST00072,2024-11-13,Credit Card,Delivered,49,1282.68,1331.68
ORD001309,CUST00400,2025-09-06,UPI,Delivered,0,3059.91,3059.91
ORD001310,CUST00005,2024-08-13,Credit Card,Delivered,0,5231.21,5231.21
ORD001311,CUST00309,2024-04-13,Credit Card,Delivered,79,2313.93,2392.93
ORD001312,CUST00448,2024-03-06,UPI,Delivered,79,409.84,488.84
ORD001313,CUST00534,2025-03-19,Credit Card,Delivered,0,17196.72,17196.72
ORD001314,CUST00379,2024-12-03,Debit Card,Delivered,0,6037.7,6037.7
ORD001315,CUST00559,2025-03-10,UPI,Delivered,79,712.76,791.76
ORD001316,CUST00153,2025-08-20,UPI,Delivered,99,819.69,918.69
ORD001317,CUST00422,2024-11-16,Wallet,Delivered,0,5260.68,5260.68
ORD001318,CUST00548,2025-09-10,Debit Card,Delivered,79,1000.15,1079.15
ORD001319,CUST00131,2025-05-29,Credit Card,Delivered,49,637.73,686.73
ORD001320,CUST00442,2025-06-06,UPI,Delivered,49,1781.44,1830.44
ORD001321,CUST00361,2025-11-12,Wallet,Delivered,0,13434.71,13434.71
ORD001322,CUST00518,2025-04-21,Credit Card,Delivered,0,6360.63,6360.63
ORD001323,CUST00342,2025-05-03,Debit Card,Delivered,0,3045.37,3045.37
ORD001324,CUST00391,2025-12-07,Debit Card,Delivered,0,17658.36,17658.36
ORD001325,CUST00266,2025-11-29,Credit Card,Delivered,0,4603.11,4603.11
ORD001326,CUST00003,2024-08-21,Credit Card,Delivered,49,591.18,640.18
ORD001327,CUST00372,2025-12-06,Credit Card,Delivered,49,1350.49,1399.49
ORD001328,CUST00421,2025-03-16,Credit Card,Returned,0,9694.47,9694.47
ORD001329,CUST00475,2025-05-27,Cash on Delivery,Delivered,0,34852.96,34852.96
ORD001330,CUST00031,2024-03-31,UPI,Returned,79,1603.35,1682.35
ORD001331,CUST00558,2024-08-17,UPI,Delivered,99,657.82,756.82
ORD001332,CUST00273,2025-02-02,Net Banking,Delivered,0,4796.7,4796.7
ORD001333,CUST00231,2025-12-30,Debit Card,Delivered,0,9560.38,9560.38
ORD001334,CUST00555,2025-09-02,UPI,Delivered,0,15470.23,15470.23
ORD001335,CUST00232,2024-02-11,UPI,Delivered,0,8236.8,8236.8
ORD001336,CUST00187,2025-12-27,Debit Card,Delivered,0,8096.55,8096.55
ORD001337,CUST00143,2025-05-15,Debit Card,Delivered,0,9171.98,9171.98
ORD001338,CUST00559,2025-11-04,Credit Card,Delivered,0,9878.93,9878.93
ORD001339,CUST00387,2024-11-01,Wallet,Delivered,99,622.3,721.3
ORD001340,CUST00285,2025-04-25,UPI,Delivered,0,6708.45,6708.45
ORD001341,CUST00552,2024-09-23,Credit Card,Cancelled,49,2395.36,2444.36
ORD001342,CUST00014,2025-11-13,Debit Card,Returned,0,11381.62,11381.62
ORD001343,CUST00373,2024-03-03,Debit Card,Returned,99,2290.14,2389.14
ORD001344,CUST00570,2024-09-23,Credit Card,Delivered,0,5311.32,5311.32
ORD001345,CUST00228,2024-10-06,UPI,Delivered,0,3348.51,3348.51
ORD001346,CUST00509,2025-05-03,UPI,Delivered,99,2434.17,2533.17
ORD001347,CUST00434,2024-02-02,Debit Card,Delivered,0,5176.57,5176.57
ORD001348,CUST00094,2025-04-15,Cash on Delivery,Delivered,0,5045.75,5045.75
ORD001349,CUST00502,2024-09-13,Cash on Delivery,Delivered,0,2588.97,2588.97
ORD001350,CUST00258,2024-07-16,UPI,Returned,79,2191.53,2270.53
ORD001351,CUST00019,2024-07-17,Debit Card,Delivered,0,4796.7,4796.7
ORD001352,CUST00030,2025-06-01,Credit Card,Delivered,0,12832.98,12832.98
ORD001353,CUST00453,2024-11-15,Debit Card,Delivered,0,11356.68,11356.68
ORD001354,CUST00382,2024-04-17,Credit Card,Delivered,99,1603.35,1702.35
ORD001355,CUST00291,2025-11-03,UPI,Delivered,0,4511.59,4511.59
ORD001356,CUST00279,2025-10-18,Net Banking,Delivered,49,482.17,531.17
ORD001357,CUST00244,2025-08-05,Debit Card,Refunded,0,2832.39,2832.39
ORD001358,CUST00249,2024-01-27,Wallet,Delivered,0,16201.2,16201.2
ORD001359,CUST00178,2025-11-30,Credit Card,Delivered,99,2398.35,2497.35
ORD001360,CUST00083,2024-04-20,Credit Card,Delivered,79,2374.52,2453.52
ORD001361,CUST00453,2025-09-30,Credit Card,Delivered,0,6767.38,6767.38
ORD001362,CUST00538,2024-01-09,Credit Card,Delivered,79,637.73,716.73
ORD001363,CUST00427,2024-12-03,Debit Card,Delivered,0,7707.44,7707.44
ORD001364,CUST00287,2024-01-12,Net Banking,Delivered,49,579.12,628.12
ORD001365,CUST00135,2024-11-30,Credit Card,Delivered,0,10763.48,10763.48
ORD001366,CUST00429,2024-05-15,Credit Card,Delivered,79,2398.35,2477.35
ORD001367,CUST00573,2024-12-15,Debit Card,Delivered,0,8763.32,8763.32
ORD001368,CUST00573,2024-02-18,UPI,Delivered,49,2073.63,2122.63
ORD001369,CUST00020,2025-10-12,UPI,Delivered,0,3040.63,3040.63
ORD001370,CUST00526,2024-06-13,Debit Card,Delivered,0,2969.63,2969.63
ORD001371,CUST00533,2024-11-06,UPI,Delivered,49,1913.19,1962.19
ORD001372,CUST00117,2025-08-30,UPI,Delivered,0,13281.38,13281.38
ORD001373,CUST00359,2025-08-02,UPI,Delivered,0,13470.44,13470.44
ORD001374,CUST00237,2025-12-23,Cash on Delivery,Delivered,0,12772.67,12772.67
ORD001375,CUST00137,2024-07-17,Cash on Delivery,Delivered,0,5594.76,5594.76
ORD001376,CUST00030,2024-12-23,UPI,Delivered,0,7954.48,7954.48
ORD001377,CUST00172,2025-09-04,UPI,Delivered,0,5440.09,5440.09
ORD001378,CUST00505,2025-01-05,Credit Card,Delivered,0,2901.73,2901.73
ORD001379,CUST00277,2024-04-25,Cash on Delivery,Delivered,49,2398.35,2447.35
ORD001380,CUST00559,2025-03-29,UPI,Delivered,49,549.01,598.01
ORD001381,CUST00176,2025-07-01,Credit Card,Delivered,0,7220.91,7220.91
ORD001382,CUST00589,2025-05-02,UPI,Delivered,0,4811.21,4811.21
ORD001383,CUST00465,2025-11-10,Credit Card,Delivered,49,591.85,640.85
ORD001384,CUST00304,2024-12-05,UPI,Delivered,0,5431.84,5431.84
ORD001385,CUST00268,2024-01-27,Net Banking,Delivered,0,15677.56,15677.56
ORD001386,CUST00418,2025-04-06,Credit Card,Cancelled,49,482.17,531.17
ORD001387,CUST00600,2024-07-08,Wallet,Delivered,0,2631.22,2631.22
ORD001388,CUST00502,2024-09-27,Credit Card,Delivered,0,2734.64,2734.64
ORD001389,CUST00236,2024-11-16,Cash on Delivery,Delivered,79,433.95,512.95
ORD001390,CUST00206,2025-12-04,Credit Card,Delivered,99,482.17,581.17
ORD001391,CUST00032,2025-02-18,UPI,Delivered,0,7123.56,7123.56
ORD001392,CUST00541,2024-09-22,Debit Card,Delivered,0,11074.24,11074.24
ORD001393,CUST00236,2024-11-15,Credit Card,Delivered,49,1404.18,1453.18
ORD001394,CUST00251,2025-10-23,Debit Card,Delivered,0,15839.63,15839.63
ORD001395,CUST00147,2024-01-19,Cash on Delivery,Delivered,99,996.8,1095.8
ORD001396,CUST00504,2024-04-17,Credit Card,Delivered,99,1586.61,1685.61
ORD001397,CUST00262,2024-11-29,Debit Card,Delivered,0,4657.72,4657.72
ORD001398,CUST00304,2025-09-24,UPI,Cancelled,0,27502.99,27502.99
ORD001399,CUST00119,2025-12-10,Debit Card,Delivered,0,11568.45,11568.45
ORD001400,CUST00517,2024-06-15,Credit Card,Delivered,0,4274.14,4274.14
ORD001401,CUST00482,2024-11-29,Cash on Delivery,Delivered,0,2681.09,2681.09
ORD001402,CUST00450,2024-04-08,Credit Card,Delivered,99,1762.59,1861.59
ORD001403,CUST00463,2024-09-02,UPI,Delivered,0,9029.24,9029.24
ORD001404,CUST00485,2025-06-14,Cash on Delivery,Cancelled,0,4749.04,4749.04
ORD001405,CUST00391,2025-07-08,Credit Card,Delivered,0,2800.56,2800.56
ORD001406,CUST00551,2024-12-19,Credit Card,Delivered,0,3799.23,3799.23
ORD001407,CUST00316,2025-09-12,UPI,Delivered,79,2374.52,2453.52
ORD001408,CUST00502,2024-11-07,Cash on Delivery,Delivered,0,13138.92,13138.92
ORD001409,CUST00583,2024-11-21,UPI,Returned,99,409.84,508.84
ORD001410,CUST00558,2024-02-09,Net Banking,Delivered,79,623.0,702.0
ORD001411,CUST00032,2024-03-08,UPI,Delivered,0,4317.03,4317.03
ORD001412,CUST00236,2024-12-25,UPI,Returned,79,1500.54,1579.54
ORD001413,CUST00542,2025-07-09,Credit Card,Delivered,49,1821.37,1870.37
ORD001414,CUST00304,2025-04-29,Net Banking,Returned,99,1500.54,1599.54
ORD001415,CUST00434,2024-12-01,Credit Card,Delivered,49,2038.6,2087.6
ORD001416,CUST00014,2025-10-23,UPI,Returned,0,10928.89,10928.89
ORD001417,CUST00600,2025-12-08,UPI,Delivered,0,5515.3,5515.3
ORD001418,CUST00383,2025-12-31,UPI,Delivered,0,5518.64,5518.64
ORD001419,CUST00088,2024-10-12,Wallet,Delivered,79,409.84,488.84
ORD001420,CUST00219,2024-07-11,Debit Card,Delivered,0,4045.91,4045.91
ORD001421,CUST00186,2025-01-03,Credit Card,Returned,0,5597.96,5597.96
ORD001422,CUST00177,2025-11-28,Credit Card,Cancelled,0,3474.72,3474.72
ORD001423,CUST00055,2025-11-15,Net Banking,Delivered,79,862.99,941.99
ORD001424,CUST00093,2024-10-17,Credit Card,Delivered,0,9520.66,9520.66
ORD001425,CUST00420,2024-04-23,Net Banking,Cancelled,49,2374.52,2423.52
ORD001426,CUST00421,2024-03-17,Credit Card,Delivered,79,2270.62,2349.62
ORD001427,CUST00309,2025-10-28,Credit Card,Returned,0,3014.97,3014.97
ORD001428,CUST00068,2024-10-31,Debit Card,Delivered,0,5738.59,5738.59
ORD001429,CUST00434,2025-05-18,UPI,Delivered,0,3976.36,3976.36
ORD001430,CUST00592,2024-09-21,Net Banking,Delivered,0,10114.5,10114.5
ORD001431,CUST00439,2025-10-24,Credit Card,Delivered,0,2969.63,2969.63
ORD001432,CUST00505,2025-09-24,Wallet,Delivered,0,4664.87,4664.87
ORD001433,CUST00010,2025-02-26,Credit Card,Delivered,0,2681.09,2681.09
ORD001434,CUST00150,2024-07-25,UPI,Delivered,0,5599.07,5599.07
ORD001435,CUST00532,2025-11-01,Credit Card,Delivered,0,22472.51,22472.51
ORD001436,CUST00122,2025-12-28,Credit Card,Delivered,99,2333.57,2432.57
ORD001437,CUST00117,2025-09-18,Cash on Delivery,Delivered,0,4407.84,4407.84
ORD001438,CUST00072,2025-12-29,Credit Card,Delivered,0,9817.77,9817.77
ORD001439,CUST00316,2025-02-25,UPI,Delivered,0,3784.09,3784.09
ORD001440,CUST00279,2025-10-20,UPI,Delivered,0,7497.2,7497.2
ORD001441,CUST00475,2025-01-18,Wallet,Delivered,0,6808.87,6808.87
ORD001442,CUST00010,2025-01-29,Wallet,Delivered,0,4288.45,4288.45
ORD001443,CUST00488,2025-11-16,UPI,Delivered,79,600.22,679.22
ORD001444,CUST00538,2025-11-10,Credit Card,Returned,0,9951.96,9951.96
ORD001445,CUST00012,2025-11-20,Wallet,Delivered,0,3390.96,3390.96
ORD001446,CUST00595,2025-05-04,UPI,Delivered,99,957.5,1056.5
ORD001447,CUST00567,2025-10-05,Wallet,Returned,0,12068.81,12068.81
ORD001448,CUST00434,2024-01-01,Debit Card,Delivered,79,2255.79,2334.79
ORD001449,CUST00266,2025-03-04,Credit Card,Delivered,0,3021.35,3021.35
ORD001450,CUST00549,2025-09-22,UPI,Returned,0,2788.87,2788.87
ORD001451,CUST00452,2025-06-29,Wallet,Delivered,0,15050.36,15050.36
ORD001452,CUST00558,2025-11-24,Credit Card,Delivered,0,16249.25,16249.25
ORD001453,CUST00161,2024-12-15,Debit Card,Delivered,0,3021.35,3021.35
ORD001454,CUST00469,2024-06-18,Net Banking,Delivered,49,2158.52,2207.52
ORD001455,CUST00073,2024-03-30,UPI,Delivered,49,1446.51,1495.51
ORD001456,CUST00233,2025-10-06,Cash on Delivery,Delivered,49,1246.0,1295.0
ORD001457,CUST00076,2025-12-28,Cash on Delivery,Delivered,99,497.84,596.84
ORD001458,CUST00410,2025-10-18,Net Banking,Delivered,0,6403.68,6403.68
ORD001459,CUST00061,2025-08-03,UPI,Delivered,49,1928.51,1977.51
ORD001460,CUST00526,2024-05-29,Credit Card,Delivered,79,1500.72,1579.72
ORD001461,CUST00327,2024-07-17,Net Banking,Delivered,0,3319.0,3319.0
ORD001462,CUST00116,2024-08-24,Debit Card,Delivered,0,22755.0,22755.0
ORD001463,CUST00534,2024-01-05,Cash on Delivery,Delivered,99,712.76,811.76
ORD001464,CUST00047,2025-05-26,Net Banking,Delivered,49,482.17,531.17
ORD001465,CUST00279,2025-11-28,UPI,Delivered,0,5315.91,5315.91
ORD001466,CUST00116,2025-10-12,Debit Card,Delivered,0,3144.31,3144.31
ORD001467,CUST00585,2025-10-23,Credit Card,Delivered,0,2802.18,2802.18
ORD001468,CUST00313,2024-09-23,Credit Card,Delivered,79,549.01,628.01
ORD001469,CUST00329,2025-11-04,Credit Card,Delivered,99,482.17,581.17
ORD001470,CUST00380,2024-07-02,UPI,Delivered,49,433.95,482.95
ORD001471,CUST00061,2025-07-16,Credit Card,Delivered,49,1275.46,1324.46
ORD001472,CUST00193,2024-05-31,Wallet,Returned,0,10622.64,10622.64
ORD001473,CUST00314,2025-09-10,Debit Card,Delivered,0,30184.05,30184.05
ORD001474,CUST00559,2025-05-20,Credit Card,Delivered,0,2627.76,2627.76
ORD001475,CUST00277,2024-12-14,Cash on Delivery,Cancelled,79,750.27,829.27
ORD001476,CUST00129,2025-11-03,Debit Card,Delivered,0,3419.43,3419.43
ORD001477,CUST00144,2024-08-04,Credit Card,Delivered,99,2374.52,2473.52
ORD001478,CUST00374,2025-08-14,UPI,Delivered,0,7147.39,7147.39
ORD001479,CUST00117,2025-09-02,Cash on Delivery,Delivered,0,19728.47,19728.47
ORD001480,CUST00209,2025-08-09,UPI,Returned,0,5127.85,5127.85
ORD001481,CUST00597,2025-10-02,Net Banking,Cancelled,49,1725.98,1774.98
ORD001482,CUST00453,2025-09-05,UPI,Refunded,49,1762.59,1811.59
ORD001483,CUST00229,2025-12-19,Credit Card,Delivered,0,7041.06,7041.06
ORD001484,CUST00237,2025-03-27,Credit Card,Delivered,0,12892.11,12892.11
ORD001485,CUST00299,2024-06-11,Credit Card,Delivered,0,6244.58,6244.58
ORD001486,CUST00307,2024-11-28,UPI,Delivered,0,2768.56,2768.56
ORD001487,CUST00011,2024-09-09,Credit Card,Returned,0,3319.0,3319.0
ORD001488,CUST00383,2024-11-04,Credit Card,Cancelled,0,11846.58,11846.58
ORD001489,CUST00332,2025-08-04,UPI,Delivered,0,6347.44,6347.44
ORD001490,CUST00595,2024-11-04,UPI,Returned,49,1970.94,2019.94
ORD001491,CUST00193,2024-04-13,Credit Card,Delivered,0,4715.44,4715.44
ORD001492,CUST00157,2025-04-02,UPI,Delivered,0,7371.41,7371.41
ORD001493,CUST00075,2025-09-08,UPI,Delivered,0,6772.28,6772.28
ORD001494,CUST00313,2025-04-23,Wallet,Delivered,0,8658.28,8658.28
ORD001495,CUST00465,2025-03-23,UPI,Delivered,0,6587.09,6587.09
ORD001496,CUST00588,2025-04-21,Wallet,Delivered,49,2255.79,2304.79
ORD001497,CUST00459,2025-12-17,Debit Card,Delivered,0,6095.32,6095.32
ORD001498,CUST00143,2024-04-12,Credit Card,Delivered,0,11847.35,11847.35
ORD001499,CUST00064,2025-08-13,Credit Card,Delivered,0,20054.12,20054.12
ORD001500,CUST00559,2025-03-23,Cash on Delivery,Returned,0,4369.35,4369.35
ORD001501,CUST00595,2024-12-26,Net Banking,Delivered,79,1087.82,1166.82
ORD001502,CUST00453,2025-08-15,Debit Card,Delivered,79,2278.43,2357.43
ORD001503,CUST00275,2024-11-27,Cash on Delivery,Delivered,0,11548.14,11548.14
ORD001504,CUST00189,2025-11-20,Credit Card,Returned,0,16059.26,16059.26
ORD001505,CUST00239,2025-06-14,Credit Card,Delivered,49,280.03,329.03
ORD001506,CUST00128,2024-11-24,Net Banking,Delivered,79,637.73,716.73
ORD001507,CUST00085,2025-12-17,Debit Card,Delivered,0,5231.21,5231.21
ORD001508,CUST00131,2025-11-20,Credit Card,Delivered,0,2660.65,2660.65
ORD001509,CUST00128,2024-04-13,Debit Card,Delivered,99,1426.76,1525.76
ORD001510,CUST00404,2025-05-13,UPI,Cancelled,0,8158.72,8158.72
ORD001511,CUST00400,2025-03-08,Cash on Delivery,Delivered,0,15160.57,15160.57
ORD001512,CUST00293,2024-05-18,Debit Card,Delivered,0,11009.95,11009.95
ORD001513,CUST00196,2025-06-02,Credit Card,Delivered,0,13911.55,13911.55
ORD001514,CUST00434,2024-03-06,Credit Card,Delivered,0,4519.79,4519.79
ORD001515,CUST00286,2025-09-10,Debit Card,Delivered,49,645.89,694.89
ORD001516,CUST00176,2025-12-12,Credit Card,Cancelled,49,2358.67,2407.67
ORD001517,CUST00367,2024-10-25,Net Banking,Delivered,79,2266.75,2345.75
ORD001518,CUST00326,2025-07-28,Credit Card,Delivered,0,7123.56,7123.56
ORD001519,CUST00029,2024-04-03,Net Banking,Delivered,79,2250.81,2329.81
ORD001520,CUST00538,2025-05-27,Credit Card,Delivered,79,675.24,754.24
ORD001521,CUST00072,2024-11-17,UPI,Delivered,0,4787.27,4787.27
ORD001522,CUST00296,2024-05-22,Wallet,Delivered,49,1640.41,1689.41
ORD001523,CUST00594,2025-05-19,UPI,Delivered,99,482.17,581.17
ORD001524,CUST00574,2024-08-03,Debit Card,Delivered,0,3270.43,3270.43
ORD001525,CUST00558,2025-04-21,UPI,Delivered,99,2398.35,2497.35
ORD001526,CUST00600,2025-01-08,Debit Card,Delivered,0,2858.2,2858.2
ORD001527,CUST00212,2025-09-30,Credit Card,Delivered,99,2374.52,2473.52
ORD001528,CUST00201,2024-11-26,Credit Card,Delivered,79,1374.18,1453.18
ORD001529,CUST00209,2025-08-26,Cash on Delivery,Delivered,99,2137.07,2236.07
ORD001530,CUST00370,2025-02-23,Debit Card,Delivered,0,3451.67,3451.67
ORD001531,CUST00187,2024-11-02,UPI,Delivered,79,964.34,1043.34
ORD001532,CUST00036,2024-07-11,UPI,Delivered,0,13809.21,13809.21
ORD001533,CUST00236,2024-12-13,Credit Card,Delivered,0,6835.3,6835.3
ORD001534,CUST00329,2025-05-27,UPI,Delivered,0,23942.79,23942.79
ORD001535,CUST00575,2025-06-04,Credit Card,Delivered,79,433.95,512.95
ORD001536,CUST00097,2025-12-27,UPI,Delivered,0,27925.78,27925.78
ORD001537,CUST00370,2024-11-26,Credit Card,Delivered,99,409.84,508.84
ORD001538,CUST00014,2025-11-13,Cash on Delivery,Delivered,0,6889.94,6889.94
ORD001539,CUST00397,2024-12-23,UPI,Returned,0,4300.66,4300.66
ORD001540,CUST00404,2025-05-07,UPI,Delivered,0,11907.96,11907.96
ORD001541,CUST00370,2024-04-08,Credit Card,Returned,0,5721.16,5721.16
ORD001542,CUST00405,2024-11-20,Wallet,Delivered,0,2889.05,2889.05
ORD001543,CUST00463,2025-03-27,Credit Card,Refunded,99,622.3,721.3
ORD001544,CUST00463,2024-11-08,Credit Card,Delivered,0,7040.31,7040.31
ORD001545,CUST00236,2025-04-03,UPI,Delivered,99,623.0,722.0
ORD001546,CUST00475,2025-02-06,UPI,Returned,0,17976.2,17976.2
ORD001547,CUST00256,2025-05-12,Debit Card,Delivered,0,4030.97,4030.97
ORD001548,CUST00335,2025-10-23,Cash on Delivery,Delivered,49,862.99,911.99
ORD001549,CUST00495,2024-11-09,UPI,Delivered,0,11586.98,11586.98
ORD001550,CUST00024,2024-08-19,UPI,Delivered,0,4511.59,4511.59
ORD001551,CUST00049,2025-05-22,Wallet,Delivered,0,6834.66,6834.66
ORD001552,CUST00526,2025-07-22,Debit Card,Delivered,0,10427.45,10427.45
ORD001553,CUST00329,2024-03-07,UPI,Delivered,0,3320.33,3320.33
ORD001554,CUST00453,2025-06-13,UPI,Delivered,0,21128.52,21128.52
ORD001555,CUST00157,2024-09-06,UPI,Returned,0,3904.06,3904.06
ORD001556,CUST00284,2025-05-27,UPI,Returned,49,867.91,916.91
ORD001557,CUST00067,2024-10-02,Credit Card,Returned,99,2398.35,2497.35
ORD001558,CUST00236,2024-11-28,Credit Card,Delivered,0,3705.32,3705.32
ORD001559,CUST00143,2024-11-13,Debit Card,Delivered,0,5530.46,5530.46
ORD001560,CUST00361,2025-10-31,UPI,Delivered,0,2645.59,2645.59
ORD001561,CUST00080,2025-12-01,Credit Card,Delivered,0,4429.43,4429.43
ORD001562,CUST00119,2025-11-04,Credit Card,Delivered,0,9865.79,9865.79
ORD001563,CUST00072,2024-11-03,UPI,Delivered,99,807.65,906.65
ORD001564,CUST00338,2025-04-13,Debit Card,Delivered,49,916.12,965.12
ORD001565,CUST00559,2025-06-27,Debit Card,Delivered,99,2064.88,2163.88
ORD001566,CUST00175,2024-07-12,Credit Card,Delivered,0,10649.99,10649.99
ORD001567,CUST00351,2025-06-05,Credit Card,Delivered,49,1477.54,1526.54
ORD001568,CUST00116,2025-08-01,Debit Card,Delivered,79,1971.0,2050.0
ORD001569,CUST00034,2024-06-09,Credit Card,Delivered,99,2215.51,2314.51
ORD001570,CUST00094,2024-10-05,Credit Card,Delivered,0,18690.97,18690.97
ORD001571,CUST00565,2025-05-03,UPI,Cancelled,0,9828.24,9828.24
ORD001572,CUST00117,2025-09-14,UPI,Delivered,99,862.99,961.99
ORD001573,CUST00559,2025-03-25,UPI,Delivered,49,1564.94,1613.94
ORD001574,CUST00024,2025-09-14,Wallet,Delivered,0,20353.49,20353.49
ORD001575,CUST00279,2025-10-15,UPI,Delivered,0,2660.9,2660.9
ORD001576,CUST00158,2025-10-05,Wallet,Delivered,49,862.99,911.99
ORD001577,CUST00361,2025-11-17,Credit Card,Delivered,79,2278.43,2357.43
ORD001578,CUST00469,2024-04-09,Credit Card,Delivered,0,17015.0,17015.0
ORD001579,CUST00072,2024-11-03,UPI,Delivered,49,1364.75,1413.75
ORD001580,CUST00213,2024-11-23,UPI,Delivered,0,3956.73,3956.73
ORD001581,CUST00346,2025-10-22,Credit Card,Delivered,0,7332.17,7332.17
ORD001582,CUST00050,2025-11-07,Wallet,Delivered,0,6094.52,6094.52
ORD001583,CUST00142,2024-10-10,UPI,Delivered,0,10274.81,10274.81
ORD001584,CUST00323,2024-11-15,Credit Card,Delivered,0,9531.07,9531.07
ORD001585,CUST00042,2024-11-01,Credit Card,Delivered,0,33675.1,33675.1
ORD001586,CUST00236,2024-11-15,Cash on Delivery,Delivered,99,1275.46,1374.46
ORD001587,CUST00318,2025-11-13,Wallet,Delivered,99,600.22,699.22
ORD001588,CUST00309,2024-04-14,Credit Card,Delivered,0,13126.65,13126.65
ORD001589,CUST00466,2025-09-26,Debit Card,Delivered,0,3894.04,3894.04
ORD001590,CUST00532,2025-10-02,Debit Card,Delivered,0,27515.94,27515.94
ORD001591,CUST00243,2025-05-15,UPI,Delivered,0,8357.68,8357.68
ORD001592,CUST00328,2025-09-30,Wallet,Delivered,0,10622.64,10622.64
ORD001593,CUST00035,2025-08-22,Cash on Delivery,Delivered,99,2255.79,2354.79
ORD001594,CUST00014,2025-11-13,Cash on Delivery,Delivered,0,7024.2,7024.2
ORD001595,CUST00518,2024-12-05,UPI,Delivered,0,31790.08,31790.08
ORD001596,CUST00236,2025-11-11,UPI,Delivered,0,9493.86,9493.86
ORD001597,CUST00559,2025-03-15,Credit Card,Delivered,0,5231.5,5231.5
ORD001598,CUST00122,2025-07-17,Credit Card,Delivered,0,3553.89,3553.89
ORD001599,CUST00005,2025-12-06,Credit Card,Returned,0,3600.67,3600.67
ORD001600,CUST00252,2024-12-04,UPI,Delivered,0,11338.74,11338.74
ORD001601,CUST00420,2024-01-11,UPI,Delivered,0,22955.65,22955.65
ORD001602,CUST00277,2025-02-11,Debit Card,Delivered,0,5600.63,5600.63
ORD001603,CUST00243,2025-05-21,Credit Card,Delivered,0,3682.61,3682.61
ORD001604,CUST00387,2024-12-05,UPI,Cancelled,0,24064.95,24064.95
ORD001605,CUST00339,2024-06-12,Credit Card,Delivered,0,11528.2,11528.2
ORD001606,CUST00201,2025-09-12,Debit Card,Delivered,79,750.27,829.27
ORD001607,CUST00373,2025-04-09,Wallet,Delivered,0,6578.81,6578.81
ORD001608,CUST00329,2024-06-15,UPI,Returned,0,10789.03,10789.03
ORD001609,CUST00421,2025-12-17,Credit Card,Delivered,79,1364.75,1443.75
ORD001610,CUST00068,2024-10-26,Credit Card,Returned,0,10892.9,10892.9
ORD001611,CUST00432,2025-08-23,Net Banking,Returned,0,6267.7,6267.7
ORD001612,CUST00326,2024-07-13,Debit Card,Delivered,0,8713.38,8713.38
ORD001613,CUST00231,2025-11-10,Credit Card,Delivered,0,2768.61,2768.61
ORD001614,CUST00331,2024-03-09,UPI,Delivered,0,3142.61,3142.61
ORD001615,CUST00423,2025-11-09,Cash on Delivery,Delivered,0,2859.6,2859.6
ORD001616,CUST00276,2025-04-20,Credit Card,Delivered,0,4479.53,4479.53
ORD001617,CUST00196,2025-12-09,UPI,Delivered,79,2398.35,2477.35
ORD001618,CUST00572,2025-07-16,UPI,Delivered,79,745.1,824.1
ORD001619,CUST00239,2025-05-22,UPI,Delivered,79,2398.35,2477.35
ORD001620,CUST00558,2024-04-29,Debit Card,Delivered,99,2028.14,2127.14
ORD001621,CUST00063,2025-02-15,Net Banking,Delivered,79,2038.6,2117.6
ORD001622,CUST00340,2024-07-04,UPI,Delivered,0,20610.71,20610.71
ORD001623,CUST00437,2025-03-26,Debit Card,Delivered,0,9760.99,9760.99
ORD001624,CUST00313,2024-06-19,UPI,Delivered,0,5796.61,5796.61
ORD001625,CUST00337,2025-03-11,Credit Card,Delivered,0,5969.39,5969.39
ORD001626,CUST00497,2025-02-27,Wallet,Delivered,0,6280.73,6280.73
ORD001627,CUST00410,2025-10-23,Cash on Delivery,Delivered,0,4094.25,4094.25
ORD001628,CUST00291,2024-02-03,UPI,Delivered,79,1158.24,1237.24
ORD001629,CUST00279,2025-10-15,Wallet,Delivered,0,24071.54,24071.54
ORD001630,CUST00410,2025-02-25,Credit Card,Delivered,0,6734.54,6734.54
ORD001631,CUST00236,2025-06-10,UPI,Delivered,49,1808.21,1857.21
ORD001632,CUST00281,2025-07-18,Debit Card,Delivered,99,2255.79,2354.79
ORD001633,CUST00061,2024-08-15,Credit Card,Delivered,49,1971.0,2020.0
ORD001634,CUST00228,2025-07-30,Debit Card,Delivered,0,2557.9,2557.9
ORD001635,CUST00576,2025-07-24,Wallet,Delivered,0,16359.61,16359.61
ORD001636,CUST00459,2025-10-22,UPI,Delivered,0,5045.75,5045.75
ORD001637,CUST00575,2025-03-01,Wallet,Delivered,0,10055.47,10055.47
ORD001638,CUST00434,2025-12-18,Credit Card,Returned,99,1918.68,2017.68
ORD001639,CUST00328,2024-07-07,UPI,Returned,0,17182.63,17182.63
ORD001640,CUST00125,2024-12-12,Debit Card,Delivered,0,4001.7,4001.7
ORD001641,CUST00343,2025-11-09,Net Banking,Delivered,0,4800.0,4800.0
ORD001642,CUST00309,2024-02-22,Net Banking,Delivered,0,11929.07,11929.07
ORD001643,CUST00221,2024-06-16,Credit Card,Delivered,0,2929.04,2929.04
ORD001644,CUST00262,2024-11-30,Credit Card,Delivered,49,482.17,531.17
ORD001645,CUST00411,2024-09-22,Debit Card,Delivered,0,9794.98,9794.98
ORD001646,CUST00552,2025-01-02,UPI,Cancelled,79,482.17,561.17
ORD001647,CUST00434,2024-01-22,Credit Card,Delivered,49,1500.54,1549.54
ORD001648,CUST00174,2025-03-26,UPI,Delivered,0,4668.41,4668.41
ORD001649,CUST00378,2024-10-01,Debit Card,Delivered,99,916.12,1015.12
ORD001650,CUST00519,2024-12-20,Cash on Delivery,Delivered,0,4273.58,4273.58
ORD001651,CUST00345,2024-12-12,Net Banking,Delivered,0,14133.51,14133.51
ORD001652,CUST00371,2024-09-22,UPI,Delivered,0,4780.19,4780.19
ORD001653,CUST00231,2025-10-24,UPI,Delivered,79,433.95,512.95
ORD001654,CUST00329,2024-06-11,Credit Card,Refunded,0,4853.78,4853.78
ORD001655,CUST00299,2024-10-29,UPI,Delivered,0,4422.71,4422.71
ORD001656,CUST00122,2025-11-07,UPI,Delivered,0,8782.39,8782.39
ORD001657,CUST00578,2024-03-19,Cash on Delivery,Delivered,0,6886.96,6886.96
ORD001658,CUST00178,2025-08-23,Debit Card,Cancelled,0,6835.3,6835.3
ORD001659,CUST00323,2024-09-06,Debit Card,Delivered,49,750.27,799.27
ORD001660,CUST00523,2025-08-27,Credit Card,Delivered,0,4921.46,4921.46
ORD001661,CUST00547,2025-10-25,UPI,Delivered,0,3679.5,3679.5
ORD001662,CUST00465,2025-03-01,Debit Card,Delivered,0,28143.74,28143.74
ORD001663,CUST00072,2024-10-24,UPI,Delivered,0,13849.48,13849.48
ORD001664,CUST00095,2024-12-04,Debit Card,Returned,0,3236.27,3236.27
ORD001665,CUST00418,2025-04-09,Net Banking,Delivered,99,746.65,845.65
ORD001666,CUST00463,2024-04-02,UPI,Delivered,0,19633.7,19633.7
ORD001667,CUST00061,2025-11-28,UPI,Refunded,99,311.15,410.15
ORD001668,CUST00105,2025-05-28,Credit Card,Delivered,0,6835.3,6835.3
ORD001669,CUST00473,2025-03-22,Debit Card,Delivered,99,681.07,780.07
ORD001670,CUST00446,2025-12-06,Cash on Delivery,Delivered,0,3428.3,3428.3
ORD001671,CUST00164,2024-11-20,Credit Card,Delivered,99,433.95,532.95
ORD001672,CUST00502,2025-10-26,Debit Card,Delivered,49,498.4,547.4
ORD001673,CUST00270,2025-11-22,UPI,Delivered,0,2757.65,2757.65
ORD001674,CUST00249,2024-08-02,Cash on Delivery,Delivered,0,4675.62,4675.62
ORD001675,CUST00410,2025-02-20,Wallet,Returned,49,939.39,988.39
ORD001676,CUST00485,2025-02-09,Credit Card,Delivered,99,482.17,581.17
ORD001677,CUST00453,2024-06-20,Wallet,Delivered,79,1282.68,1361.68
ORD001678,CUST00368,2024-10-23,UPI,Delivered,0,10591.12,10591.12
ORD001679,CUST00518,2025-12-10,Cash on Delivery,Delivered,0,5617.35,5617.35
ORD001680,CUST00329,2025-01-28,Net Banking,Delivered,0,6262.32,6262.32
ORD001681,CUST00455,2025-08-19,Debit Card,Delivered,0,8485.05,8485.05
ORD001682,CUST00009,2024-06-07,UPI,Delivered,49,2255.79,2304.79
ORD001683,CUST00538,2025-11-24,Net Banking,Delivered,49,2024.53,2073.53
ORD001684,CUST00125,2025-12-03,Debit Card,Delivered,49,776.69,825.69
ORD001685,CUST00092,2024-12-21,UPI,Delivered,79,311.15,390.15
ORD001686,CUST00335,2025-10-28,Net Banking,Delivered,0,7204.77,7204.77
ORD001687,CUST00211,2025-06-09,UPI,Delivered,0,13466.21,13466.21
ORD001688,CUST00120,2025-12-31,Credit Card,Delivered,49,2158.52,2207.52
ORD001689,CUST00516,2025-06-01,Debit Card,Delivered,0,7088.37,7088.37
ORD001690,CUST00395,2025-04-13,Debit Card,Delivered,0,5341.34,5341.34
ORD001691,CUST00162,2024-12-08,UPI,Delivered,79,560.7,639.7
ORD001692,CUST00245,2025-12-18,Credit Card,Delivered,49,2018.34,2067.34
ORD001693,CUST00169,2025-08-22,Credit Card,Delivered,99,1454.17,1553.17
ORD001694,CUST00549,2025-09-19,Cash on Delivery,Delivered,0,27646.26,27646.26
ORD001695,CUST00223,2025-01-03,UPI,Delivered,0,5788.98,5788.98
ORD001696,CUST00453,2024-02-11,Credit Card,Returned,0,5045.75,5045.75
ORD001697,CUST00204,2025-12-07,Debit Card,Delivered,0,7195.05,7195.05
ORD001698,CUST00443,2025-10-19,Credit Card,Delivered,0,2978.36,2978.36
ORD001699,CUST00473,2025-12-21,UPI,Delivered,0,13669.32,13669.32
ORD001700,CUST00129,2025-06-18,Wallet,Delivered,99,1059.1,1158.1
ORD001701,CUST00050,2024-09-27,Debit Card,Delivered,0,6772.52,6772.52
ORD001702,CUST00595,2025-12-10,Credit Card,Cancelled,0,16332.19,16332.19
ORD001703,CUST00123,2025-07-14,UPI,Delivered,0,11777.54,11777.54
ORD001704,CUST00410,2025-12-28,Cash on Delivery,Returned,0,8026.72,8026.72
ORD001705,CUST00495,2024-10-06,Credit Card,Delivered,99,1100.33,1199.33
ORD001706,CUST00035,2025-08-13,UPI,Delivered,0,7882.51,7882.51
ORD001707,CUST00567,2025-11-05,UPI,Delivered,79,1246.0,1325.0
ORD001708,CUST00597,2025-06-26,Wallet,Delivered,0,4914.12,4914.12
ORD001709,CUST00152,2024-08-12,UPI,Delivered,0,3789.96,3789.96
ORD001710,CUST00536,2025-08-12,Debit Card,Delivered,0,5394.2,5394.2
ORD001711,CUST00299,2025-12-16,UPI,Delivered,0,9642.12,9642.12
ORD001712,CUST00221,2024-01-10,UPI,Delivered,0,2728.26,2728.26
ORD001713,CUST00308,2025-01-18,Credit Card,Delivered,0,6492.6,6492.6
ORD001714,CUST00366,2025-09-06,UPI,Cancelled,79,819.84,898.84
ORD001715,CUST00299,2024-02-06,UPI,Delivered,99,2398.35,2497.35
ORD001716,CUST00265,2025-12-28,UPI,Cancelled,49,1677.1,1726.1
ORD001717,CUST00315,2024-05-03,Debit Card,Cancelled,0,6834.66,6834.66
ORD001718,CUST00422,2024-05-05,Credit Card,Delivered,0,3378.03,3378.03
ORD001719,CUST00061,2025-12-24,Cash on Delivery,Delivered,99,482.17,581.17
ORD001720,CUST00326,2025-11-03,Wallet,Delivered,49,1125.49,1174.49
ORD001721,CUST00542,2024-11-07,Net Banking,Delivered,0,8145.48,8145.48
ORD001722,CUST00394,2024-09-23,Debit Card,Delivered,0,14926.41,14926.41
ORD001723,CUST00068,2025-05-27,Credit Card,Delivered,99,750.27,849.27
ORD001724,CUST00142,2024-01-15,Cash on Delivery,Delivered,0,3346.13,3346.13
ORD001725,CUST00365,2025-06-25,Net Banking,Delivered,79,675.24,754.24
ORD001726,CUST00487,2024-08-05,Debit Card,Delivered,0,4546.6,4546.6
ORD001727,CUST00524,2024-02-07,Debit Card,Delivered,79,482.17,561.17
ORD001728,CUST00546,2025-03-21,Net Banking,Delivered,79,2224.34,2303.34
ORD001729,CUST00115,2024-12-06,Debit Card,Delivered,49,2374.52,2423.52
ORD001730,CUST00122,2025-03-02,Net Banking,Delivered,0,3153.6,3153.6
ORD001731,CUST00243,2025-05-13,Credit Card,Delivered,0,11380.23,11380.23
ORD001732,CUST00194,2024-05-23,UPI,Delivered,49,2374.52,2423.52
ORD001733,CUST00045,2025-11-23,Credit Card,Delivered,0,7764.58,7764.58
ORD001734,CUST00466,2025-12-18,Cash on Delivery,Delivered,0,23762.84,23762.84
ORD001735,CUST00580,2025-07-13,Cash on Delivery,Delivered,0,8426.84,8426.84
ORD001736,CUST00232,2025-04-08,Credit Card,Delivered,99,1572.6,1671.6
ORD001737,CUST00175,2025-10-15,Cash on Delivery,Delivered,49,750.27,799.27
ORD001738,CUST00196,2025-06-28,Debit Card,Delivered,79,2158.52,2237.52
ORD001739,CUST00129,2025-07-14,Credit Card,Delivered,49,482.17,531.17
ORD001740,CUST00312,2025-11-22,Debit Card,Delivered,99,403.83,502.83
ORD001741,CUST00396,2024-12-04,Net Banking,Delivered,49,1146.71,1195.71
ORD001742,CUST00592,2025-01-01,UPI,Delivered,0,8972.85,8972.85
ORD001743,CUST00093,2025-12-15,Wallet,Delivered,0,11506.66,11506.66
ORD001744,CUST00064,2024-03-07,UPI,Delivered,99,916.12,1015.12
ORD001745,CUST00346,2025-07-25,Credit Card,Delivered,0,6976.2,6976.2
ORD001746,CUST00040,2025-05-02,Net Banking,Delivered,0,4914.12,4914.12
ORD001747,CUST00558,2024-06-22,Credit Card,Refunded,0,4514.62,4514.62
ORD001748,CUST00358,2025-06-09,Credit Card,Delivered,79,482.17,561.17
ORD001749,CUST00273,2025-10-03,UPI,Cancelled,0,6750.34,6750.34
ORD001750,CUST00119,2025-02-17,UPI,Delivered,49,675.24,724.24
ORD001751,CUST00361,2025-11-15,UPI,Refunded,0,3348.51,3348.51
ORD001752,CUST00474,2025-01-22,Debit Card,Delivered,0,20831.27,20831.27
ORD001753,CUST00434,2025-06-24,Net Banking,Delivered,79,1721.1,1800.1
ORD001754,CUST00203,2025-07-22,Debit Card,Delivered,99,409.84,508.84
ORD001755,CUST00168,2025-03-06,Debit Card,Delivered,0,7832.09,7832.09
ORD001756,CUST00239,2025-05-24,Net Banking,Delivered,99,712.76,811.76
ORD001757,CUST00248,2025-06-02,UPI,Delivered,0,11468.26,11468.26
ORD001758,CUST00400,2025-03-17,UPI,Delivered,49,1773.9,1822.9
ORD001759,CUST00299,2024-11-30,UPI,Returned,0,8427.4,8427.4
ORD001760,CUST00329,2025-07-01,Debit Card,Delivered,0,6594.0,6594.0
ORD001761,CUST00096,2024-05-14,Debit Card,Delivered,0,7469.53,7469.53
ORD001762,CUST00538,2025-10-09,Debit Card,Delivered,0,4659.32,4659.32
ORD001763,CUST00038,2025-07-06,Wallet,Delivered,0,3857.21,3857.21
ORD001764,CUST00461,2025-02-14,Wallet,Delivered,0,4954.26,4954.26
ORD001765,CUST00536,2025-11-30,Debit Card,Delivered,79,1134.82,1213.82
ORD001766,CUST00061,2024-08-08,Credit Card,Cancelled,99,458.06,557.06
ORD001767,CUST00279,2025-10-31,Credit Card,Delivered,0,2968.55,2968.55
ORD001768,CUST00308,2025-02-17,Debit Card,Delivered,0,11825.47,11825.47
ORD001769,CUST00455,2025-11-09,Credit Card,Delivered,0,16270.27,16270.27
ORD001770,CUST00576,2024-02-24,Credit Card,Delivered,79,458.06,537.06
ORD001771,CUST00048,2024-06-14,Debit Card,Cancelled,49,2018.34,2067.34
ORD001772,CUST00595,2025-06-29,Debit Card,Refunded,49,2132.9,2181.9
ORD001773,CUST00061,2024-03-14,UPI,Returned,49,248.92,297.92
ORD001774,CUST00559,2025-11-12,Credit Card,Delivered,0,10668.4,10668.4
ORD001775,CUST00449,2024-02-12,Debit Card,Delivered,0,3433.98,3433.98
ORD001776,CUST00492,2025-10-06,Net Banking,Delivered,0,13851.05,13851.05
ORD001777,CUST00143,2025-07-18,UPI,Delivered,0,7169.19,7169.19
ORD001778,CUST00126,2024-06-30,Credit Card,Delivered,49,1445.67,1494.67
ORD001779,CUST00405,2025-06-21,Credit Card,Returned,0,4699.5,4699.5
ORD001780,CUST00455,2025-08-08,UPI,Delivered,49,2137.07,2186.07
ORD001781,CUST00451,2025-08-28,Cash on Delivery,Delivered,0,4652.99,4652.99
ORD001782,CUST00299,2024-06-15,Wallet,Delivered,0,3370.23,3370.23
ORD001783,CUST00264,2025-07-30,Credit Card,Delivered,0,16002.21,16002.21
ORD001784,CUST00536,2024-02-21,Credit Card,Delivered,99,944.59,1043.59
ORD001785,CUST00350,2025-08-15,UPI,Delivered,0,13806.97,13806.97
ORD001786,CUST00348,2025-12-13,UPI,Delivered,0,14713.4,14713.4
ORD001787,CUST00247,2024-06-18,Credit Card,Delivered,99,1969.95,2068.95
ORD001788,CUST00061,2024-10-21,Cash on Delivery,Delivered,0,3265.49,3265.49
ORD001789,CUST00468,2025-12-09,Wallet,Delivered,0,7293.36,7293.36
ORD001790,CUST00579,2025-08-19,UPI,Cancelled,0,4759.77,4759.77
ORD001791,CUST00215,2025-06-09,Cash on Delivery,Delivered,49,750.27,799.27
ORD001792,CUST00093,2024-09-13,UPI,Delivered,0,9432.05,9432.05
ORD001793,CUST00383,2024-04-25,UPI,Delivered,0,3886.59,3886.59
ORD001794,CUST00024,2024-02-24,Net Banking,Delivered,0,2856.41,2856.41
ORD001795,CUST00374,2025-08-26,Debit Card,Delivered,0,8411.6,8411.6
ORD001796,CUST00437,2025-05-03,Debit Card,Refunded,0,3519.7,3519.7
ORD001797,CUST00063,2025-06-09,UPI,Delivered,99,819.69,918.69
ORD001798,CUST00329,2024-02-12,Wallet,Delivered,79,1500.54,1579.54
ORD001799,CUST00526,2024-01-23,Credit Card,Delivered,0,11444.28,11444.28
ORD001800,CUST00237,2025-10-09,Credit Card,Delivered,79,458.06,537.06
ORD001801,CUST00575,2025-02-15,Cash on Delivery,Cancelled,0,18926.1,18926.1
ORD001802,CUST00582,2025-08-19,Wallet,Delivered,0,4653.16,4653.16
ORD001803,CUST00147,2025-03-26,Net Banking,Delivered,0,8511.95,8511.95
ORD001804,CUST00048,2024-07-06,UPI,Delivered,0,5266.45,5266.45
ORD001805,CUST00502,2024-09-06,Credit Card,Cancelled,99,1915.0,2014.0
ORD001806,CUST00148,2025-07-30,Credit Card,Delivered,99,311.15,410.15
ORD001807,CUST00284,2025-08-16,UPI,Returned,0,3939.9,3939.9
ORD001808,CUST00032,2025-11-16,Credit Card,Cancelled,0,4804.99,4804.99
ORD001809,CUST00383,2025-11-30,UPI,Delivered,0,15781.07,15781.07
ORD001810,CUST00465,2025-03-18,Debit Card,Returned,0,9154.65,9154.65
ORD001811,CUST00592,2025-01-25,Credit Card,Delivered,49,1725.98,1774.98
ORD001812,CUST00373,2024-05-23,Credit Card,Delivered,99,482.17,581.17
ORD001813,CUST00365,2024-10-20,Debit Card,Delivered,79,2374.52,2453.52
ORD001814,CUST00326,2024-10-22,UPI,Delivered,0,5934.32,5934.32
ORD001815,CUST00519,2025-08-11,Credit Card,Delivered,0,3144.31,3144.31
ORD001816,CUST00403,2025-02-04,Debit Card,Delivered,99,311.15,410.15
ORD001817,CUST00501,2025-03-27,UPI,Delivered,0,3461.92,3461.92
ORD001818,CUST00122,2024-11-20,Credit Card,Returned,0,8177.06,8177.06
ORD001819,CUST00291,2024-02-14,Wallet,Delivered,79,482.17,561.17
ORD001820,CUST00119,2025-12-23,UPI,Returned,0,7817.35,7817.35
ORD001821,CUST00304,2025-02-27,UPI,Delivered,0,4629.69,4629.69
ORD001822,CUST00455,2025-08-07,UPI,Delivered,0,8525.32,8525.32
ORD001823,CUST00422,2025-06-12,Net Banking,Returned,0,5231.21,5231.21
ORD001824,CUST00547,2025-10-18,UPI,Delivered,0,6681.52,6681.52
ORD001825,CUST00317,2024-12-15,Credit Card,Delivered,79,2374.52,2453.52
ORD001826,CUST00538,2024-04-25,UPI,Delivered,0,6706.09,6706.09
ORD001827,CUST00390,2025-06-27,UPI,Delivered,79,1596.55,1675.55
ORD001828,CUST00538,2024-10-10,UPI,Delivered,49,987.61,1036.61
ORD001829,CUST00422,2024-11-01,Cash on Delivery,Delivered,49,738.09,787.09
ORD001830,CUST00507,2025-12-24,UPI,Delivered,0,5430.48,5430.48
ORD001831,CUST00259,2025-05-21,Credit Card,Delivered,0,2978.21,2978.21
ORD001832,CUST00122,2024-02-08,Credit Card,Delivered,0,5772.65,5772.65
ORD001833,CUST00109,2025-09-05,Net Banking,Delivered,49,1229.53,1278.53
ORD001834,CUST00502,2024-11-01,Credit Card,Delivered,79,482.17,561.17
ORD001835,CUST00214,2024-09-12,Debit Card,Delivered,79,2142.79,2221.79
ORD001836,CUST00597,2025-05-17,Credit Card,Delivered,79,529.55,608.55
ORD001837,CUST00313,2025-11-21,Credit Card,Delivered,0,2762.61,2762.61
ORD001838,CUST00329,2024-02-25,UPI,Delivered,49,2386.05,2435.05
ORD001839,CUST00549,2025-11-30,Net Banking,Delivered,0,4914.12,4914.12
ORD001840,CUST00240,2025-10-02,Net Banking,Delivered,49,1350.49,1399.49
ORD001841,CUST00323,2025-03-21,UPI,Delivered,0,19962.22,19962.22
ORD001842,CUST00243,2025-10-31,UPI,Delivered,0,12421.41,12421.41
ORD001843,CUST00165,2025-12-27,Credit Card,Delivered,79,2266.75,2345.75
ORD001844,CUST00459,2025-08-19,Net Banking,Returned,0,5091.34,5091.34
ORD001845,CUST00014,2025-11-07,Credit Card,Delivered,99,750.27,849.27
ORD001846,CUST00591,2024-12-12,UPI,Delivered,0,4317.03,4317.03
ORD001847,CUST00299,2025-10-31,UPI,Delivered,49,1793.91,1842.91
ORD001848,CUST00526,2024-12-22,Credit Card,Delivered,0,5560.16,5560.16
ORD001849,CUST00286,2025-11-27,Credit Card,Delivered,0,5311.32,5311.32
ORD001850,CUST00502,2024-09-16,Net Banking,Returned,79,1091.8,1170.8
ORD001851,CUST00581,2025-07-19,UPI,Delivered,0,6138.82,6138.82
ORD001852,CUST00173,2025-12-18,Cash on Delivery,Delivered,0,3541.52,3541.52
ORD001853,CUST00245,2025-01-30,Net Banking,Delivered,79,1603.35,1682.35
ORD001854,CUST00218,2025-06-05,Wallet,Delivered,0,2794.94,2794.94
ORD001855,CUST00421,2025-01-08,Cash on Delivery,Delivered,0,4422.07,4422.07
ORD001856,CUST00422,2024-11-27,Debit Card,Delivered,79,1603.13,1682.13
ORD001857,CUST00243,2025-05-14,Net Banking,Delivered,0,4599.38,4599.38
ORD001858,CUST00247,2025-09-03,UPI,Delivered,0,5710.93,5710.93
ORD001859,CUST00507,2025-03-28,Debit Card,Delivered,99,560.7,659.7
ORD001860,CUST00434,2025-06-21,UPI,Delivered,0,2914.27,2914.27
ORD001861,CUST00279,2025-10-31,UPI,Delivered,79,1030.56,1109.56
ORD001862,CUST00461,2025-07-24,Credit Card,Delivered,0,3780.34,3780.34
ORD001863,CUST00137,2025-10-01,Wallet,Delivered,0,7542.92,7542.92
ORD001864,CUST00573,2024-03-17,UPI,Delivered,0,3805.29,3805.29
ORD001865,CUST00279,2025-10-07,UPI,Delivered,0,7194.38,7194.38
ORD001866,CUST00434,2024-07-01,Credit Card,Delivered,0,5059.67,5059.67
ORD001867,CUST00370,2025-07-25,Credit Card,Delivered,0,3837.36,3837.36
ORD001868,CUST00438,2024-10-28,UPI,Delivered,0,3888.59,3888.59
ORD001869,CUST00179,2025-01-12,Debit Card,Delivered,0,14294.85,14294.85
ORD001870,CUST00505,2025-08-22,Credit Card,Delivered,99,482.17,581.17
ORD001871,CUST00072,2024-11-20,Net Banking,Refunded,0,7195.05,7195.05
ORD001872,CUST00281,2024-02-21,UPI,Delivered,0,3879.05,3879.05
ORD001873,CUST00361,2025-10-30,UPI,Delivered,0,12800.54,12800.54
ORD001874,CUST00253,2024-04-11,Credit Card,Delivered,0,12793.61,12793.61
ORD001875,CUST00103,2025-10-02,Debit Card,Delivered,79,560.7,639.7
ORD001876,CUST00421,2024-07-01,Debit Card,Delivered,0,10868.65,10868.65
ORD001877,CUST00455,2025-09-09,Credit Card,Delivered,99,1232.44,1331.44
ORD001878,CUST00453,2024-11-14,Credit Card,Delivered,0,3763.1,3763.1
ORD001879,CUST00445,2024-12-31,UPI,Delivered,0,3763.1,3763.1
ORD001880,CUST00313,2025-03-08,Credit Card,Delivered,99,2278.43,2377.43
ORD001881,CUST00299,2025-12-24,Credit Card,Refunded,0,3930.17,3930.17
ORD001882,CUST00064,2025-08-22,Wallet,Cancelled,0,25772.59,25772.59
ORD001883,CUST00480,2025-06-20,UPI,Delivered,79,1639.68,1718.68
ORD001884,CUST00328,2024-11-21,UPI,Delivered,0,7194.38,7194.38
ORD001885,CUST00351,2025-07-09,Credit Card,Delivered,49,2073.63,2122.63
ORD001886,CUST00532,2025-10-10,Credit Card,Delivered,0,6069.53,6069.53
ORD001887,CUST00279,2025-11-01,Credit Card,Cancelled,0,6474.94,6474.94
ORD001888,CUST00064,2024-07-25,UPI,Delivered,0,17510.76,17510.76
ORD001889,CUST00156,2025-11-30,Credit Card,Delivered,0,2721.27,2721.27
ORD001890,CUST00044,2024-10-15,Debit Card,Delivered,0,2768.56,2768.56
ORD001891,CUST00072,2024-11-07,Wallet,Delivered,0,4317.03,4317.03
ORD001892,CUST00364,2025-06-23,UPI,Delivered,79,2374.52,2453.52
ORD001893,CUST00268,2024-12-11,UPI,Delivered,0,3069.11,3069.11
ORD001894,CUST00296,2024-02-23,Cash on Delivery,Returned,99,1364.75,1463.75
ORD001895,CUST00540,2025-10-29,Debit Card,Delivered,0,6140.35,6140.35
ORD001896,CUST00454,2025-10-14,UPI,Delivered,0,7972.09,7972.09
ORD001897,CUST00365,2024-10-18,Cash on Delivery,Delivered,0,3574.35,3574.35
ORD001898,CUST00391,2024-08-22,Credit Card,Delivered,0,15224.53,15224.53
ORD001899,CUST00021,2025-11-20,Cash on Delivery,Delivered,0,10772.37,10772.37
ORD001900,CUST00431,2025-12-23,UPI,Delivered,49,840.1,889.1
ORD001901,CUST00453,2025-07-05,UPI,Delivered,0,3794.58,3794.58
ORD001902,CUST00174,2025-04-08,Credit Card,Delivered,79,2073.63,2152.63
ORD001903,CUST00309,2024-12-08,Debit Card,Delivered,0,7194.38,7194.38
ORD001904,CUST00350,2025-08-30,UPI,Delivered,0,19255.84,19255.84
ORD001905,CUST00202,2024-10-06,Cash on Delivery,Delivered,0,6933.77,6933.77
ORD001906,CUST00408,2024-10-05,Debit Card,Delivered,0,8726.91,8726.91
ORD001907,CUST00196,2025-06-15,UPI,Delivered,79,2374.52,2453.52
ORD001908,CUST00558,2025-10-01,UPI,Returned,49,623.0,672.0
ORD001909,CUST00279,2025-10-31,Cash on Delivery,Refunded,49,733.54,782.54
ORD001910,CUST00453,2025-09-11,UPI,Delivered,0,4796.7,4796.7
ORD001911,CUST00526,2025-02-06,Cash on Delivery,Delivered,99,2386.05,2485.05
ORD001912,CUST00061,2025-10-26,UPI,Delivered,0,5939.26,5939.26
ORD001913,CUST00596,2025-12-03,Debit Card,Delivered,0,16095.19,16095.19
ORD001914,CUST00287,2024-04-11,Net Banking,Delivered,99,1954.74,2053.74
ORD001915,CUST00597,2024-01-19,Credit Card,Delivered,49,1538.23,1587.23
ORD001916,CUST00176,2025-09-22,Credit Card,Returned,0,7602.25,7602.25
ORD001917,CUST00464,2025-11-26,Credit Card,Delivered,99,458.06,557.06
ORD001918,CUST00502,2025-06-07,Debit Card,Delivered,0,5822.61,5822.61
ORD001919,CUST00157,2025-04-23,Credit Card,Delivered,0,2532.14,2532.14
ORD001920,CUST00448,2024-10-27,Wallet,Delivered,49,862.99,911.99
ORD001921,CUST00242,2025-05-23,Credit Card,Delivered,0,12094.51,12094.51
ORD001922,CUST00422,2025-10-10,Net Banking,Delivered,0,7597.76,7597.76
ORD001923,CUST00261,2025-05-01,Credit Card,Cancelled,0,24062.57,24062.57
ORD001924,CUST00102,2025-08-23,Net Banking,Delivered,0,23293.95,23293.95
ORD001925,CUST00157,2024-01-23,Wallet,Delivered,0,2524.24,2524.24
ORD001926,CUST00395,2025-03-31,Credit Card,Delivered,79,750.27,829.27
ORD001927,CUST00567,2024-03-01,UPI,Delivered,99,1904.98,2003.98
ORD001928,CUST00299,2024-08-17,UPI,Delivered,79,311.15,390.15
ORD001929,CUST00003,2024-08-21,UPI,Delivered,0,4567.7,4567.7
ORD001930,CUST00395,2025-04-25,Credit Card,Delivered,0,4699.86,4699.86
ORD001931,CUST00050,2024-07-18,Credit Card,Delivered,0,5974.66,5974.66
ORD001932,CUST00411,2025-04-30,Net Banking,Delivered,0,13047.67,13047.67
ORD001933,CUST00137,2025-10-08,Credit Card,Delivered,0,9630.04,9630.04
ORD001934,CUST00093,2025-11-14,Debit Card,Delivered,0,3829.59,3829.59
ORD001935,CUST00416,2025-11-02,UPI,Delivered,0,7561.73,7561.73
ORD001936,CUST00437,2025-03-16,Cash on Delivery,Delivered,0,3976.36,3976.36
ORD001937,CUST00335,2025-10-25,Cash on Delivery,Delivered,0,8241.8,8241.8
ORD001938,CUST00147,2025-06-19,Debit Card,Delivered,0,6776.46,6776.46
ORD001939,CUST00589,2025-04-21,Wallet,Returned,0,4458.41,4458.41
ORD001940,CUST00422,2024-04-17,Cash on Delivery,Delivered,79,482.17,561.17
ORD001941,CUST00365,2025-01-15,Cash on Delivery,Delivered,0,5488.25,5488.25
ORD001942,CUST00343,2024-10-25,UPI,Delivered,99,750.27,849.27
ORD001943,CUST00300,2024-11-07,UPI,Delivered,0,30451.05,30451.05
ORD001944,CUST00549,2025-09-07,Net Banking,Delivered,99,2051.59,2150.59
ORD001945,CUST00038,2025-04-20,UPI,Delivered,0,3331.8,3331.8
ORD001946,CUST00371,2024-06-16,Cash on Delivery,Cancelled,0,10091.51,10091.51
ORD001947,CUST00489,2025-07-13,Debit Card,Returned,0,7263.87,7263.87
ORD001948,CUST00259,2025-01-21,Debit Card,Delivered,0,15058.88,15058.88
ORD001949,CUST00567,2024-10-28,UPI,Delivered,0,4249.25,4249.25
ORD001950,CUST00463,2024-09-07,UPI,Returned,0,14232.96,14232.96
ORD001951,CUST00517,2024-10-28,UPI,Delivered,0,5182.44,5182.44
ORD001952,CUST00053,2025-01-15,Net Banking,Delivered,0,4726.87,4726.87
ORD001953,CUST00397,2024-12-09,Debit Card,Delivered,79,1518.17,1597.17
ORD001954,CUST00445,2025-07-28,Credit Card,Returned,0,10060.36,10060.36
ORD001955,CUST00216,2024-12-27,Wallet,Delivered,99,2278.43,2377.43
ORD001956,CUST00558,2025-09-19,Wallet,Delivered,0,6385.37,6385.37
ORD001957,CUST00227,2025-06-27,UPI,Delivered,0,3939.9,3939.9
ORD001958,CUST00537,2025-03-13,UPI,Refunded,0,6834.66,6834.66
ORD001959,CUST00403,2024-12-14,Credit Card,Returned,0,4471.47,4471.47
ORD001960,CUST00142,2024-09-04,Credit Card,Delivered,79,2398.35,2477.35
ORD001961,CUST00373,2025-05-29,Wallet,Cancelled,0,13554.96,13554.96
ORD001962,CUST00236,2024-12-13,Credit Card,Delivered,0,10989.12,10989.12
ORD001963,CUST00329,2024-09-22,Cash on Delivery,Cancelled,0,17425.03,17425.03
ORD001964,CUST00372,2024-10-04,Net Banking,Delivered,0,13939.34,13939.34
ORD001965,CUST00061,2025-03-08,UPI,Refunded,0,10493.84,10493.84
ORD001966,CUST00483,2025-12-03,Credit Card,Delivered,0,7805.09,7805.09
ORD001967,CUST00172,2025-07-18,UPI,Delivered,79,750.27,829.27
ORD001968,CUST00213,2024-11-03,Debit Card,Delivered,99,862.99,961.99
ORD001969,CUST00493,2025-06-24,UPI,Delivered,0,6356.99,6356.99
ORD001970,CUST00135,2025-06-18,Credit Card,Delivered,0,5873.7,5873.7
ORD001971,CUST00003,2024-02-21,Credit Card,Delivered,0,4155.98,4155.98
ORD001972,CUST00327,2025-06-16,Debit Card,Delivered,79,2137.07,2216.07
ORD001973,CUST00428,2025-10-21,Cash on Delivery,Delivered,0,3620.64,3620.64
ORD001974,CUST00144,2024-07-30,Credit Card,Delivered,0,7480.43,7480.43
ORD001975,CUST00570,2024-03-19,Net Banking,Returned,99,433.95,532.95
ORD001976,CUST00014,2025-11-06,Credit Card,Delivered,0,10812.33,10812.33
ORD001977,CUST00032,2025-11-25,Credit Card,Delivered,0,7282.95,7282.95
ORD001978,CUST00558,2025-09-01,UPI,Delivered,99,1443.02,1542.02
ORD001979,CUST00448,2024-08-07,UPI,Cancelled,0,9171.98,9171.98
ORD001980,CUST00558,2025-07-07,Debit Card,Delivered,99,1148.45,1247.45
ORD001981,CUST00024,2024-04-04,Credit Card,Delivered,0,9083.49,9083.49
ORD001982,CUST00405,2025-10-12,Credit Card,Cancelled,49,2398.35,2447.35
ORD001983,CUST00205,2024-04-14,Credit Card,Delivered,0,4535.42,4535.42
ORD001984,CUST00170,2025-02-22,UPI,Delivered,49,2398.35,2447.35
ORD001985,CUST00590,2025-11-14,UPI,Delivered,0,15812.5,15812.5
ORD001986,CUST00414,2024-04-07,UPI,Returned,0,3144.31,3144.31
ORD001987,CUST00171,2024-12-02,Credit Card,Delivered,0,14742.36,14742.36
ORD001988,CUST00287,2025-09-14,UPI,Cancelled,99,482.17,581.17
ORD001989,CUST00247,2024-07-05,Net Banking,Delivered,0,6041.81,6041.81
ORD001990,CUST00542,2025-10-03,Wallet,Delivered,79,2398.35,2477.35
ORD001991,CUST00434,2025-04-15,Debit Card,Delivered,79,591.18,670.18
ORD001992,CUST00036,2025-12-01,UPI,Delivered,0,4317.03,4317.03
ORD001993,CUST00346,2025-09-08,Credit Card,Delivered,49,1899.62,1948.62
ORD001994,CUST00174,2025-03-25,Debit Card,Delivered,99,311.15,410.15
ORD001995,CUST00072,2024-12-09,Wallet,Delivered,0,3423.13,3423.13
ORD001996,CUST00227,2025-12-01,UPI,Delivered,79,526.26,605.26
ORD001997,CUST00461,2025-07-13,UPI,Cancelled,99,1866.27,1965.27
ORD001998,CUST00097,2025-06-02,UPI,Delivered,0,9931.56,9931.56
ORD001999,CUST00342,2025-05-04,UPI,Delivered,49,1374.18,1423.18
ORD002000,CUST00236,2025-11-03,Credit Card,Delivered,79,1872.45,1951.45
ORD002001,CUST00288,2025-02-06,Debit Card,Returned,0,20706.63,20706.63
ORD002002,CUST00142,2025-08-01,Debit Card,Delivered,0,16185.38,16185.38
ORD002003,CUST00523,2024-12-31,Cash on Delivery,Delivered,0,9361.88,9361.88
ORD002004,CUST00039,2025-05-28,Debit Card,Delivered,49,2374.52,2423.52
ORD002005,CUST00132,2024-07-12,Cash on Delivery,Delivered,49,750.27,799.27
ORD002006,CUST00167,2025-10-26,Credit Card,Delivered,0,12530.46,12530.46
ORD002007,CUST00559,2025-11-10,Credit Card,Delivered,0,7796.18,7796.18
ORD002008,CUST00094,2025-11-05,UPI,Delivered,0,10521.76,10521.76
ORD002009,CUST00115,2024-11-01,Credit Card,Cancelled,99,482.17,581.17
ORD002010,CUST00359,2024-08-22,Debit Card,Delivered,79,2255.79,2334.79
ORD002011,CUST00411,2024-10-02,Cash on Delivery,Delivered,79,1194.93,1273.93
ORD002012,CUST00094,2024-10-01,Credit Card,Delivered,0,6006.85,6006.85
ORD002013,CUST00179,2025-03-16,Net Banking,Returned,0,5474.82,5474.82
ORD002014,CUST00541,2025-07-11,UPI,Delivered,49,750.27,799.27
ORD002015,CUST00523,2025-06-28,Cash on Delivery,Returned,99,1614.02,1713.02
ORD002016,CUST00549,2025-11-01,Debit Card,Delivered,0,5479.17,5479.17
ORD002017,CUST00327,2025-07-28,UPI,Cancelled,0,5744.49,5744.49
ORD002018,CUST00346,2025-07-10,Credit Card,Delivered,0,3372.77,3372.77
ORD002019,CUST00152,2025-12-20,Wallet,Delivered,0,3641.95,3641.95
ORD002020,CUST00260,2024-10-11,Cash on Delivery,Delivered,0,6439.28,6439.28
ORD002021,CUST00423,2025-10-23,Credit Card,Delivered,0,4284.85,4284.85
ORD002022,CUST00329,2025-08-02,Credit Card,Delivered,99,409.84,508.84
ORD002023,CUST00070,2025-02-15,Credit Card,Delivered,0,21613.89,21613.89
ORD002024,CUST00326,2025-08-08,UPI,Delivered,99,1491.48,1590.48
ORD002025,CUST00279,2025-12-30,Cash on Delivery,Delivered,0,4914.12,4914.12
ORD002026,CUST00196,2025-06-09,UPI,Delivered,99,280.03,379.03
ORD002027,CUST00059,2024-06-30,Net Banking,Delivered,49,2374.52,2423.52
ORD002028,CUST00536,2025-12-15,UPI,Delivered,0,6619.79,6619.79
ORD002029,CUST00452,2025-12-27,UPI,Delivered,0,6552.01,6552.01
ORD002030,CUST00262,2025-06-21,UPI,Delivered,0,4141.79,4141.79
ORD002031,CUST00230,2025-08-27,UPI,Delivered,49,1115.88,1164.88
ORD002032,CUST00236,2024-11-16,Debit Card,Delivered,0,21515.58,21515.58
ORD002033,CUST00547,2025-10-15,Debit Card,Delivered,49,458.06,507.06
ORD002034,CUST00559,2025-07-30,UPI,Delivered,0,19350.66,19350.66
ORD002035,CUST00549,2025-09-18,Cash on Delivery,Delivered,0,14382.76,14382.76
ORD002036,CUST00279,2025-10-26,Debit Card,Delivered,79,2398.35,2477.35
ORD002037,CUST00329,2024-06-26,UPI,Delivered,0,8851.49,8851.49
ORD002038,CUST00595,2024-12-20,Credit Card,Delivered,0,6361.39,6361.39
ORD002039,CUST00600,2025-12-05,UPI,Delivered,79,529.55,608.55
ORD002040,CUST00097,2025-03-07,Credit Card,Delivered,0,4692.87,4692.87
ORD002041,CUST00408,2025-11-19,Credit Card,Delivered,49,2307.03,2356.03
ORD002042,CUST00329,2025-12-29,Debit Card,Delivered,0,14942.17,14942.17
ORD002043,CUST00597,2025-12-20,UPI,Delivered,49,750.27,799.27
ORD002044,CUST00236,2025-06-20,Credit Card,Delivered,0,48314.83,48314.83
ORD002045,CUST00228,2024-10-25,UPI,Delivered,49,2008.31,2057.31
ORD002046,CUST00496,2025-05-01,UPI,Returned,0,3942.0,3942.0
ORD002047,CUST00434,2024-08-28,Wallet,Delivered,0,3898.89,3898.89
ORD002048,CUST00370,2025-01-01,Credit Card,Returned,79,1572.6,1651.6
ORD002049,CUST00259,2025-01-22,UPI,Delivered,79,936.08,1015.08
ORD002050,CUST00157,2024-04-05,Credit Card,Delivered,49,1500.54,1549.54
ORD002051,CUST00014,2025-11-11,UPI,Delivered,0,9170.24,9170.24
ORD002052,CUST00349,2025-12-11,UPI,Delivered,0,15273.79,15273.79
ORD002053,CUST00468,2025-05-04,UPI,Delivered,79,2255.79,2334.79
ORD002054,CUST00388,2024-06-11,Credit Card,Delivered,49,964.34,1013.34
ORD002055,CUST00119,2024-12-14,Cash on Delivery,Delivered,0,5949.05,5949.05
ORD002056,CUST00132,2024-10-02,Credit Card,Delivered,0,8257.76,8257.76
ORD002057,CUST00277,2025-05-28,Cash on Delivery,Returned,0,6949.77,6949.77
ORD002058,CUST00093,2024-09-09,Credit Card,Delivered,49,1145.07,1194.07
ORD002059,CUST00024,2025-11-21,Cash on Delivery,Cancelled,79,1160.04,1239.04
ORD002060,CUST00434,2024-11-28,UPI,Cancelled,49,1362.14,1411.14
ORD002061,CUST00576,2025-11-20,Debit Card,Returned,0,9949.01,9949.01
ORD002062,CUST00389,2025-08-18,Debit Card,Delivered,0,7548.8,7548.8
ORD002063,CUST00434,2024-01-02,Credit Card,Returned,0,5879.91,5879.91
ORD002064,CUST00047,2024-04-29,Credit Card,Delivered,0,14944.14,14944.14
ORD002065,CUST00509,2025-04-15,Wallet,Delivered,0,4511.59,4511.59
ORD002066,CUST00014,2025-10-27,UPI,Delivered,0,5311.32,5311.32
ORD002067,CUST00035,2025-08-28,Debit Card,Delivered,49,2076.28,2125.28
ORD002068,CUST00094,2024-06-29,Debit Card,Cancelled,0,2904.48,2904.48
ORD002069,CUST00317,2025-01-28,Debit Card,Delivered,0,11070.85,11070.85
ORD002070,CUST00277,2024-06-09,Credit Card,Delivered,0,3013.52,3013.52
ORD002071,CUST00471,2025-03-23,UPI,Delivered,0,4007.34,4007.34
ORD002072,CUST00310,2024-06-27,Cash on Delivery,Delivered,0,9557.3,9557.3
ORD002073,CUST00236,2025-07-17,Credit Card,Delivered,0,3509.99,3509.99
ORD002074,CUST00365,2024-11-02,UPI,Delivered,0,5398.82,5398.82
ORD002075,CUST00213,2024-10-21,Credit Card,Delivered,0,5356.9,5356.9
ORD002076,CUST00097,2024-08-05,Debit Card,Delivered,0,6297.24,6297.24
ORD002077,CUST00274,2025-11-18,Net Banking,Delivered,0,17032.05,17032.05
ORD002078,CUST00166,2025-08-04,Debit Card,Delivered,49,1886.35,1935.35
ORD002079,CUST00038,2025-02-25,UPI,Delivered,0,11942.57,11942.57
ORD002080,CUST00197,2025-03-10,Wallet,Delivered,99,433.95,532.95
ORD002081,CUST00230,2024-03-23,UPI,Delivered,0,2715.28,2715.28
ORD002082,CUST00252,2024-11-29,Cash on Delivery,Delivered,0,3436.37,3436.37
ORD002083,CUST00106,2025-01-22,Credit Card,Delivered,0,4300.66,4300.66
ORD002084,CUST00236,2024-11-30,UPI,Delivered,0,4749.04,4749.04
ORD002085,CUST00434,2024-09-16,Cash on Delivery,Delivered,0,11546.5,11546.5
ORD002086,CUST00147,2024-10-20,Credit Card,Delivered,79,482.17,561.17
ORD002087,CUST00308,2025-04-30,Cash on Delivery,Delivered,0,3352.6,3352.6
ORD002088,CUST00333,2025-04-19,Net Banking,Delivered,0,10058.76,10058.76
ORD002089,CUST00384,2025-08-01,Credit Card,Delivered,0,5755.5,5755.5
ORD002090,CUST00386,2025-06-02,UPI,Delivered,0,10622.64,10622.64
ORD002091,CUST00286,2025-09-03,Credit Card,Delivered,0,8172.37,8172.37
ORD002092,CUST00101,2024-12-01,Debit Card,Delivered,0,19424.83,19424.83
ORD002093,CUST00236,2025-12-07,UPI,Cancelled,0,2868.22,2868.22
ORD002094,CUST00445,2025-08-13,Debit Card,Delivered,0,6703.06,6703.06
ORD002095,CUST00228,2024-10-23,Credit Card,Delivered,49,867.91,916.91
ORD002096,CUST00592,2024-04-13,UPI,Delivered,0,2743.34,2743.34
ORD002097,CUST00249,2025-10-01,UPI,Delivered,0,10884.54,10884.54
ORD002098,CUST00279,2025-10-21,Cash on Delivery,Delivered,0,3506.71,3506.71
ORD002099,CUST00269,2025-08-23,Net Banking,Delivered,0,7828.8,7828.8
ORD002100,CUST00325,2024-06-28,Debit Card,Delivered,79,1443.02,1522.02
ORD002101,CUST00346,2025-08-02,UPI,Delivered,49,1091.8,1140.8
ORD002102,CUST00573,2024-02-21,Credit Card,Delivered,0,9026.25,9026.25
ORD002103,CUST00309,2025-03-16,UPI,Delivered,0,5036.12,5036.12
ORD002104,CUST00316,2025-03-01,Credit Card,Delivered,0,7844.11,7844.11
ORD002105,CUST00312,2025-10-24,UPI,Delivered,0,22324.13,22324.13
ORD002106,CUST00005,2025-03-08,UPI,Delivered,0,6285.22,6285.22
ORD002107,CUST00531,2024-05-18,UPI,Delivered,0,16763.28,16763.28
ORD002108,CUST00237,2025-07-10,Credit Card,Delivered,0,5216.49,5216.49
ORD002109,CUST00376,2025-02-14,Cash on Delivery,Delivered,49,1872.45,1921.45
ORD002110,CUST00382,2025-11-29,UPI,Delivered,99,482.17,581.17
ORD002111,CUST00209,2024-10-30,UPI,Delivered,79,1859.79,1938.79
ORD002112,CUST00116,2025-08-30,Net Banking,Delivered,49,2252.77,2301.77
ORD002113,CUST00093,2024-02-28,UPI,Delivered,0,10123.34,10123.34
ORD002114,CUST00304,2025-04-13,Credit Card,Delivered,0,5386.09,5386.09
ORD002115,CUST00210,2024-07-20,UPI,Delivered,0,7129.36,7129.36
ORD002116,CUST00488,2025-07-22,Net Banking,Delivered,99,1249.86,1348.86
ORD002117,CUST00348,2025-02-04,UPI,Delivered,49,2255.79,2304.79
ORD002118,CUST00558,2025-10-25,Debit Card,Delivered,49,1105.17,1154.17
ORD002119,CUST00468,2025-11-17,Debit Card,Returned,0,9522.21,9522.21
ORD002120,CUST00299,2024-06-23,UPI,Delivered,0,19336.02,19336.02
ORD002121,CUST00035,2025-08-22,Credit Card,Delivered,0,6852.21,6852.21
ORD002122,CUST00549,2025-10-23,Credit Card,Delivered,99,918.59,1017.59
ORD002123,CUST00277,2025-11-19,Debit Card,Delivered,49,2142.79,2191.79
ORD002124,CUST00313,2024-03-15,UPI,Delivered,0,9980.24,9980.24
ORD002125,CUST00352,2025-12-11,Credit Card,Returned,79,1275.46,1354.46
ORD002126,CUST00091,2025-08-18,Credit Card,Delivered,0,13830.78,13830.78
ORD002127,CUST00329,2025-11-16,Wallet,Delivered,99,1778.01,1877.01
ORD002128,CUST00434,2025-12-08,UPI,Returned,49,311.15,360.15
ORD002129,CUST00248,2025-11-17,Net Banking,Delivered,0,5017.4,5017.4
ORD002130,CUST00142,2025-09-30,Credit Card,Delivered,0,4772.87,4772.87
ORD002131,CUST00021,2025-03-28,Wallet,Delivered,49,623.0,672.0
ORD002132,CUST00346,2025-07-09,UPI,Returned,0,3560.85,3560.85
ORD002133,CUST00518,2025-11-18,UPI,Delivered,0,5852.32,5852.32
ORD002134,CUST00549,2025-09-01,UPI,Delivered,49,933.45,982.45
ORD002135,CUST00597,2025-07-02,Credit Card,Delivered,49,2453.17,2502.17
ORD002136,CUST00183,2025-01-28,Debit Card,Delivered,0,9382.62,9382.62
ORD002137,CUST00405,2024-11-20,Wallet,Delivered,0,5045.05,5045.05
ORD002138,CUST00057,2025-04-27,UPI,Delivered,0,5095.78,5095.78
ORD002139,CUST00329,2025-03-31,UPI,Delivered,99,1204.79,1303.79
ORD002140,CUST00324,2025-04-18,UPI,Delivered,79,916.12,995.12
ORD002141,CUST00038,2025-06-02,UPI,Cancelled,99,1500.54,1599.54
ORD002142,CUST00097,2024-09-01,Credit Card,Delivered,0,14300.83,14300.83
ORD002143,CUST00549,2025-09-04,UPI,Delivered,79,637.73,716.73
ORD002144,CUST00137,2025-12-04,UPI,Delivered,79,733.54,812.54
ORD002145,CUST00575,2024-12-23,Credit Card,Delivered,0,16797.35,16797.35
ORD002146,CUST00181,2025-05-06,UPI,Delivered,99,482.17,581.17
ORD002147,CUST00105,2025-02-24,UPI,Delivered,0,7194.38,7194.38
ORD002148,CUST00175,2024-07-30,Credit Card,Delivered,0,10054.22,10054.22
ORD002149,CUST00045,2025-12-03,Credit Card,Delivered,99,750.27,849.27
ORD002150,CUST00585,2025-05-17,UPI,Delivered,0,19650.75,19650.75
ORD002151,CUST00158,2025-02-05,UPI,Delivered,0,8069.39,8069.39
ORD002152,CUST00165,2025-05-22,Credit Card,Cancelled,0,20085.14,20085.14
ORD002153,CUST00196,2025-06-29,UPI,Delivered,0,3980.83,3980.83
ORD002154,CUST00423,2025-10-29,Debit Card,Refunded,99,482.17,581.17
ORD002155,CUST00286,2025-11-10,Net Banking,Delivered,0,33516.13,33516.13
ORD002156,CUST00204,2025-02-18,Net Banking,Delivered,0,27893.65,27893.65
ORD002157,CUST00404,2025-09-17,UPI,Delivered,49,1603.35,1652.35
ORD002158,CUST00517,2024-10-13,Credit Card,Delivered,0,7317.47,7317.47
ORD002159,CUST00314,2025-09-05,Net Banking,Returned,0,2670.11,2670.11
ORD002160,CUST00558,2025-03-13,Net Banking,Delivered,0,2990.2,2990.2
ORD002161,CUST00315,2024-05-11,Credit Card,Delivered,49,2200.62,2249.62
ORD002162,CUST00045,2025-07-11,Net Banking,Cancelled,0,5828.54,5828.54
ORD002163,CUST00486,2025-01-15,Credit Card,Delivered,0,2559.64,2559.64
ORD002164,CUST00333,2025-03-31,Credit Card,Delivered,0,4599.36,4599.36
ORD002165,CUST00442,2024-11-02,UPI,Delivered,0,17035.64,17035.64
ORD002166,CUST00578,2025-01-31,Credit Card,Delivered,99,933.45,1032.45
ORD002167,CUST00526,2024-09-15,Net Banking,Delivered,0,11451.55,11451.55
ORD002168,CUST00448,2024-03-18,Debit Card,Returned,79,2095.59,2174.59
ORD002169,CUST00396,2025-11-16,Debit Card,Delivered,49,2278.43,2327.43
ORD002170,CUST00191,2025-02-15,UPI,Delivered,99,2386.05,2485.05
ORD002171,CUST00304,2025-09-15,Debit Card,Delivered,0,9371.43,9371.43
ORD002172,CUST00152,2025-08-19,UPI,Returned,0,7873.83,7873.83
ORD002173,CUST00475,2025-06-27,UPI,Delivered,99,2246.43,2345.43
ORD002174,CUST00157,2025-07-20,Debit Card,Delivered,79,944.59,1023.59
ORD002175,CUST00599,2024-12-11,UPI,Delivered,0,5878.46,5878.46
ORD002176,CUST00206,2025-06-26,Credit Card,Returned,0,16366.34,16366.34
ORD002177,CUST00405,2025-12-18,Wallet,Cancelled,0,20139.47,20139.47
ORD002178,CUST00587,2025-10-09,Credit Card,Returned,0,3640.13,3640.13
ORD002179,CUST00595,2024-11-19,Credit Card,Delivered,79,1493.97,1572.97
ORD002180,CUST00240,2025-10-06,Debit Card,Returned,0,4604.96,4604.96
ORD002181,CUST00468,2024-04-06,Credit Card,Delivered,0,6792.63,6792.63
ORD002182,CUST00316,2025-02-18,Wallet,Returned,0,2972.06,2972.06
ORD002183,CUST00048,2025-04-28,Credit Card,Delivered,0,6469.65,6469.65
ORD002184,CUST00021,2024-10-22,Credit Card,Delivered,79,2447.67,2526.67
ORD002185,CUST00473,2025-03-11,Credit Card,Delivered,0,5655.02,5655.02
ORD002186,CUST00459,2025-08-11,Credit Card,Cancelled,0,13707.08,13707.08
ORD002187,CUST00328,2024-04-14,Debit Card,Delivered,79,2137.07,2216.07
ORD002188,CUST00010,2025-04-13,Credit Card,Delivered,0,2504.84,2504.84
ORD002189,CUST00463,2025-03-08,Credit Card,Delivered,99,1500.54,1599.54
ORD002190,CUST00453,2025-08-02,UPI,Delivered,49,361.32,410.32
ORD002191,CUST00117,2025-11-14,UPI,Delivered,49,591.85,640.85
ORD002192,CUST00309,2024-11-26,Debit Card,Delivered,0,10694.93,10694.93
ORD002193,CUST00151,2025-03-05,UPI,Delivered,0,4668.41,4668.41
ORD002194,CUST00227,2025-09-09,Wallet,Delivered,0,12228.58,12228.58
ORD002195,CUST00484,2024-12-06,UPI,Delivered,99,458.06,557.06
ORD002196,CUST00536,2025-04-16,UPI,Delivered,0,9221.22,9221.22
ORD002197,CUST00035,2025-10-07,UPI,Delivered,49,458.06,507.06
ORD002198,CUST00353,2025-04-19,Debit Card,Delivered,0,3664.76,3664.76
ORD002199,CUST00372,2024-12-31,Credit Card,Delivered,0,16905.77,16905.77
ORD002200,CUST00466,2025-03-07,Net Banking,Delivered,99,280.03,379.03
ORD002201,CUST00555,2025-09-27,Credit Card,Delivered,79,675.24,754.24
ORD002202,CUST00137,2024-08-13,Credit Card,Delivered,79,311.15,390.15
ORD002203,CUST00173,2025-09-08,UPI,Delivered,0,14483.3,14483.3
ORD002204,CUST00463,2024-04-21,Credit Card,Delivered,0,14405.32,14405.32
ORD002205,CUST00390,2025-09-20,Debit Card,Delivered,0,3756.33,3756.33
ORD002206,CUST00434,2025-12-16,Wallet,Delivered,0,19095.63,19095.63
ORD002207,CUST00434,2024-07-26,Credit Card,Delivered,0,10208.72,10208.72
ORD002208,CUST00157,2025-08-27,Credit Card,Delivered,0,5900.85,5900.85
ORD002209,CUST00423,2025-12-22,UPI,Delivered,0,3407.62,3407.62
ORD002210,CUST00164,2024-12-18,Debit Card,Delivered,0,7194.38,7194.38
ORD002211,CUST00558,2024-03-18,Debit Card,Delivered,0,10651.83,10651.83
ORD002212,CUST00209,2024-11-13,Net Banking,Delivered,0,18459.91,18459.91
ORD002213,CUST00304,2024-03-22,Credit Card,Cancelled,0,5045.75,5045.75
ORD002214,CUST00328,2025-12-01,UPI,Delivered,99,1497.02,1596.02
ORD002215,CUST00315,2024-05-13,Credit Card,Delivered,0,26140.14,26140.14
ORD002216,CUST00329,2024-05-28,UPI,Delivered,0,4185.64,4185.64
ORD002217,CUST00260,2025-12-06,Credit Card,Delivered,49,2142.79,2191.79
ORD002218,CUST00376,2025-02-04,Credit Card,Delivered,49,1158.24,1207.24
ORD002219,CUST00014,2025-11-01,Wallet,Delivered,0,11082.45,11082.45
ORD002220,CUST00361,2025-11-12,UPI,Delivered,0,10483.95,10483.95
ORD002221,CUST00007,2025-11-29,Debit Card,Delivered,0,9763.6,9763.6
ORD002222,CUST00558,2024-08-22,UPI,Delivered,0,4249.06,4249.06
ORD002223,CUST00421,2025-01-06,Net Banking,Delivered,79,409.84,488.84
ORD002224,CUST00042,2024-11-15,Wallet,Delivered,0,6212.35,6212.35
ORD002225,CUST00302,2025-11-30,Net Banking,Delivered,0,4195.56,4195.56
ORD002226,CUST00434,2025-02-26,Debit Card,Cancelled,0,25140.39,25140.39
ORD002227,CUST00518,2024-05-12,Credit Card,Delivered,0,15372.46,15372.46
ORD002228,CUST00524,2024-12-29,Credit Card,Cancelled,0,5497.43,5497.43
ORD002229,CUST00172,2025-11-25,Credit Card,Delivered,0,6834.66,6834.66
ORD002230,CUST00391,2025-12-13,Net Banking,Delivered,0,3582.05,3582.05
ORD002231,CUST00550,2025-06-01,UPI,Returned,0,5379.7,5379.7
ORD002232,CUST00035,2025-09-03,Debit Card,Delivered,49,264.48,313.48
ORD002233,CUST00068,2024-10-31,Debit Card,Delivered,0,11396.58,11396.58
ORD002234,CUST00470,2024-10-21,UPI,Cancelled,0,12230.45,12230.45
ORD002235,CUST00122,2025-07-03,Debit Card,Returned,79,916.12,995.12
ORD002236,CUST00401,2024-10-06,Credit Card,Delivered,79,1603.35,1682.35
ORD002237,CUST00041,2024-11-10,Credit Card,Delivered,0,9869.81,9869.81
ORD002238,CUST00248,2025-08-07,Cash on Delivery,Delivered,0,19723.81,19723.81
ORD002239,CUST00573,2025-04-15,Debit Card,Returned,0,12083.19,12083.19
ORD002240,CUST00308,2025-01-20,Credit Card,Delivered,0,16291.3,16291.3
ORD002241,CUST00434,2024-03-19,UPI,Delivered,49,600.22,649.22
ORD002242,CUST00345,2024-07-24,UPI,Delivered,0,6798.23,6798.23
ORD002243,CUST00285,2025-04-30,UPI,Delivered,0,15775.91,15775.91
ORD002244,CUST00346,2025-07-23,UPI,Delivered,0,2558.46,2558.46
ORD002245,CUST00461,2025-02-09,UPI,Delivered,0,4906.66,4906.66
ORD002246,CUST00196,2025-08-23,UPI,Delivered,99,482.17,581.17
ORD002247,CUST00367,2024-03-06,Debit Card,Cancelled,79,409.84,488.84
ORD002248,CUST00465,2025-11-03,Credit Card,Delivered,0,3857.02,3857.02
ORD002249,CUST00585,2024-11-23,Wallet,Delivered,0,9607.26,9607.26
ORD002250,CUST00201,2025-02-07,Credit Card,Delivered,0,3931.3,3931.3
ORD002251,CUST00372,2024-07-27,UPI,Delivered,0,6934.39,6934.39
ORD002252,CUST00304,2025-04-21,UPI,Delivered,79,1868.49,1947.49
ORD002253,CUST00286,2025-09-10,Wallet,Delivered,79,2481.89,2560.89
ORD002254,CUST00406,2024-05-17,Wallet,Delivered,0,6322.21,6322.21
ORD002255,CUST00206,2025-07-24,UPI,Cancelled,0,5222.27,5222.27
ORD002256,CUST00072,2025-04-19,Wallet,Delivered,0,9560.38,9560.38
ORD002257,CUST00363,2024-10-19,Net Banking,Delivered,99,2031.61,2130.61
ORD002258,CUST00269,2025-08-18,UPI,Delivered,0,6052.27,6052.27
ORD002259,CUST00010,2025-10-10,Cash on Delivery,Delivered,79,382.57,461.57
ORD002260,CUST00279,2025-10-30,Credit Card,Returned,49,1899.62,1948.62
ORD002261,CUST00385,2025-10-19,Credit Card,Delivered,0,4749.04,4749.04
ORD002262,CUST00261,2024-12-16,Debit Card,Delivered,0,7564.68,7564.68
ORD002263,CUST00570,2025-12-18,Cash on Delivery,Delivered,0,6411.2,6411.2
ORD002264,CUST00142,2024-12-12,Net Banking,Delivered,0,4847.07,4847.07
ORD002265,CUST00299,2024-04-28,UPI,Returned,0,3220.13,3220.13
ORD002266,CUST00279,2025-11-01,Credit Card,Cancelled,99,280.03,379.03
ORD002267,CUST00243,2025-05-08,UPI,Delivered,0,3466.32,3466.32
ORD002268,CUST00157,2024-11-28,UPI,Cancelled,0,18343.96,18343.96
ORD002269,CUST00526,2025-07-08,Wallet,Delivered,79,750.27,829.27
ORD002270,CUST00172,2025-12-27,Credit Card,Delivered,0,9728.18,9728.18
ORD002271,CUST00292,2025-04-20,UPI,Delivered,99,712.76,811.76
ORD002272,CUST00273,2025-06-28,UPI,Delivered,0,6752.95,6752.95
ORD002273,CUST00035,2025-09-08,Credit Card,Delivered,0,2757.65,2757.65
ORD002274,CUST00030,2024-11-17,Credit Card,Delivered,0,9251.74,9251.74
ORD002275,CUST00129,2025-07-05,Debit Card,Delivered,0,11649.09,11649.09
ORD002276,CUST00421,2024-10-22,UPI,Delivered,0,12192.2,12192.2
ORD002277,CUST00553,2025-05-15,UPI,Delivered,0,2588.97,2588.97
ORD002278,CUST00279,2025-10-05,Debit Card,Delivered,0,12631.48,12631.48
ORD002279,CUST00068,2025-11-24,UPI,Delivered,0,6681.52,6681.52
ORD002280,CUST00539,2024-08-18,Debit Card,Delivered,79,750.27,829.27
ORD002281,CUST00248,2025-05-30,Credit Card,Delivered,0,18848.71,18848.71
ORD002282,CUST00074,2025-03-14,Credit Card,Delivered,0,12909.0,12909.0
ORD002283,CUST00376,2025-02-01,Cash on Delivery,Delivered,0,4394.85,4394.85
ORD002284,CUST00178,2024-11-28,Credit Card,Cancelled,0,12670.96,12670.96
ORD002285,CUST00044,2025-12-03,Credit Card,Delivered,0,25646.88,25646.88
ORD002286,CUST00391,2024-02-19,UPI,Delivered,99,311.15,410.15
ORD002287,CUST00329,2024-06-27,Credit Card,Delivered,0,17426.76,17426.76
ORD002288,CUST00093,2024-12-13,Debit Card,Delivered,0,5589.83,5589.83
ORD002289,CUST00209,2024-11-01,Net Banking,Delivered,0,18706.19,18706.19
ORD002290,CUST00269,2025-05-19,Credit Card,Delivered,99,793.32,892.32
ORD002291,CUST00348,2025-11-29,UPI,Returned,99,1650.49,1749.49
ORD002292,CUST00445,2025-10-04,Net Banking,Delivered,99,409.84,508.84
ORD002293,CUST00231,2025-11-10,Debit Card,Delivered,99,776.69,875.69
ORD002294,CUST00575,2025-07-08,Net Banking,Delivered,0,4648.65,4648.65
ORD002295,CUST00313,2025-07-05,UPI,Returned,0,7621.4,7621.4
ORD002296,CUST00422,2024-12-15,Wallet,Delivered,0,6633.09,6633.09
ORD002297,CUST00518,2025-06-10,UPI,Delivered,0,5913.0,5913.0
ORD002298,CUST00484,2024-05-20,Net Banking,Delivered,0,6135.75,6135.75
ORD002299,CUST00050,2024-12-04,UPI,Delivered,0,3179.91,3179.91
ORD002300,CUST00567,2025-10-08,Net Banking,Delivered,0,12450.65,12450.65
ORD002301,CUST00558,2025-06-15,Credit Card,Delivered,0,10458.48,10458.48
ORD002302,CUST00072,2025-03-16,Credit Card,Delivered,79,623.0,702.0
ORD002303,CUST00573,2024-03-04,Credit Card,Delivered,0,3418.86,3418.86
ORD002304,CUST00081,2025-03-21,Credit Card,Delivered,79,2142.79,2221.79
ORD002305,CUST00221,2024-04-18,Cash on Delivery,Delivered,0,5755.5,5755.5
ORD002306,CUST00031,2024-03-25,Debit Card,Delivered,0,6572.82,6572.82
ORD002307,CUST00490,2025-07-14,UPI,Delivered,0,20507.16,20507.16
ORD002308,CUST00309,2025-07-14,Cash on Delivery,Delivered,0,4701.68,4701.68
ORD002309,CUST00540,2025-11-03,Credit Card,Delivered,99,482.17,581.17
ORD002310,CUST00434,2024-09-23,Credit Card,Delivered,99,2038.6,2137.6
ORD002311,CUST00229,2025-07-13,Credit Card,Delivered,0,9824.86,9824.86
ORD002312,CUST00223,2025-01-14,Debit Card,Delivered,0,7988.03,7988.03
ORD002313,CUST00434,2025-06-08,Credit Card,Returned,0,9965.77,9965.77
ORD002314,CUST00421,2024-09-08,Cash on Delivery,Delivered,0,4755.71,4755.71
ORD002315,CUST00068,2025-11-04,Credit Card,Delivered,79,2018.34,2097.34
ORD002316,CUST00036,2024-04-19,UPI,Delivered,0,10758.65,10758.65
ORD002317,CUST00339,2025-03-16,UPI,Returned,0,10115.9,10115.9
ORD002318,CUST00030,2025-10-02,UPI,Delivered,99,1183.7,1282.7
ORD002319,CUST00466,2025-02-22,Wallet,Delivered,79,1091.8,1170.8
ORD002320,CUST00420,2025-03-15,UPI,Delivered,0,5311.32,5311.32
ORD002321,CUST00422,2024-04-07,Net Banking,Delivered,0,5245.69,5245.69
ORD002322,CUST00114,2025-10-21,Credit Card,Delivered,49,1073.35,1122.35
ORD002323,CUST00359,2024-06-22,Cash on Delivery,Delivered,0,6267.29,6267.29
ORD002324,CUST00361,2025-11-15,Credit Card,Returned,0,3142.61,3142.61
ORD002325,CUST00403,2024-09-06,UPI,Delivered,49,623.0,672.0
ORD002326,CUST00114,2024-08-14,Net Banking,Delivered,0,2768.56,2768.56
ORD002327,CUST00063,2025-10-08,Net Banking,Delivered,99,2376.03,2475.03
ORD002328,CUST00273,2024-09-19,UPI,Delivered,0,7195.05,7195.05
ORD002329,CUST00467,2025-02-20,Credit Card,Delivered,0,4001.7,4001.7
ORD002330,CUST00383,2024-11-21,Credit Card,Delivered,0,5385.75,5385.75
ORD002331,CUST00178,2025-12-09,UPI,Delivered,79,1725.98,1804.98
ORD002332,CUST00031,2025-02-23,Debit Card,Delivered,0,16339.32,16339.32
ORD002333,CUST00445,2024-06-11,UPI,Returned,0,17151.74,17151.74
ORD002334,CUST00313,2025-05-27,UPI,Delivered,0,7921.32,7921.32
ORD002335,CUST00473,2025-12-01,Debit Card,Delivered,79,600.22,679.22
ORD002336,CUST00158,2024-05-31,Wallet,Delivered,0,2832.58,2832.58
ORD002337,CUST00114,2025-04-06,Debit Card,Delivered,79,591.18,670.18
ORD002338,CUST00247,2025-01-01,Debit Card,Delivered,0,5035.85,5035.85
ORD002339,CUST00329,2024-11-07,UPI,Delivered,99,2011.44,2110.44
ORD002340,CUST00448,2025-10-22,Wallet,Cancelled,0,9033.94,9033.94
ORD002341,CUST00088,2025-05-03,Debit Card,Delivered,0,9472.81,9472.81
ORD002342,CUST00068,2024-10-25,UPI,Delivered,0,39308.54,39308.54
ORD002343,CUST00233,2024-10-02,Credit Card,Delivered,0,6561.35,6561.35
ORD002344,CUST00405,2025-03-29,Credit Card,Returned,0,9569.57,9569.57
ORD002345,CUST00453,2024-11-04,Wallet,Delivered,0,8842.75,8842.75
ORD002346,CUST00153,2025-12-11,Net Banking,Delivered,0,6912.97,6912.97
ORD002347,CUST00009,2025-10-06,UPI,Delivered,0,6473.94,6473.94
ORD002348,CUST00237,2025-10-14,Credit Card,Delivered,0,4597.79,4597.79
ORD002349,CUST00558,2025-10-29,Net Banking,Delivered,79,867.91,946.91
ORD002350,CUST00346,2025-12-14,Credit Card,Delivered,79,681.07,760.07
ORD002351,CUST00262,2024-12-04,Net Banking,Delivered,0,8763.76,8763.76
ORD002352,CUST00454,2025-10-16,UPI,Delivered,0,14998.62,14998.62
ORD002353,CUST00587,2024-12-18,Wallet,Delivered,79,295.59,374.59
ORD002354,CUST00281,2024-10-07,Net Banking,Delivered,79,2073.63,2152.63
ORD002355,CUST00405,2025-03-02,Cash on Delivery,Delivered,49,482.17,531.17
ORD002356,CUST00404,2025-04-18,Debit Card,Delivered,0,5444.71,5444.71
ORD002357,CUST00249,2024-05-09,Credit Card,Refunded,0,5514.98,5514.98
ORD002358,CUST00279,2025-10-06,Credit Card,Delivered,0,20668.89,20668.89
ORD002359,CUST00329,2025-08-01,UPI,Delivered,0,3980.04,3980.04
ORD002360,CUST00092,2025-11-06,Credit Card,Delivered,0,15432.69,15432.69
ORD002361,CUST00074,2024-04-22,Net Banking,Delivered,99,264.48,363.48
ORD002362,CUST00272,2025-07-21,UPI,Delivered,49,1008.74,1057.74
ORD002363,CUST00329,2024-11-19,Credit Card,Returned,49,994.02,1043.02
ORD002364,CUST00157,2024-11-12,UPI,Returned,79,2398.35,2477.35
ORD002365,CUST00575,2024-12-28,Net Banking,Delivered,49,385.74,434.74
ORD002366,CUST00320,2025-02-10,UPI,Delivered,49,2491.66,2540.66
ORD002367,CUST00315,2025-07-06,Credit Card,Delivered,99,482.17,581.17
ORD002368,CUST00463,2025-07-19,UPI,Delivered,0,17745.13,17745.13
ORD002369,CUST00308,2025-01-19,Cash on Delivery,Delivered,99,750.27,849.27
ORD002370,CUST00414,2025-03-30,UPI,Delivered,0,17010.09,17010.09
ORD002371,CUST00313,2025-05-25,Debit Card,Delivered,49,957.5,1006.5
ORD002372,CUST00101,2025-07-15,Credit Card,Delivered,0,5415.21,5415.21
ORD002373,CUST00502,2024-08-26,UPI,Delivered,0,5954.92,5954.92
ORD002374,CUST00247,2024-07-23,UPI,Returned,0,3916.1,3916.1
ORD002375,CUST00329,2024-10-10,Credit Card,Refunded,0,4514.62,4514.62
ORD002376,CUST00502,2025-05-07,Wallet,Delivered,79,750.27,829.27
ORD002377,CUST00142,2025-11-25,UPI,Delivered,0,3975.85,3975.85
ORD002378,CUST00249,2025-11-21,Debit Card,Delivered,0,5311.32,5311.32
ORD002379,CUST00305,2024-12-03,Cash on Delivery,Delivered,0,9353.85,9353.85
ORD002380,CUST00304,2025-05-02,UPI,Returned,0,6249.53,6249.53
ORD002381,CUST00085,2025-05-25,UPI,Delivered,0,19253.95,19253.95
ORD002382,CUST00380,2025-09-03,UPI,Returned,0,2931.66,2931.66
ORD002383,CUST00072,2025-01-30,Credit Card,Delivered,0,18072.23,18072.23
ORD002384,CUST00595,2024-10-18,Credit Card,Delivered,0,6513.09,6513.09
ORD002385,CUST00416,2025-12-07,UPI,Delivered,0,6251.38,6251.38
ORD002386,CUST00085,2025-07-15,Debit Card,Delivered,0,10451.24,10451.24
ORD002387,CUST00294,2025-01-16,Net Banking,Delivered,99,482.17,581.17
ORD002388,CUST00445,2024-08-09,Wallet,Delivered,49,482.17,531.17
ORD002389,CUST00030,2025-06-29,Net Banking,Delivered,0,8845.42,8845.42
ORD002390,CUST00290,2025-12-16,Credit Card,Delivered,99,2097.14,2196.14
ORD002391,CUST00172,2024-07-30,Debit Card,Returned,0,6032.6,6032.6
ORD002392,CUST00527,2025-10-18,Credit Card,Delivered,0,2708.19,2708.19
ORD002393,CUST00558,2024-08-25,Debit Card,Delivered,99,1603.35,1702.35
ORD002394,CUST00597,2025-06-02,Net Banking,Delivered,49,458.06,507.06
ORD002395,CUST00109,2024-10-28,UPI,Delivered,0,4008.0,4008.0
ORD002396,CUST00191,2024-07-14,Credit Card,Delivered,0,8891.97,8891.97
ORD002397,CUST00541,2024-10-09,Debit Card,Delivered,0,15913.35,15913.35
ORD002398,CUST00346,2025-07-31,Credit Card,Delivered,49,425.08,474.08
ORD002399,CUST00477,2025-08-28,UPI,Delivered,0,6271.8,6271.8
ORD002400,CUST00564,2025-04-28,Credit Card,Delivered,0,11934.29,11934.29
ORD002401,CUST00315,2025-12-21,Debit Card,Delivered,0,30324.41,30324.41
ORD002402,CUST00378,2025-09-29,Credit Card,Delivered,0,17770.83,17770.83
ORD002403,CUST00376,2025-06-12,UPI,Delivered,0,6422.3,6422.3
ORD002404,CUST00556,2025-02-12,UPI,Delivered,0,10481.04,10481.04
ORD002405,CUST00569,2024-08-01,Credit Card,Delivered,0,8805.52,8805.52
ORD002406,CUST00464,2024-12-16,UPI,Returned,99,750.27,849.27
ORD002407,CUST00190,2024-11-28,UPI,Delivered,0,5206.05,5206.05
ORD002408,CUST00469,2024-07-22,Wallet,Delivered,0,8713.38,8713.38
ORD002409,CUST00422,2024-10-18,UPI,Delivered,99,964.34,1063.34
ORD002410,CUST00595,2024-10-11,Credit Card,Delivered,49,2398.35,2447.35
ORD002411,CUST00383,2024-11-18,UPI,Delivered,49,867.91,916.91
ORD002412,CUST00437,2025-03-12,Credit Card,Delivered,0,5309.33,5309.33
ORD002413,CUST00072,2025-03-19,Debit Card,Delivered,0,15519.05,15519.05
ORD002414,CUST00279,2025-10-18,Credit Card,Delivered,0,7784.37,7784.37
ORD002415,CUST00421,2025-05-17,Cash on Delivery,Delivered,0,6360.63,6360.63
ORD002416,CUST00038,2025-02-20,Net Banking,Returned,0,4931.96,4931.96
ORD002417,CUST00021,2024-12-29,Debit Card,Delivered,0,2695.97,2695.97
ORD002418,CUST00453,2024-07-10,UPI,Delivered,0,4215.76,4215.76
ORD002419,CUST00279,2025-12-04,Cash on Delivery,Delivered,0,7316.48,7316.48
ORD002420,CUST00488,2024-11-28,Credit Card,Delivered,49,409.84,458.84
ORD002421,CUST00396,2024-11-21,UPI,Delivered,79,1494.98,1573.98
ORD002422,CUST00145,2024-01-24,UPI,Delivered,49,2145.67,2194.67
ORD002423,CUST00243,2025-07-01,Cash on Delivery,Delivered,0,15387.24,15387.24
ORD002424,CUST00396,2025-06-01,Credit Card,Delivered,0,21029.68,21029.68
ORD002425,CUST00175,2024-07-16,Wallet,Delivered,99,458.06,557.06
ORD002426,CUST00036,2024-07-01,Credit Card,Delivered,49,482.17,531.17
ORD002427,CUST00414,2025-07-16,UPI,Delivered,0,4317.03,4317.03
ORD002428,CUST00249,2025-07-12,Credit Card,Delivered,0,3632.54,3632.54
ORD002429,CUST00157,2024-01-10,Credit Card,Delivered,99,1918.68,2017.68
ORD002430,CUST00355,2025-11-13,Credit Card,Returned,0,20263.27,20263.27
ORD002431,CUST00233,2025-11-27,Cash on Delivery,Delivered,0,5589.89,5589.89
ORD002432,CUST00559,2025-03-09,Net Banking,Delivered,79,295.59,374.59
ORD002433,CUST00315,2024-06-14,Wallet,Delivered,0,4297.97,4297.97
ORD002434,CUST00093,2024-09-30,UPI,Delivered,49,2025.73,2074.73
ORD002435,CUST00597,2024-12-24,Net Banking,Delivered,0,3898.89,3898.89
ORD002436,CUST00285,2025-11-14,Debit Card,Delivered,99,1364.75,1463.75
ORD002437,CUST00275,2024-06-20,Credit Card,Delivered,0,6834.66,6834.66
ORD002438,CUST00299,2024-10-14,UPI,Delivered,0,6024.08,6024.08
ORD002439,CUST00313,2025-10-21,Cash on Delivery,Returned,0,3676.83,3676.83
ORD002440,CUST00448,2025-09-08,UPI,Delivered,49,482.17,531.17
ORD002441,CUST00347,2024-07-13,UPI,Delivered,0,5311.32,5311.32
ORD002442,CUST00400,2025-03-16,Credit Card,Delivered,0,15662.72,15662.72
ORD002443,CUST00313,2025-04-30,Wallet,Delivered,79,591.85,670.85
ORD002444,CUST00293,2024-10-25,Net Banking,Delivered,49,1364.75,1413.75
ORD002445,CUST00094,2025-10-15,UPI,Delivered,0,6767.38,6767.38
ORD002446,CUST00364,2025-10-07,Cash on Delivery,Delivered,0,10406.06,10406.06
ORD002447,CUST00032,2024-08-24,Net Banking,Delivered,0,5741.28,5741.28
ORD002448,CUST00558,2024-06-09,Debit Card,Delivered,0,6771.13,6771.13
ORD002449,CUST00209,2024-11-07,Cash on Delivery,Delivered,99,2398.35,2497.35
ORD002450,CUST00286,2025-09-03,Debit Card,Returned,0,5230.65,5230.65
ORD002451,CUST00038,2025-02-16,Wallet,Delivered,0,4125.75,4125.75
ORD002452,CUST00032,2025-01-23,UPI,Delivered,0,7254.65,7254.65
ORD002453,CUST00486,2025-08-26,Credit Card,Delivered,0,11199.36,11199.36
ORD002454,CUST00186,2025-02-12,Net Banking,Delivered,49,2002.48,2051.48
ORD002455,CUST00016,2024-06-07,Credit Card,Delivered,79,482.17,561.17
ORD002456,CUST00453,2024-11-28,Wallet,Delivered,0,12491.51,12491.51
ORD002457,CUST00098,2025-05-01,Credit Card,Delivered,99,1200.43,1299.43
ORD002458,CUST00209,2025-12-14,UPI,Delivered,49,1603.35,1652.35
ORD002459,CUST00436,2025-02-13,UPI,Delivered,99,1364.75,1463.75
ORD002460,CUST00434,2025-03-07,Debit Card,Delivered,0,9721.33,9721.33
ORD002461,CUST00014,2025-11-08,Credit Card,Delivered,0,17284.45,17284.45
ORD002462,CUST00573,2024-03-06,UPI,Delivered,0,3602.37,3602.37
ORD002463,CUST00242,2024-05-19,Net Banking,Delivered,0,7296.67,7296.67
ORD002464,CUST00558,2024-05-18,UPI,Delivered,0,7881.04,7881.04
ORD002465,CUST00286,2025-09-05,UPI,Delivered,0,7485.56,7485.56
ORD002466,CUST00388,2025-08-19,UPI,Delivered,99,819.69,918.69
ORD002467,CUST00598,2025-07-27,UPI,Refunded,0,7645.76,7645.76
ORD002468,CUST00453,2025-10-13,Debit Card,Cancelled,0,3317.21,3317.21
ORD002469,CUST00364,2025-11-13,Credit Card,Delivered,0,12660.68,12660.68
ORD002470,CUST00591,2025-12-25,Credit Card,Delivered,0,10442.19,10442.19
ORD002471,CUST00526,2024-03-28,Debit Card,Delivered,79,1566.34,1645.34
ORD002472,CUST00347,2025-05-12,Cash on Delivery,Delivered,0,11055.85,11055.85
ORD002473,CUST00396,2024-12-02,UPI,Delivered,99,1134.82,1233.82
ORD002474,CUST00021,2025-12-30,Net Banking,Cancelled,49,2398.35,2447.35
ORD002475,CUST00510,2025-10-03,UPI,Refunded,0,13626.04,13626.04
ORD002476,CUST00236,2025-06-27,UPI,Delivered,79,750.27,829.27
ORD002477,CUST00220,2025-08-22,Wallet,Delivered,99,382.57,481.57
ORD002478,CUST00428,2025-07-13,Wallet,Refunded,0,3664.62,3664.62
ORD002479,CUST00010,2025-03-29,UPI,Delivered,0,11447.6,11447.6
ORD002480,CUST00373,2024-05-01,UPI,Delivered,0,22543.86,22543.86
ORD002481,CUST00204,2025-01-30,UPI,Delivered,0,5505.97,5505.97
ORD002482,CUST00328,2024-10-30,Credit Card,Delivered,0,2641.53,2641.53
ORD002483,CUST00329,2025-11-26,Net Banking,Delivered,0,12260.6,12260.6
ORD002484,CUST00229,2024-03-26,Cash on Delivery,Delivered,0,2555.8,2555.8
ORD002485,CUST00542,2025-07-05,Debit Card,Delivered,0,8011.92,8011.92
ORD002486,CUST00559,2025-03-23,UPI,Delivered,0,3602.8,3602.8
ORD002487,CUST00261,2024-12-03,Cash on Delivery,Delivered,0,4772.87,4772.87
ORD002488,CUST00236,2024-11-20,UPI,Returned,0,10329.59,10329.59
ORD002489,CUST00272,2025-06-12,Net Banking,Delivered,49,637.73,686.73
ORD002490,CUST00224,2024-10-14,Credit Card,Delivered,0,7194.38,7194.38
ORD002491,CUST00530,2025-02-12,Wallet,Delivered,49,1918.68,1967.68
ORD002492,CUST00157,2025-12-30,Credit Card,Delivered,49,750.27,799.27
ORD002493,CUST00162,2025-01-12,UPI,Delivered,0,13283.54,13283.54
ORD002494,CUST00106,2025-05-28,Wallet,Cancelled,0,6550.27,6550.27
ORD002495,CUST00547,2025-10-22,Credit Card,Delivered,0,8830.41,8830.41
ORD002496,CUST00549,2025-09-10,Credit Card,Cancelled,0,12668.7,12668.7
ORD002497,CUST00204,2025-04-14,Credit Card,Delivered,0,8544.24,8544.24
ORD002498,CUST00196,2025-08-02,Net Banking,Delivered,79,750.27,829.27
ORD002499,CUST00130,2025-10-31,UPI,Delivered,0,21647.9,21647.9
ORD002500,CUST00421,2024-12-29,Credit Card,Delivered,99,382.57,481.57
ORD002501,CUST00072,2024-11-11,Credit Card,Delivered,49,1296.51,1345.51
ORD002502,CUST00248,2025-11-11,Cash on Delivery,Delivered,0,9060.43,9060.43
ORD002503,CUST00130,2025-11-06,Cash on Delivery,Delivered,0,12226.59,12226.59
ORD002504,CUST00448,2024-12-27,Credit Card,Returned,0,5179.16,5179.16
ORD002505,CUST00449,2025-03-14,Credit Card,Delivered,0,17883.11,17883.11
ORD002506,CUST00421,2025-07-16,Cash on Delivery,Delivered,79,2038.6,2117.6
ORD002507,CUST00600,2025-06-28,UPI,Delivered,49,458.06,507.06
ORD002508,CUST00365,2025-06-21,UPI,Returned,99,2398.35,2497.35
ORD002509,CUST00445,2024-11-01,UPI,Delivered,0,5045.75,5045.75
ORD002510,CUST00473,2025-09-12,Debit Card,Delivered,0,4307.54,4307.54
ORD002511,CUST00418,2025-06-10,Debit Card,Delivered,0,4344.97,4344.97
ORD002512,CUST00358,2024-11-18,UPI,Delivered,79,2278.43,2357.43
ORD002513,CUST00165,2024-07-16,Net Banking,Delivered,0,5016.64,5016.64
ORD002514,CUST00304,2024-09-12,Credit Card,Delivered,0,4760.57,4760.57
ORD002515,CUST00532,2025-10-27,Wallet,Delivered,0,3028.7,3028.7
ORD002516,CUST00383,2025-04-09,Credit Card,Cancelled,0,32458.27,32458.27
ORD002517,CUST00405,2025-06-10,Debit Card,Delivered,0,11087.9,11087.9
ORD002518,CUST00573,2024-03-08,Debit Card,Delivered,0,7933.09,7933.09
ORD002519,CUST00502,2024-11-19,UPI,Returned,99,2038.6,2137.6
ORD002520,CUST00275,2024-02-14,UPI,Delivered,0,7522.09,7522.09
ORD002521,CUST00236,2024-12-16,UPI,Delivered,0,9388.62,9388.62
ORD002522,CUST00332,2024-03-17,Debit Card,Returned,49,2278.43,2327.43
ORD002523,CUST00269,2024-01-04,Wallet,Delivered,0,6285.22,6285.22
ORD002524,CUST00142,2025-11-22,Net Banking,Returned,0,2838.18,2838.18
ORD002525,CUST00072,2025-06-28,UPI,Delivered,49,482.17,531.17
ORD002526,CUST00299,2024-12-31,Debit Card,Delivered,0,12490.98,12490.98
ORD002527,CUST00431,2025-06-22,UPI,Delivered,49,1195.98,1244.98
ORD002528,CUST00286,2025-09-05,Debit Card,Delivered,0,3785.68,3785.68
ORD002529,CUST00278,2025-12-24,UPI,Cancelled,49,1603.35,1652.35
ORD002530,CUST00434,2024-09-28,Cash on Delivery,Delivered,0,23889.3,23889.3
ORD002531,CUST00595,2024-10-26,UPI,Delivered,0,5975.94,5975.94
ORD002532,CUST00014,2025-11-05,Credit Card,Returned,0,16629.91,16629.91
ORD002533,CUST00072,2025-04-18,Credit Card,Returned,0,5007.42,5007.42
ORD002534,CUST00140,2025-07-31,Debit Card,Delivered,0,9830.18,9830.18
ORD002535,CUST00372,2024-02-21,UPI,Delivered,0,3169.31,3169.31
ORD002536,CUST00223,2025-02-12,UPI,Delivered,0,6792.86,6792.86
ORD002537,CUST00299,2025-01-11,UPI,Delivered,0,9822.11,9822.11
ORD002538,CUST00186,2025-10-06,Debit Card,Delivered,0,4308.06,4308.06
ORD002539,CUST00100,2024-11-09,UPI,Delivered,0,3348.27,3348.27
ORD002540,CUST00261,2024-09-20,Cash on Delivery,Delivered,99,2158.52,2257.52
ORD002541,CUST00472,2024-08-22,UPI,Delivered,79,1301.86,1380.86
ORD002542,CUST00436,2025-07-09,UPI,Delivered,0,3847.33,3847.33
ORD002543,CUST00050,2025-07-01,Wallet,Delivered,0,9171.98,9171.98
ORD002544,CUST00083,2024-06-09,UPI,Delivered,99,819.84,918.84
ORD002545,CUST00454,2025-12-06,UPI,Delivered,0,53438.78,53438.78
ORD002546,CUST00094,2025-10-20,Debit Card,Delivered,49,280.03,329.03
ORD002547,CUST00445,2024-06-11,Debit Card,Refunded,0,9029.24,9029.24
ORD002548,CUST00147,2024-09-29,UPI,Delivered,99,2398.35,2497.35
ORD002549,CUST00279,2025-10-05,Wallet,Delivered,99,622.3,721.3
ORD002550,CUST00327,2025-09-01,Debit Card,Delivered,99,311.15,410.15
ORD002551,CUST00507,2024-03-26,UPI,Delivered,0,4749.04,4749.04
ORD002552,CUST00236,2025-11-16,Net Banking,Delivered,0,4599.38,4599.38
ORD002553,CUST00361,2025-11-17,Net Banking,Delivered,0,19133.15,19133.15
ORD002554,CUST00109,2024-10-25,Cash on Delivery,Delivered,99,1869.0,1968.0
ORD002555,CUST00279,2025-10-04,Credit Card,Delivered,0,9094.0,9094.0
ORD002556,CUST00573,2025-01-23,UPI,Delivered,0,19137.26,19137.26
ORD002557,CUST00277,2025-11-04,Cash on Delivery,Delivered,0,3875.7,3875.7
ORD002558,CUST00051,2024-06-03,UPI,Returned,0,12777.18,12777.18
ORD002559,CUST00453,2025-10-31,Cash on Delivery,Delivered,0,14667.32,14667.32
ORD002560,CUST00549,2025-09-18,Cash on Delivery,Delivered,0,3821.03,3821.03
ORD002561,CUST00054,2025-08-10,Wallet,Delivered,99,1960.25,2059.25
ORD002562,CUST00434,2024-06-09,UPI,Delivered,0,4914.12,4914.12
ORD002563,CUST00441,2024-12-23,UPI,Delivered,0,10841.9,10841.9
ORD002564,CUST00366,2025-12-18,Cash on Delivery,Delivered,79,909.62,988.62
ORD002565,CUST00408,2024-10-05,Credit Card,Delivered,0,3146.93,3146.93
ORD002566,CUST00465,2025-03-05,Credit Card,Delivered,79,295.59,374.59
ORD002567,CUST00486,2025-01-13,Debit Card,Delivered,0,2856.69,2856.69
ORD002568,CUST00430,2025-08-03,Credit Card,Delivered,0,4077.2,4077.2
ORD002569,CUST00132,2024-09-27,Credit Card,Delivered,99,1589.27,1688.27
ORD002570,CUST00445,2024-11-26,Credit Card,Cancelled,0,21700.46,21700.46
ORD002571,CUST00391,2024-09-08,Wallet,Delivered,99,681.07,780.07
ORD002572,CUST00299,2024-05-25,Net Banking,Delivered,79,1272.83,1351.83
ORD002573,CUST00277,2025-09-03,UPI,Refunded,0,5581.22,5581.22
ORD002574,CUST00143,2025-01-26,Wallet,Delivered,49,1523.18,1572.18
ORD002575,CUST00445,2025-07-03,UPI,Returned,0,14669.21,14669.21
ORD002576,CUST00556,2024-06-23,Cash on Delivery,Delivered,79,1062.96,1141.96
ORD002577,CUST00076,2025-05-01,Debit Card,Delivered,0,7895.17,7895.17
ORD002578,CUST00231,2025-11-09,Credit Card,Delivered,0,17140.71,17140.71
ORD002579,CUST00334,2025-12-14,Net Banking,Delivered,99,1675.9,1774.9
ORD002580,CUST00221,2025-06-06,UPI,Delivered,79,458.06,537.06
ORD002581,CUST00041,2024-10-29,Net Banking,Returned,79,2320.07,2399.07
ORD002582,CUST00478,2024-10-03,UPI,Delivered,49,862.99,911.99
ORD002583,CUST00368,2025-05-24,Wallet,Returned,0,5761.85,5761.85
ORD002584,CUST00287,2024-06-21,UPI,Returned,0,10233.82,10233.82
ORD002585,CUST00464,2025-06-11,Wallet,Refunded,49,2255.79,2304.79
ORD002586,CUST00286,2025-09-21,UPI,Delivered,0,3773.55,3773.55
ORD002587,CUST00017,2025-11-01,UPI,Delivered,0,4094.25,4094.25
ORD002588,CUST00558,2025-06-07,UPI,Delivered,0,6800.61,6800.61
ORD002589,CUST00328,2025-09-20,Cash on Delivery,Delivered,49,1446.51,1495.51
ORD002590,CUST00260,2024-03-03,Net Banking,Delivered,79,1930.97,2009.97
ORD002591,CUST00365,2025-06-08,Credit Card,Delivered,79,2255.79,2334.79
ORD002592,CUST00237,2025-04-09,Debit Card,Delivered,0,16579.84,16579.84
ORD002593,CUST00379,2025-10-27,Credit Card,Delivered,0,19017.47,19017.47
ORD002594,CUST00229,2025-07-24,Credit Card,Delivered,0,13231.14,13231.14
ORD002595,CUST00197,2024-09-10,Debit Card,Delivered,0,6471.43,6471.43
ORD002596,CUST00254,2025-09-22,Credit Card,Delivered,0,3582.46,3582.46
ORD002597,CUST00346,2025-12-07,UPI,Delivered,0,3312.78,3312.78
ORD002598,CUST00365,2024-10-19,Debit Card,Delivered,99,1042.42,1141.42
ORD002599,CUST00496,2025-05-03,Debit Card,Delivered,79,1232.44,1311.44
ORD002600,CUST00509,2025-05-01,UPI,Delivered,0,3799.23,3799.23
ORD002601,CUST00156,2025-09-30,Wallet,Cancelled,79,964.34,1043.34
ORD002602,CUST00279,2025-10-06,UPI,Delivered,0,3331.73,3331.73
ORD002603,CUST00523,2025-02-10,UPI,Delivered,79,409.84,488.84
ORD002604,CUST00026,2025-05-27,UPI,Cancelled,0,3150.8,3150.8
ORD002605,CUST00227,2025-10-10,Credit Card,Delivered,0,6767.38,6767.38
ORD002606,CUST00003,2024-10-25,Credit Card,Delivered,0,3384.74,3384.74
ORD002607,CUST00164,2025-11-14,Credit Card,Delivered,0,4556.86,4556.86
ORD002608,CUST00372,2025-04-04,Credit Card,Delivered,0,10622.64,10622.64
ORD002609,CUST00475,2025-02-17,UPI,Delivered,49,613.6,662.6
ORD002610,CUST00583,2025-02-23,UPI,Delivered,0,11267.23,11267.23
ORD002611,CUST00185,2024-10-20,Credit Card,Delivered,99,1677.1,1776.1
ORD002612,CUST00172,2024-11-25,Cash on Delivery,Delivered,0,13783.77,13783.77
ORD002613,CUST00468,2024-11-22,UPI,Delivered,0,10293.38,10293.38
ORD002614,CUST00496,2025-05-04,Debit Card,Cancelled,0,4775.99,4775.99
ORD002615,CUST00558,2024-07-19,Credit Card,Delivered,79,1370.58,1449.58
ORD002616,CUST00527,2024-08-21,UPI,Delivered,0,8713.38,8713.38
ORD002617,CUST00505,2025-01-17,UPI,Delivered,0,12161.17,12161.17
ORD002618,CUST00279,2025-10-20,Cash on Delivery,Delivered,0,8430.12,8430.12
ORD002619,CUST00469,2024-07-03,Wallet,Delivered,0,17403.99,17403.99
ORD002620,CUST00038,2025-03-05,Cash on Delivery,Delivered,49,600.22,649.22
ORD002621,CUST00512,2024-12-17,Net Banking,Delivered,0,12966.64,12966.64
ORD002622,CUST00130,2025-11-02,UPI,Delivered,49,2374.52,2423.52
ORD002623,CUST00410,2025-03-06,Credit Card,Delivered,99,1111.28,1210.28
ORD002624,CUST00526,2025-11-25,Wallet,Delivered,0,14714.62,14714.62
ORD002625,CUST00072,2025-12-22,UPI,Delivered,79,433.95,512.95
ORD002626,CUST00253,2024-05-09,Debit Card,Delivered,99,1415.34,1514.34
ORD002627,CUST00479,2024-12-02,Wallet,Delivered,0,10060.36,10060.36
ORD002628,CUST00526,2024-03-28,Credit Card,Delivered,0,7919.89,7919.89
ORD002629,CUST00157,2025-09-01,UPI,Delivered,0,6846.16,6846.16
ORD002630,CUST00305,2024-03-07,Credit Card,Delivered,0,4825.77,4825.77
ORD002631,CUST00118,2024-08-02,Wallet,Delivered,0,5189.86,5189.86
ORD002632,CUST00558,2024-09-26,Debit Card,Delivered,0,15703.36,15703.36
ORD002633,CUST00350,2025-08-13,Credit Card,Returned,99,2374.52,2473.52
ORD002634,CUST00039,2025-06-03,Cash on Delivery,Delivered,0,7265.09,7265.09
ORD002635,CUST00035,2025-08-20,Debit Card,Delivered,0,11950.66,11950.66
ORD002636,CUST00460,2024-11-19,Credit Card,Delivered,99,280.03,379.03
ORD002637,CUST00083,2024-05-07,Cash on Delivery,Delivered,99,996.8,1095.8
ORD002638,CUST00346,2025-07-07,Net Banking,Delivered,0,12448.01,12448.01
ORD002639,CUST00364,2025-05-27,UPI,Delivered,0,14927.1,14927.1
ORD002640,CUST00286,2025-08-16,Cash on Delivery,Delivered,0,8896.17,8896.17
ORD002641,CUST00117,2025-09-07,Credit Card,Delivered,49,2330.07,2379.07
ORD002642,CUST00519,2025-12-18,Debit Card,Delivered,99,750.27,849.27
ORD002643,CUST00422,2024-11-11,UPI,Delivered,79,2222.56,2301.56
ORD002644,CUST00247,2025-05-19,Net Banking,Delivered,0,5745.27,5745.27
ORD002645,CUST00589,2024-09-09,Net Banking,Delivered,99,1345.16,1444.16
ORD002646,CUST00021,2024-11-09,Debit Card,Delivered,0,17598.61,17598.61
ORD002647,CUST00531,2024-10-20,Debit Card,Delivered,0,4668.41,4668.41
ORD002648,CUST00072,2024-11-16,UPI,Delivered,79,458.06,537.06
ORD002649,CUST00010,2025-02-20,Net Banking,Delivered,0,14156.74,14156.74
ORD002650,CUST00082,2025-09-25,UPI,Delivered,0,16396.02,16396.02
ORD002651,CUST00220,2025-01-22,Cash on Delivery,Delivered,0,11907.25,11907.25
ORD002652,CUST00072,2024-10-30,Debit Card,Delivered,79,1478.08,1557.08
ORD002653,CUST00302,2025-08-11,Cash on Delivery,Delivered,0,3977.87,3977.87
ORD002654,CUST00329,2025-10-08,Cash on Delivery,Returned,49,1500.54,1549.54
ORD002655,CUST00421,2025-12-23,Debit Card,Delivered,49,1899.62,1948.62
ORD002656,CUST00382,2025-12-23,UPI,Delivered,0,10494.93,10494.93
ORD002657,CUST00331,2025-11-15,Credit Card,Delivered,0,8254.78,8254.78
ORD002658,CUST00445,2024-06-08,Credit Card,Delivered,0,6987.36,6987.36
ORD002659,CUST00507,2024-12-16,UPI,Returned,79,750.27,829.27
ORD002660,CUST00534,2024-02-10,Credit Card,Delivered,0,9284.47,9284.47
ORD002661,CUST00234,2024-12-07,Credit Card,Delivered,0,3733.59,3733.59
ORD002662,CUST00366,2025-10-30,UPI,Delivered,0,7164.51,7164.51
ORD002663,CUST00338,2025-11-12,Debit Card,Delivered,99,403.83,502.83
ORD002664,CUST00347,2024-06-02,Debit Card,Delivered,0,5992.84,5992.84
ORD002665,CUST00496,2025-11-29,UPI,Delivered,0,3763.1,3763.1
ORD002666,CUST00596,2025-10-15,Credit Card,Delivered,0,3525.17,3525.17
ORD002667,CUST00549,2025-12-02,UPI,Delivered,0,29117.44,29117.44
ORD002668,CUST00078,2025-06-20,Credit Card,Delivered,0,3123.7,3123.7
ORD002669,CUST00375,2025-08-30,Net Banking,Delivered,49,528.95,577.95
ORD002670,CUST00248,2025-12-01,Cash on Delivery,Delivered,0,12225.99,12225.99
ORD002671,CUST00329,2024-08-29,Credit Card,Delivered,49,482.17,531.17
ORD002672,CUST00488,2024-12-21,UPI,Delivered,0,3210.64,3210.64
ORD002673,CUST00302,2025-07-25,Credit Card,Delivered,49,733.54,782.54
ORD002674,CUST00033,2025-11-26,Credit Card,Delivered,0,16532.96,16532.96
ORD002675,CUST00595,2025-02-07,Wallet,Delivered,0,14276.0,14276.0
ORD002676,CUST00536,2024-02-09,Credit Card,Delivered,79,2138.27,2217.27
ORD002677,CUST00485,2025-12-04,UPI,Delivered,99,2386.05,2485.05
ORD002678,CUST00373,2024-08-09,Debit Card,Returned,99,1500.54,1599.54
ORD002679,CUST00316,2025-03-11,Credit Card,Delivered,49,793.32,842.32
ORD002680,CUST00577,2024-11-28,Cash on Delivery,Delivered,0,4796.7,4796.7
ORD002681,CUST00533,2025-11-13,Credit Card,Delivered,0,5372.04,5372.04
ORD002682,CUST00228,2024-10-27,Wallet,Delivered,0,16189.73,16189.73
ORD002683,CUST00558,2024-02-12,UPI,Delivered,99,458.06,557.06
ORD002684,CUST00408,2025-10-09,Credit Card,Delivered,79,637.73,716.73
ORD002685,CUST00488,2024-07-28,Debit Card,Delivered,79,2374.52,2453.52
ORD002686,CUST00092,2025-10-08,Credit Card,Delivered,79,1851.12,1930.12
ORD002687,CUST00279,2025-10-20,UPI,Returned,49,886.78,935.78
ORD002688,CUST00014,2025-10-27,Cash on Delivery,Delivered,0,10387.1,10387.1
ORD002689,CUST00569,2024-07-14,Wallet,Delivered,0,13945.35,13945.35
ORD002690,CUST00024,2024-11-17,Credit Card,Delivered,99,2374.52,2473.52
ORD002691,CUST00386,2025-03-25,UPI,Delivered,0,11346.22,11346.22
ORD002692,CUST00448,2025-09-28,Wallet,Returned,0,10431.68,10431.68
ORD002693,CUST00587,2024-12-19,UPI,Delivered,0,9522.27,9522.27
ORD002694,CUST00313,2025-12-06,Debit Card,Delivered,0,11975.21,11975.21
ORD002695,CUST00206,2025-11-19,Debit Card,Delivered,0,4796.7,4796.7
ORD002696,CUST00175,2024-09-02,Debit Card,Delivered,0,5176.02,5176.02
ORD002697,CUST00023,2025-06-26,UPI,Delivered,0,6206.85,6206.85
ORD002698,CUST00460,2024-11-28,UPI,Delivered,99,2328.52,2427.52
ORD002699,CUST00041,2025-12-07,Credit Card,Returned,0,6115.22,6115.22
ORD002700,CUST00497,2024-11-14,UPI,Delivered,99,1296.51,1395.51
ORD002701,CUST00417,2025-06-12,Credit Card,Delivered,49,750.27,799.27
ORD002702,CUST00326,2025-07-07,UPI,Delivered,99,867.91,966.91
ORD002703,CUST00358,2024-11-13,Credit Card,Cancelled,99,295.59,394.59
ORD002704,CUST00147,2025-10-16,Net Banking,Delivered,99,1899.62,1998.62
ORD002705,CUST00141,2025-01-09,UPI,Refunded,0,11667.39,11667.39
ORD002706,CUST00254,2025-08-10,Credit Card,Delivered,0,6166.39,6166.39
ORD002707,CUST00330,2025-09-17,Wallet,Cancelled,0,13773.02,13773.02
ORD002708,CUST00223,2025-01-14,UPI,Delivered,0,4772.87,4772.87
ORD002709,CUST00014,2025-10-22,Wallet,Delivered,0,5045.75,5045.75
ORD002710,CUST00558,2024-12-02,UPI,Delivered,0,4807.91,4807.91
ORD002711,CUST00405,2024-12-15,Credit Card,Delivered,0,4509.95,4509.95
ORD002712,CUST00463,2024-01-11,Credit Card,Delivered,79,862.99,941.99
ORD002713,CUST00035,2025-08-26,Wallet,Returned,79,1134.82,1213.82
ORD002714,CUST00405,2024-11-07,Credit Card,Delivered,0,16655.51,16655.51
ORD002715,CUST00040,2025-05-16,UPI,Delivered,49,944.59,993.59
ORD002716,CUST00196,2025-09-17,Cash on Delivery,Delivered,0,6169.27,6169.27
ORD002717,CUST00514,2025-10-09,Debit Card,Cancelled,99,433.95,532.95
ORD002718,CUST00573,2025-07-24,UPI,Delivered,0,7337.58,7337.58
ORD002719,CUST00116,2025-06-29,Credit Card,Delivered,0,17809.36,17809.36
ORD002720,CUST00585,2025-08-23,Debit Card,Delivered,99,933.45,1032.45
ORD002721,CUST00413,2025-06-18,Credit Card,Delivered,99,2266.75,2365.75
ORD002722,CUST00599,2025-06-28,Credit Card,Delivered,79,2278.43,2357.43
ORD002723,CUST00079,2025-07-27,UPI,Returned,0,6038.82,6038.82
ORD002724,CUST00572,2025-03-27,Cash on Delivery,Delivered,0,31585.12,31585.12
ORD002725,CUST00423,2025-10-30,Debit Card,Delivered,99,1062.96,1161.96
ORD002726,CUST00036,2025-10-14,UPI,Delivered,79,1250.54,1329.54
ORD002727,CUST00010,2025-02-13,Credit Card,Delivered,99,750.27,849.27
ORD002728,CUST00299,2024-10-26,Credit Card,Cancelled,0,3693.84,3693.84
ORD002729,CUST00052,2025-10-15,Wallet,Delivered,99,1225.93,1324.93
ORD002730,CUST00145,2025-03-25,Credit Card,Cancelled,49,591.18,640.18
ORD002731,CUST00021,2024-06-09,Debit Card,Delivered,0,3616.42,3616.42
ORD002732,CUST00373,2025-09-24,Credit Card,Delivered,79,933.45,1012.45
ORD002733,CUST00533,2025-11-17,Credit Card,Refunded,99,850.16,949.16
ORD002734,CUST00171,2025-06-13,Cash on Delivery,Delivered,0,41703.9,41703.9
ORD002735,CUST00215,2024-01-12,Cash on Delivery,Delivered,99,409.84,508.84
ORD002736,CUST00240,2025-10-16,Credit Card,Delivered,0,7434.88,7434.88
ORD002737,CUST00005,2025-09-05,Debit Card,Delivered,79,2386.05,2465.05
ORD002738,CUST00243,2025-05-14,Credit Card,Delivered,0,4810.05,4810.05
ORD002739,CUST00248,2024-04-29,Debit Card,Delivered,0,12462.8,12462.8
ORD002740,CUST00386,2024-08-07,Cash on Delivery,Delivered,0,8453.93,8453.93
ORD002741,CUST00142,2024-07-03,Credit Card,Delivered,49,311.15,360.15
ORD002742,CUST00209,2025-10-17,Credit Card,Delivered,0,8595.22,8595.22
ORD002743,CUST00191,2025-09-21,Wallet,Delivered,99,1145.07,1244.07
ORD002744,CUST00313,2024-11-20,Net Banking,Delivered,0,3336.76,3336.76
ORD002745,CUST00332,2025-10-02,UPI,Cancelled,0,12689.23,12689.23
ORD002746,CUST00243,2025-05-14,UPI,Delivered,0,5731.6,5731.6
ORD002747,CUST00402,2025-02-04,Wallet,Delivered,0,4672.61,4672.61
ORD002748,CUST00332,2025-05-07,Cash on Delivery,Delivered,0,19825.26,19825.26
ORD002749,CUST00335,2025-10-13,UPI,Delivered,49,886.78,935.78
ORD002750,CUST00173,2024-12-16,Debit Card,Delivered,79,1068.68,1147.68
ORD002751,CUST00536,2024-03-05,UPI,Delivered,0,5625.91,5625.91
ORD002752,CUST00329,2024-10-12,Cash on Delivery,Delivered,0,9595.53,9595.53
ORD002753,CUST00390,2025-02-28,Credit Card,Delivered,99,425.08,524.08
ORD002754,CUST00110,2025-11-26,UPI,Delivered,0,13194.81,13194.81
ORD002755,CUST00445,2024-07-09,Debit Card,Delivered,79,867.91,946.91
ORD002756,CUST00094,2025-10-10,Debit Card,Delivered,0,9005.22,9005.22
ORD002757,CUST00061,2025-07-19,Net Banking,Delivered,0,6174.55,6174.55
ORD002758,CUST00237,2025-11-30,UPI,Delivered,0,13323.97,13323.97
ORD002759,CUST00138,2025-09-06,UPI,Delivered,0,17285.89,17285.89
ORD002760,CUST00336,2024-07-05,Credit Card,Delivered,99,1500.54,1599.54
ORD002761,CUST00243,2025-04-30,Debit Card,Cancelled,79,2018.34,2097.34
ORD002762,CUST00221,2025-09-19,Debit Card,Delivered,79,862.99,941.99
ORD002763,CUST00319,2025-06-29,Cash on Delivery,Returned,0,3446.23,3446.23
ORD002764,CUST00538,2024-11-03,Credit Card,Delivered,0,3191.67,3191.67
ORD002765,CUST00445,2025-06-02,UPI,Delivered,0,5742.95,5742.95
ORD002766,CUST00434,2024-10-29,UPI,Cancelled,0,10180.53,10180.53
ORD002767,CUST00313,2025-02-23,Cash on Delivery,Delivered,99,2137.07,2236.07
ORD002768,CUST00286,2025-09-06,Debit Card,Delivered,0,4556.86,4556.86
ORD002769,CUST00567,2025-11-12,Debit Card,Delivered,0,3494.37,3494.37
ORD002770,CUST00434,2025-08-27,Credit Card,Delivered,0,7969.65,7969.65
ORD002771,CUST00178,2025-10-09,Cash on Delivery,Delivered,0,8839.47,8839.47
ORD002772,CUST00136,2025-11-07,Credit Card,Delivered,0,4796.7,4796.7
ORD002773,CUST00588,2025-02-03,UPI,Cancelled,79,2158.52,2237.52
ORD002774,CUST00369,2024-03-21,Net Banking,Delivered,0,8037.46,8037.46
ORD002775,CUST00530,2025-01-29,Debit Card,Refunded,0,6258.48,6258.48
ORD002776,CUST00526,2024-12-26,Cash on Delivery,Delivered,99,916.12,1015.12
ORD002777,CUST00493,2025-07-04,Credit Card,Returned,0,3266.96,3266.96
ORD002778,CUST00280,2025-07-18,Debit Card,Delivered,99,2278.43,2377.43
ORD002779,CUST00251,2025-10-21,UPI,Cancelled,0,11559.28,11559.28
ORD002780,CUST00299,2024-07-07,UPI,Refunded,0,15290.39,15290.39
ORD002781,CUST00056,2025-03-15,Credit Card,Delivered,0,8832.48,8832.48
ORD002782,CUST00370,2024-06-16,Credit Card,Delivered,0,5311.32,5311.32
ORD002783,CUST00549,2025-09-24,UPI,Delivered,0,2701.0,2701.0
ORD002784,CUST00503,2025-08-09,Debit Card,Delivered,0,9537.23,9537.23
ORD002785,CUST00053,2025-11-22,Credit Card,Delivered,0,8894.1,8894.1
ORD002786,CUST00346,2025-10-18,Debit Card,Delivered,0,2938.72,2938.72
ORD002787,CUST00511,2025-11-21,Credit Card,Cancelled,0,4573.23,4573.23
ORD002788,CUST00162,2025-11-05,Wallet,Returned,0,9964.96,9964.96
ORD002789,CUST00148,2025-08-02,Debit Card,Delivered,0,11994.69,11994.69
ORD002790,CUST00101,2024-12-23,UPI,Delivered,0,3219.5,3219.5
ORD002791,CUST00370,2024-12-21,Net Banking,Delivered,0,6160.12,6160.12
ORD002792,CUST00461,2025-02-07,UPI,Delivered,49,560.07,609.07
ORD002793,CUST00010,2025-06-01,Credit Card,Returned,0,4668.41,4668.41
ORD002794,CUST00396,2025-12-14,Wallet,Delivered,49,1275.46,1324.46
ORD002795,CUST00250,2025-08-01,Net Banking,Delivered,79,712.76,791.76
ORD002796,CUST00237,2025-11-13,Credit Card,Delivered,0,10306.97,10306.97
ORD002797,CUST00463,2025-10-29,Cash on Delivery,Delivered,99,385.74,484.74
ORD002798,CUST00142,2025-08-30,Credit Card,Delivered,49,819.84,868.84
ORD002799,CUST00329,2025-01-22,Credit Card,Delivered,0,2729.5,2729.5
ORD002800,CUST00313,2024-11-14,UPI,Delivered,49,980.01,1029.01
ORD002801,CUST00299,2025-12-27,Cash on Delivery,Returned,0,10012.04,10012.04
ORD002802,CUST00592,2024-09-08,Cash on Delivery,Cancelled,0,9171.98,9171.98
ORD002803,CUST00031,2024-08-10,Wallet,Delivered,99,1789.83,1888.83
ORD002804,CUST00463,2025-10-13,UPI,Delivered,0,8518.94,8518.94
ORD002805,CUST00326,2024-11-11,UPI,Delivered,49,1941.05,1990.05
ORD002806,CUST00461,2025-12-30,UPI,Delivered,99,862.99,961.99
ORD002807,CUST00428,2025-12-25,UPI,Delivered,0,13142.02,13142.02
ORD002808,CUST00016,2024-06-15,UPI,Delivered,99,2138.27,2237.27
ORD002809,CUST00434,2025-12-06,UPI,Delivered,0,5698.88,5698.88
ORD002810,CUST00072,2025-06-07,UPI,Delivered,99,916.12,1015.12
ORD002811,CUST00021,2025-02-10,UPI,Delivered,0,12543.79,12543.79
ORD002812,CUST00222,2024-01-03,Wallet,Delivered,79,2374.52,2453.52
ORD002813,CUST00232,2024-07-16,Credit Card,Delivered,0,5311.32,5311.32
ORD002814,CUST00363,2024-09-30,Credit Card,Delivered,0,13035.41,13035.41
ORD002815,CUST00227,2025-07-11,UPI,Delivered,0,14005.24,14005.24
ORD002816,CUST00586,2025-08-26,Credit Card,Cancelled,0,5529.33,5529.33
ORD002817,CUST00295,2025-10-07,UPI,Delivered,79,771.47,850.47
ORD002818,CUST00405,2024-11-24,Credit Card,Returned,49,2028.14,2077.14
ORD002819,CUST00374,2025-08-28,UPI,Delivered,49,2137.36,2186.36
ORD002820,CUST00434,2024-05-13,Net Banking,Delivered,0,7709.67,7709.67
ORD002821,CUST00323,2025-11-27,Debit Card,Delivered,0,6414.29,6414.29
ORD002822,CUST00468,2025-06-16,Net Banking,Delivered,0,15245.19,15245.19
ORD002823,CUST00573,2024-06-14,Credit Card,Delivered,79,1500.54,1579.54
ORD002824,CUST00438,2025-06-01,Debit Card,Delivered,49,1478.08,1527.08
ORD002825,CUST00329,2024-03-27,Credit Card,Delivered,79,409.84,488.84
ORD002826,CUST00397,2025-06-25,UPI,Delivered,99,2255.79,2354.79
ORD002827,CUST00355,2025-09-12,Net Banking,Delivered,99,433.95,532.95
ORD002828,CUST00279,2025-10-22,Cash on Delivery,Delivered,0,3674.06,3674.06
ORD002829,CUST00434,2024-03-17,Credit Card,Delivered,99,1184.08,1283.08
ORD002830,CUST00196,2025-06-24,Cash on Delivery,Delivered,0,3881.54,3881.54
ORD002831,CUST00445,2024-06-16,UPI,Delivered,0,14218.23,14218.23
ORD002832,CUST00378,2025-02-22,UPI,Delivered,99,1587.34,1686.34
ORD002833,CUST00112,2025-03-23,Debit Card,Delivered,0,23255.78,23255.78
ORD002834,CUST00466,2025-03-21,Credit Card,Delivered,0,12937.43,12937.43
ORD002835,CUST00573,2024-07-29,UPI,Delivered,99,1160.04,1259.04
ORD002836,CUST00370,2025-03-30,Cash on Delivery,Delivered,99,1275.46,1374.46
ORD002837,CUST00279,2025-10-17,UPI,Delivered,0,3759.84,3759.84
ORD002838,CUST00444,2025-06-19,Debit Card,Delivered,0,5263.66,5263.66
ORD002839,CUST00395,2025-04-13,UPI,Delivered,99,2066.81,2165.81
ORD002840,CUST00279,2025-10-19,UPI,Delivered,0,11169.98,11169.98
ORD002841,CUST00035,2025-12-17,Net Banking,Delivered,79,2433.99,2512.99
ORD002842,CUST00102,2025-08-13,UPI,Returned,49,1929.19,1978.19
ORD002843,CUST00434,2025-05-10,Wallet,Delivered,0,2647.27,2647.27
ORD002844,CUST00043,2025-11-10,UPI,Delivered,0,3820.82,3820.82
ORD002845,CUST00279,2025-11-24,Cash on Delivery,Delivered,0,3301.03,3301.03
ORD002846,CUST00191,2025-07-10,Debit Card,Delivered,0,7797.82,7797.82
ORD002847,CUST00532,2025-09-26,Debit Card,Delivered,49,1030.56,1079.56
ORD002848,CUST00236,2025-10-19,Credit Card,Delivered,0,16983.72,16983.72
ORD002849,CUST00277,2025-01-12,UPI,Delivered,0,11332.62,11332.62
ORD002850,CUST00221,2025-07-11,Debit Card,Delivered,99,458.06,557.06
ORD002851,CUST00050,2025-07-13,Credit Card,Delivered,49,2398.35,2447.35
ORD002852,CUST00113,2025-05-25,Cash on Delivery,Delivered,99,750.27,849.27
ORD002853,CUST00559,2025-09-17,UPI,Delivered,0,14223.15,14223.15
ORD002854,CUST00266,2025-01-01,UPI,Delivered,0,4579.49,4579.49
ORD002855,CUST00391,2024-06-09,Credit Card,Delivered,0,14498.63,14498.63
ORD002856,CUST00286,2025-08-24,UPI,Delivered,99,2224.34,2323.34
ORD002857,CUST00434,2024-11-11,Credit Card,Delivered,99,1143.02,1242.02
ORD002858,CUST00323,2024-12-26,Debit Card,Cancelled,79,637.73,716.73
ORD002859,CUST00094,2024-11-19,Credit Card,Returned,49,1984.08,2033.08
ORD002860,CUST00391,2025-08-27,UPI,Delivered,49,1315.64,1364.64
ORD002861,CUST00560,2024-06-07,UPI,Returned,0,11097.3,11097.3
ORD002862,CUST00279,2025-10-10,Debit Card,Cancelled,0,8933.42,8933.42
ORD002863,CUST00204,2025-04-30,Net Banking,Delivered,79,1918.68,1997.68
ORD002864,CUST00401,2025-10-11,Net Banking,Cancelled,99,2142.79,2241.79
ORD002865,CUST00324,2025-03-19,Credit Card,Delivered,0,12438.68,12438.68
ORD002866,CUST00035,2025-12-05,Wallet,Delivered,0,3228.94,3228.94
ORD002867,CUST00455,2025-08-22,Credit Card,Delivered,0,10437.29,10437.29
ORD002868,CUST00547,2025-11-01,Credit Card,Delivered,0,6363.52,6363.52
ORD002869,CUST00526,2025-10-03,Debit Card,Delivered,49,750.27,799.27
ORD002870,CUST00421,2025-04-21,UPI,Returned,99,1315.64,1414.64
ORD002871,CUST00068,2024-11-07,Debit Card,Delivered,0,9784.49,9784.49
ORD002872,CUST00486,2025-05-23,UPI,Delivered,0,3111.11,3111.11
ORD002873,CUST00560,2025-11-30,Debit Card,Delivered,0,3257.5,3257.5
ORD002874,CUST00277,2025-03-03,UPI,Cancelled,0,11120.26,11120.26
ORD002875,CUST00072,2024-11-15,Cash on Delivery,Cancelled,49,765.14,814.14
ORD002876,CUST00515,2025-04-13,UPI,Delivered,99,482.17,581.17
ORD002877,CUST00251,2025-07-19,Credit Card,Delivered,49,433.95,482.95
ORD002878,CUST00396,2025-12-20,UPI,Delivered,0,12146.62,12146.62
ORD002879,CUST00434,2024-07-22,Debit Card,Cancelled,0,12078.7,12078.7
ORD002880,CUST00388,2024-06-24,Debit Card,Delivered,0,5340.89,5340.89
ORD002881,CUST00500,2025-11-15,Credit Card,Returned,0,2541.47,2541.47
ORD002882,CUST00573,2025-12-22,Net Banking,Delivered,0,9687.13,9687.13
ORD002883,CUST00085,2025-05-17,Cash on Delivery,Returned,0,3027.26,3027.26
ORD002884,CUST00558,2025-11-12,Cash on Delivery,Delivered,0,12591.2,12591.2
ORD002885,CUST00451,2025-11-24,Debit Card,Delivered,0,10129.57,10129.57
ORD002886,CUST00026,2025-05-17,UPI,Delivered,0,5149.09,5149.09
ORD002887,CUST00582,2024-08-15,Debit Card,Delivered,79,1296.51,1375.51
ORD002888,CUST00567,2024-07-27,UPI,Delivered,0,2978.99,2978.99
ORD002889,CUST00104,2024-12-26,Cash on Delivery,Returned,0,2941.49,2941.49
ORD002890,CUST00094,2025-04-30,UPI,Delivered,99,2266.75,2365.75
ORD002891,CUST00166,2025-04-09,Cash on Delivery,Refunded,0,5419.7,5419.7
ORD002892,CUST00547,2025-11-01,UPI,Delivered,0,3306.53,3306.53
ORD002893,CUST00316,2025-03-10,UPI,Delivered,79,637.73,716.73
ORD002894,CUST00015,2024-06-23,Credit Card,Delivered,0,4780.19,4780.19
ORD002895,CUST00216,2024-12-31,Cash on Delivery,Delivered,0,4588.83,4588.83
ORD002896,CUST00434,2025-11-15,Wallet,Delivered,0,13667.29,13667.29
ORD002897,CUST00448,2025-12-21,Cash on Delivery,Delivered,0,6822.61,6822.61
ORD002898,CUST00459,2025-10-21,Cash on Delivery,Delivered,0,4269.15,4269.15
ORD002899,CUST00496,2025-05-16,Credit Card,Delivered,0,14412.65,14412.65
ORD002900,CUST00340,2025-05-21,Wallet,Cancelled,0,7636.88,7636.88
ORD002901,CUST00412,2024-11-04,UPI,Delivered,99,433.95,532.95
ORD002902,CUST00396,2025-06-06,Credit Card,Delivered,0,8537.59,8537.59
ORD002903,CUST00587,2025-10-30,Net Banking,Delivered,0,20867.26,20867.26
ORD002904,CUST00285,2025-05-11,Credit Card,Delivered,49,1500.54,1549.54
ORD002905,CUST00538,2024-12-22,Cash on Delivery,Delivered,99,482.17,581.17
ORD002906,CUST00286,2025-08-21,Cash on Delivery,Delivered,49,2255.79,2304.79
ORD002907,CUST00040,2025-08-01,Credit Card,Delivered,0,5136.92,5136.92
ORD002908,CUST00569,2025-03-27,Credit Card,Delivered,0,5933.62,5933.62
ORD002909,CUST00010,2025-11-22,Debit Card,Delivered,0,9658.72,9658.72
ORD002910,CUST00279,2025-10-05,UPI,Returned,99,2093.5,2192.5
ORD002911,CUST00493,2024-12-11,UPI,Delivered,49,962.9,1011.9
ORD002912,CUST00020,2024-02-10,Credit Card,Delivered,0,9171.98,9171.98
ORD002913,CUST00329,2025-12-24,UPI,Delivered,0,5875.98,5875.98
ORD002914,CUST00318,2025-11-05,Cash on Delivery,Delivered,0,2834.8,2834.8
ORD002915,CUST00229,2025-06-07,Debit Card,Delivered,0,7123.56,7123.56
ORD002916,CUST00598,2025-06-15,Credit Card,Delivered,0,5260.55,5260.55
ORD002917,CUST00434,2025-10-01,UPI,Cancelled,0,3650.18,3650.18
ORD002918,CUST00587,2025-03-22,UPI,Cancelled,0,7580.44,7580.44
ORD002919,CUST00313,2024-01-01,Credit Card,Delivered,79,482.17,561.17
ORD002920,CUST00180,2025-06-05,Net Banking,Returned,79,712.76,791.76
ORD002921,CUST00038,2025-02-20,Credit Card,Delivered,0,8603.54,8603.54
ORD002922,CUST00491,2025-10-24,UPI,Delivered,0,11457.45,11457.45
ORD002923,CUST00434,2024-01-28,Credit Card,Cancelled,99,750.27,849.27
ORD002924,CUST00279,2025-10-26,Net Banking,Delivered,49,862.99,911.99
ORD002925,CUST00435,2025-10-22,UPI,Delivered,49,2374.52,2423.52
ORD002926,CUST00286,2025-09-01,Net Banking,Delivered,0,13283.16,13283.16
ORD002927,CUST00196,2025-08-29,Credit Card,Delivered,0,3789.47,3789.47
ORD002928,CUST00463,2025-06-11,Credit Card,Returned,0,24259.12,24259.12
ORD002929,CUST00453,2024-12-19,UPI,Refunded,0,12547.32,12547.32
ORD002930,CUST00252,2025-08-18,Credit Card,Delivered,0,4538.47,4538.47
ORD002931,CUST00556,2025-02-20,Wallet,Delivered,0,20695.11,20695.11
ORD002932,CUST00499,2025-07-02,Credit Card,Delivered,99,2038.6,2137.6
ORD002933,CUST00299,2024-05-11,Debit Card,Delivered,49,1158.24,1207.24
ORD002934,CUST00020,2025-07-24,Wallet,Delivered,0,31500.63,31500.63
ORD002935,CUST00405,2024-10-30,Credit Card,Delivered,0,8548.59,8548.59
ORD002936,CUST00230,2024-11-14,Credit Card,Delivered,0,2829.66,2829.66
ORD002937,CUST00387,2024-01-08,UPI,Delivered,79,1362.42,1441.42
ORD002938,CUST00279,2025-10-31,UPI,Returned,0,4320.12,4320.12
ORD002939,CUST00313,2025-11-16,Net Banking,Delivered,49,769.21,818.21
ORD002940,CUST00076,2025-05-15,UPI,Delivered,99,2374.52,2473.52
ORD002941,CUST00418,2025-12-10,Credit Card,Delivered,0,6179.61,6179.61
ORD002942,CUST00197,2025-09-08,UPI,Delivered,79,482.17,561.17
ORD002943,CUST00558,2025-06-18,Net Banking,Delivered,0,5874.44,5874.44
ORD002944,CUST00104,2024-12-07,Credit Card,Cancelled,99,733.54,832.54
ORD002945,CUST00299,2025-05-26,UPI,Delivered,0,2565.36,2565.36
ORD002946,CUST00421,2024-05-30,Credit Card,Cancelled,79,2028.54,2107.54
ORD002947,CUST00167,2025-10-18,Credit Card,Delivered,0,6982.61,6982.61
ORD002948,CUST00130,2025-10-23,UPI,Delivered,0,5546.97,5546.97
ORD002949,CUST00545,2025-10-01,UPI,Delivered,49,458.06,507.06
ORD002950,CUST00336,2024-11-21,Credit Card,Delivered,0,11081.55,11081.55
ORD002951,CUST00090,2025-03-25,Cash on Delivery,Returned,0,14969.12,14969.12
ORD002952,CUST00329,2024-04-15,UPI,Delivered,0,3162.57,3162.57
ORD002953,CUST00434,2025-06-25,UPI,Delivered,0,5157.13,5157.13
ORD002954,CUST00419,2025-06-23,Credit Card,Delivered,49,1516.34,1565.34
ORD002955,CUST00434,2024-03-20,UPI,Returned,0,10059.06,10059.06
ORD002956,CUST00207,2025-06-17,UPI,Delivered,0,5311.32,5311.32
ORD002957,CUST00559,2025-05-31,Credit Card,Delivered,0,17236.49,17236.49
ORD002958,CUST00567,2025-12-20,Debit Card,Delivered,49,969.91,1018.91
ORD002959,CUST00225,2025-11-06,Debit Card,Returned,0,13194.75,13194.75
ORD002960,CUST00038,2025-06-04,Cash on Delivery,Delivered,0,8873.2,8873.2
ORD002961,CUST00214,2025-03-26,Cash on Delivery,Delivered,0,3416.52,3416.52
ORD002962,CUST00515,2025-03-28,UPI,Returned,49,2386.05,2435.05
ORD002963,CUST00206,2024-10-18,Cash on Delivery,Delivered,0,4772.87,4772.87
ORD002964,CUST00359,2025-12-14,Credit Card,Delivered,0,3418.42,3418.42
ORD002965,CUST00509,2025-05-05,Credit Card,Delivered,99,1362.14,1461.14
ORD002966,CUST00480,2025-12-21,Debit Card,Returned,79,622.3,701.3
ORD002967,CUST00495,2025-07-18,Credit Card,Delivered,0,7348.46,7348.46
ORD002968,CUST00070,2025-03-12,Debit Card,Delivered,0,4796.7,4796.7
ORD002969,CUST00451,2025-10-28,Net Banking,Delivered,99,1603.35,1702.35
ORD002970,CUST00317,2024-08-29,Credit Card,Delivered,0,11267.52,11267.52
ORD002971,CUST00200,2025-06-27,Credit Card,Delivered,0,10051.07,10051.07
ORD002972,CUST00072,2025-07-20,UPI,Delivered,49,2374.52,2423.52
ORD002973,CUST00433,2025-08-13,Wallet,Delivered,0,5377.34,5377.34
ORD002974,CUST00275,2024-05-19,Credit Card,Delivered,99,680.13,779.13
ORD002975,CUST00054,2025-06-27,Debit Card,Delivered,0,3481.78,3481.78
ORD002976,CUST00559,2025-03-08,Cash on Delivery,Delivered,0,3692.85,3692.85
ORD002977,CUST00147,2025-03-10,Cash on Delivery,Cancelled,99,1523.18,1622.18
ORD002978,CUST00383,2024-10-10,UPI,Delivered,99,2398.35,2497.35
ORD002979,CUST00538,2024-03-05,Debit Card,Delivered,0,2914.27,2914.27
ORD002980,CUST00453,2024-11-14,UPI,Delivered,0,3357.51,3357.51
ORD002981,CUST00375,2025-08-18,UPI,Cancelled,0,3916.39,3916.39
ORD002982,CUST00315,2025-10-11,Wallet,Delivered,0,5759.65,5759.65
ORD002983,CUST00286,2025-08-23,Credit Card,Delivered,0,7911.63,7911.63
ORD002984,CUST00400,2025-03-15,UPI,Delivered,0,10590.44,10590.44
ORD002985,CUST00573,2025-10-24,UPI,Delivered,99,2147.45,2246.45
ORD002986,CUST00395,2025-07-05,Debit Card,Delivered,0,8211.23,8211.23
ORD002987,CUST00383,2024-10-03,UPI,Delivered,0,8445.67,8445.67
ORD002988,CUST00550,2024-11-12,UPI,Cancelled,0,2794.94,2794.94
ORD002989,CUST00531,2025-11-11,Credit Card,Cancelled,0,9548.71,9548.71
ORD002990,CUST00286,2025-08-29,Cash on Delivery,Delivered,0,18639.55,18639.55
ORD002991,CUST00236,2024-12-22,UPI,Delivered,79,750.27,829.27
ORD002992,CUST00434,2025-09-15,Debit Card,Delivered,0,6875.88,6875.88
ORD002993,CUST00443,2025-10-21,Credit Card,Delivered,0,10319.22,10319.22
ORD002994,CUST00277,2025-04-06,UPI,Cancelled,99,1160.04,1259.04
ORD002995,CUST00517,2025-04-24,Debit Card,Delivered,99,2398.35,2497.35
ORD002996,CUST00097,2025-07-24,Net Banking,Delivered,79,2374.52,2453.52
ORD002997,CUST00240,2025-10-04,Cash on Delivery,Delivered,0,20058.29,20058.29
ORD002998,CUST00151,2025-07-19,UPI,Delivered,0,5580.11,5580.11
ORD002999,CUST00306,2025-05-14,Credit Card,Delivered,0,5311.32,5311.32
ORD003000,CUST00061,2024-10-14,UPI,Delivered,0,7123.56,7123.56
ORD003001,CUST00028,2024-11-30,Credit Card,Delivered,49,2278.43,2327.43
ORD003002,CUST00313,2024-06-18,Net Banking,Delivered,79,385.74,464.74
ORD003003,CUST00434,2024-12-12,Net Banking,Delivered,0,5721.16,5721.16
ORD003004,CUST00404,2025-12-16,Cash on Delivery,Returned,0,9972.7,9972.7
ORD003005,CUST00538,2024-03-15,Credit Card,Cancelled,0,2828.35,2828.35
ORD003006,CUST00589,2025-05-31,Cash on Delivery,Delivered,49,984.5,1033.5
ORD003007,CUST00072,2025-07-29,UPI,Delivered,99,1364.75,1463.75
ORD003008,CUST00315,2025-11-02,Credit Card,Delivered,99,1246.0,1345.0
ORD003009,CUST00039,2025-05-24,Credit Card,Returned,99,382.57,481.57
ORD003010,CUST00168,2025-02-12,UPI,Delivered,49,637.73,686.73
ORD003011,CUST00349,2025-11-15,Credit Card,Cancelled,0,2588.97,2588.97
ORD003012,CUST00529,2024-11-23,Cash on Delivery,Delivered,99,1059.1,1158.1
ORD003013,CUST00305,2025-11-24,Wallet,Delivered,0,4967.11,4967.11
ORD003014,CUST00226,2024-10-30,Debit Card,Delivered,0,20662.12,20662.12
ORD003015,CUST00559,2025-03-05,UPI,Delivered,0,5840.87,5840.87
ORD003016,CUST00089,2025-05-02,Credit Card,Delivered,0,5921.61,5921.61
ORD003017,CUST00278,2025-05-06,Credit Card,Cancelled,79,591.18,670.18
ORD003018,CUST00583,2025-01-11,Wallet,Delivered,0,9139.19,9139.19
ORD003019,CUST00157,2024-10-24,Debit Card,Delivered,99,2299.69,2398.69
ORD003020,CUST00279,2025-10-29,Credit Card,Delivered,0,3837.36,3837.36
ORD003021,CUST00002,2025-05-23,Net Banking,Delivered,0,9329.49,9329.49
ORD003022,CUST00158,2025-03-09,Net Banking,Delivered,0,3142.61,3142.61
ORD003023,CUST00597,2024-01-23,Credit Card,Delivered,49,295.59,344.59
ORD003024,CUST00048,2025-02-11,Credit Card,Delivered,0,8934.46,8934.46
ORD003025,CUST00045,2025-11-24,UPI,Delivered,49,750.27,799.27
ORD003026,CUST00456,2024-07-24,UPI,Delivered,49,591.18,640.18
ORD003027,CUST00189,2025-09-01,UPI,Cancelled,79,1494.98,1573.98
ORD003028,CUST00286,2025-09-07,Credit Card,Delivered,49,2462.09,2511.09
ORD003029,CUST00473,2025-06-03,UPI,Delivered,0,5311.32,5311.32
ORD003030,CUST00558,2024-10-15,Credit Card,Delivered,79,2041.19,2120.19
ORD003031,CUST00468,2024-11-25,Credit Card,Delivered,0,6767.44,6767.44
ORD003032,CUST00453,2024-12-30,Debit Card,Delivered,79,1145.07,1224.07
ORD003033,CUST00228,2024-09-28,Credit Card,Delivered,0,15137.26,15137.26
ORD003034,CUST00586,2025-10-06,UPI,Delivered,0,6588.47,6588.47
ORD003035,CUST00573,2024-02-28,UPI,Delivered,49,1500.54,1549.54
ORD003036,CUST00422,2024-10-07,Credit Card,Delivered,0,4153.2,4153.2
ORD003037,CUST00434,2024-03-08,Cash on Delivery,Refunded,49,458.06,507.06
ORD003038,CUST00390,2024-12-09,Cash on Delivery,Delivered,0,5817.03,5817.03
ORD003039,CUST00363,2025-03-26,UPI,Delivered,0,31874.5,31874.5
ORD003040,CUST00592,2024-11-29,Cash on Delivery,Cancelled,99,311.15,410.15
ORD003041,CUST00300,2025-09-30,UPI,Delivered,49,2357.88,2406.88
ORD003042,CUST00339,2025-06-23,Debit Card,Refunded,79,592.04,671.04
ORD003043,CUST00145,2024-12-31,UPI,Returned,49,1443.02,1492.02
ORD003044,CUST00356,2024-07-25,Credit Card,Delivered,0,3904.27,3904.27
ORD003045,CUST00391,2024-10-05,Credit Card,Returned,99,637.73,736.73
ORD003046,CUST00069,2025-11-23,UPI,Delivered,0,7123.56,7123.56
ORD003047,CUST00391,2024-01-05,Credit Card,Delivered,0,10921.76,10921.76
ORD003048,CUST00515,2025-03-29,UPI,Delivered,0,3340.76,3340.76
ORD003049,CUST00400,2025-02-20,Credit Card,Delivered,0,12618.11,12618.11
ORD003050,CUST00256,2025-10-22,Net Banking,Delivered,0,10984.51,10984.51
ORD003051,CUST00286,2025-12-22,Credit Card,Delivered,0,23348.24,23348.24
ORD003052,CUST00376,2025-02-23,Debit Card,Delivered,49,2459.52,2508.52
ORD003053,CUST00236,2025-11-13,UPI,Delivered,0,4211.33,4211.33
ORD003054,CUST00005,2025-04-09,UPI,Delivered,99,2374.52,2473.52
ORD003055,CUST00206,2025-02-12,UPI,Delivered,79,433.95,512.95
ORD003056,CUST00573,2024-12-29,Credit Card,Delivered,0,7648.73,7648.73
ORD003057,CUST00071,2025-05-06,Debit Card,Delivered,0,3087.28,3087.28
ORD003058,CUST00497,2025-09-24,Credit Card,Delivered,0,22142.7,22142.7
ORD003059,CUST00385,2025-10-04,UPI,Delivered,0,3891.06,3891.06
ORD003060,CUST00591,2024-10-29,Credit Card,Delivered,0,3314.85,3314.85
ORD003061,CUST00284,2024-01-23,Cash on Delivery,Delivered,0,11709.12,11709.12
ORD003062,CUST00157,2025-10-08,UPI,Delivered,49,458.06,507.06
ORD003063,CUST00021,2024-11-15,Credit Card,Delivered,0,6240.68,6240.68
ORD003064,CUST00309,2025-05-26,Net Banking,Delivered,0,2569.04,2569.04
ORD003065,CUST00028,2025-11-02,Cash on Delivery,Delivered,0,6433.09,6433.09
ORD003066,CUST00585,2025-02-16,Debit Card,Returned,0,2555.8,2555.8
ORD003067,CUST00526,2024-07-01,Cash on Delivery,Delivered,49,712.76,761.76
ORD003068,CUST00580,2025-11-27,Credit Card,Delivered,79,750.27,829.27
ORD003069,CUST00283,2025-10-17,Credit Card,Delivered,0,2774.72,2774.72
ORD003070,CUST00546,2024-08-07,Credit Card,Delivered,49,623.0,672.0
ORD003071,CUST00246,2025-03-17,Net Banking,Delivered,79,482.17,561.17
ORD003072,CUST00464,2024-12-22,Credit Card,Delivered,0,2841.9,2841.9
ORD003073,CUST00153,2025-07-28,UPI,Delivered,79,1364.75,1443.75
ORD003074,CUST00560,2025-11-09,UPI,Delivered,79,2144.4,2223.4
ORD003075,CUST00085,2025-05-17,Debit Card,Cancelled,79,624.93,703.93
ORD003076,CUST00157,2024-03-03,Debit Card,Delivered,99,637.73,736.73
ORD003077,CUST00419,2024-07-24,Credit Card,Delivered,0,7110.52,7110.52
ORD003078,CUST00408,2024-10-30,Credit Card,Delivered,99,311.15,410.15
ORD003079,CUST00335,2025-10-31,Debit Card,Delivered,0,5231.21,5231.21
ORD003080,CUST00405,2025-12-20,Wallet,Delivered,0,9220.71,9220.71
ORD003081,CUST00434,2024-11-18,UPI,Delivered,79,482.17,561.17
ORD003082,CUST00460,2024-12-05,UPI,Delivered,0,3179.05,3179.05
ORD003083,CUST00434,2024-10-09,Credit Card,Delivered,0,4788.48,4788.48
ORD003084,CUST00313,2025-01-17,Cash on Delivery,Returned,0,11943.26,11943.26
ORD003085,CUST00445,2024-11-04,Debit Card,Returned,0,9149.8,9149.8
ORD003086,CUST00206,2024-07-20,Credit Card,Returned,0,2812.23,2812.23
ORD003087,CUST00047,2025-11-15,Wallet,Delivered,0,14368.75,14368.75
ORD003088,CUST00361,2025-11-09,UPI,Delivered,99,2459.52,2558.52
ORD003089,CUST00573,2024-05-30,Credit Card,Delivered,0,5225.16,5225.16
ORD003090,CUST00468,2024-06-12,Wallet,Returned,79,2398.35,2477.35
ORD003091,CUST00178,2024-10-01,UPI,Delivered,49,819.69,868.69
ORD003092,CUST00434,2024-12-04,Debit Card,Delivered,0,5225.27,5225.27
ORD003093,CUST00415,2025-04-24,Cash on Delivery,Refunded,99,458.06,557.06
ORD003094,CUST00236,2025-11-07,Cash on Delivery,Refunded,99,681.07,780.07
ORD003095,CUST00279,2025-10-24,Net Banking,Delivered,0,3268.88,3268.88
ORD003096,CUST00348,2025-05-29,Debit Card,Delivered,0,12373.51,12373.51
ORD003097,CUST00072,2025-11-04,Credit Card,Delivered,49,2018.34,2067.34
ORD003098,CUST00332,2025-02-16,Credit Card,Delivered,79,622.3,701.3
ORD003099,CUST00265,2024-10-24,UPI,Delivered,0,11790.95,11790.95
ORD003100,CUST00025,2025-08-29,UPI,Delivered,49,623.0,672.0
ORD003101,CUST00191,2024-08-30,Debit Card,Delivered,0,12178.83,12178.83
ORD003102,CUST00422,2025-08-31,Debit Card,Delivered,0,3654.47,3654.47
ORD003103,CUST00378,2024-12-11,Credit Card,Cancelled,0,8713.38,8713.38
ORD003104,CUST00307,2025-11-03,Credit Card,Delivered,49,1182.46,1231.46
ORD003105,CUST00595,2024-11-08,UPI,Delivered,0,11934.9,11934.9
ORD003106,CUST00595,2024-10-31,Credit Card,Delivered,0,5278.87,5278.87
ORD003107,CUST00131,2025-05-27,Debit Card,Returned,79,2255.79,2334.79
ORD003108,CUST00219,2024-10-16,Cash on Delivery,Delivered,0,3493.68,3493.68
ORD003109,CUST00094,2025-12-14,Credit Card,Delivered,0,24311.93,24311.93
ORD003110,CUST00279,2025-12-22,UPI,Delivered,0,6259.27,6259.27
ORD003111,CUST00014,2025-11-01,Net Banking,Delivered,0,4732.2,4732.2
ORD003112,CUST00130,2025-11-03,Credit Card,Delivered,0,6637.99,6637.99
ORD003113,CUST00273,2025-04-24,Debit Card,Delivered,0,6393.77,6393.77
ORD003114,CUST00117,2025-12-11,Wallet,Delivered,0,9171.98,9171.98
ORD003115,CUST00045,2025-05-27,Credit Card,Returned,99,2459.52,2558.52
ORD003116,CUST00242,2024-11-27,Credit Card,Delivered,0,8420.77,8420.77
ORD003117,CUST00094,2024-03-01,Debit Card,Delivered,0,4669.48,4669.48
ORD003118,CUST00079,2025-07-16,UPI,Cancelled,79,750.27,829.27
ORD003119,CUST00054,2025-12-16,Net Banking,Delivered,0,7709.67,7709.67
ORD003120,CUST00448,2024-08-09,Net Banking,Delivered,49,433.95,482.95
ORD003121,CUST00264,2025-08-11,Debit Card,Refunded,0,10083.98,10083.98
ORD003122,CUST00559,2025-03-12,Credit Card,Delivered,79,2374.52,2453.52
ORD003123,CUST00031,2025-04-27,UPI,Delivered,0,3321.13,3321.13
ORD003124,CUST00388,2024-06-14,Debit Card,Delivered,0,4109.29,4109.29
ORD003125,CUST00573,2025-03-02,Net Banking,Delivered,0,7931.09,7931.09
ORD003126,CUST00387,2024-05-30,UPI,Delivered,0,12161.67,12161.67
ORD003127,CUST00061,2025-12-15,UPI,Delivered,0,6964.58,6964.58
ORD003128,CUST00558,2025-04-02,Credit Card,Delivered,0,16043.84,16043.84
ORD003129,CUST00073,2024-02-14,Cash on Delivery,Delivered,49,1021.34,1070.34
ORD003130,CUST00361,2025-11-14,UPI,Delivered,0,10928.23,10928.23
ORD003131,CUST00463,2025-12-21,Net Banking,Delivered,99,498.4,597.4
ORD003132,CUST00467,2025-11-12,Credit Card,Delivered,0,23384.79,23384.79
ORD003133,CUST00391,2024-10-18,Credit Card,Returned,0,8296.91,8296.91
ORD003134,CUST00506,2025-06-26,UPI,Delivered,79,762.88,841.88
ORD003135,CUST00279,2025-12-14,Credit Card,Delivered,0,11954.85,11954.85
ORD003136,CUST00592,2024-05-21,Credit Card,Delivered,0,7253.14,7253.14
ORD003137,CUST00535,2025-02-24,Credit Card,Delivered,0,3710.65,3710.65
ORD003138,CUST00461,2025-11-29,Credit Card,Delivered,0,11029.86,11029.86
ORD003139,CUST00268,2024-06-27,UPI,Delivered,79,1160.04,1239.04
ORD003140,CUST00453,2025-12-14,UPI,Delivered,99,750.27,849.27
ORD003141,CUST00299,2024-12-10,Credit Card,Delivered,49,2137.07,2186.07
ORD003142,CUST00326,2025-01-29,Credit Card,Delivered,0,18440.27,18440.27
ORD003143,CUST00390,2025-10-02,Credit Card,Delivered,0,3148.62,3148.62
ORD003144,CUST00279,2025-11-01,Debit Card,Delivered,0,2532.42,2532.42
ORD003145,CUST00130,2025-10-21,Cash on Delivery,Cancelled,0,3223.81,3223.81
ORD003146,CUST00172,2024-07-14,Credit Card,Delivered,79,2278.43,2357.43
ORD003147,CUST00035,2025-08-27,UPI,Delivered,49,1494.98,1543.98
ORD003148,CUST00237,2025-03-24,Cash on Delivery,Delivered,99,482.17,581.17
ORD003149,CUST00313,2025-04-25,UPI,Delivered,49,311.15,360.15
ORD003150,CUST00405,2024-12-21,UPI,Delivered,0,6506.25,6506.25
ORD003151,CUST00327,2024-07-18,Credit Card,Returned,0,5126.53,5126.53
ORD003152,CUST00396,2024-11-22,UPI,Delivered,79,2398.35,2477.35
ORD003153,CUST00279,2025-10-20,Debit Card,Cancelled,0,2541.47,2541.47
ORD003154,CUST00423,2025-11-10,Net Banking,Delivered,99,2477.13,2576.13
ORD003155,CUST00132,2024-09-28,Debit Card,Returned,0,10066.47,10066.47
ORD003156,CUST00198,2025-09-08,Cash on Delivery,Delivered,0,28127.06,28127.06
ORD003157,CUST00115,2025-03-18,Net Banking,Delivered,79,458.06,537.06
ORD003158,CUST00589,2024-09-12,Credit Card,Delivered,0,13738.36,13738.36
ORD003159,CUST00391,2024-07-05,Net Banking,Delivered,0,4796.7,4796.7
ORD003160,CUST00348,2024-01-26,Debit Card,Delivered,0,7923.6,7923.6
ORD003161,CUST00013,2024-07-18,Net Banking,Delivered,0,2784.36,2784.36
ORD003162,CUST00463,2025-08-05,UPI,Delivered,49,2416.66,2465.66
ORD003163,CUST00068,2025-06-03,Debit Card,Delivered,0,2978.99,2978.99
ORD003164,CUST00090,2025-03-30,UPI,Delivered,0,15720.09,15720.09
ORD003165,CUST00453,2024-08-01,UPI,Delivered,99,482.17,581.17
ORD003166,CUST00191,2025-09-09,Cash on Delivery,Cancelled,0,2873.81,2873.81
ORD003167,CUST00434,2025-09-19,Debit Card,Delivered,0,15674.17,15674.17
ORD003168,CUST00285,2025-04-21,Debit Card,Delivered,79,2147.45,2226.45
ORD003169,CUST00299,2024-04-04,UPI,Delivered,0,3561.67,3561.67
ORD003170,CUST00083,2024-04-30,Debit Card,Delivered,49,458.06,507.06
ORD003171,CUST00064,2024-05-19,Debit Card,Delivered,79,482.17,561.17
ORD003172,CUST00270,2024-09-12,UPI,Delivered,0,6918.2,6918.2
ORD003173,CUST00432,2025-06-10,UPI,Delivered,0,9686.22,9686.22
ORD003174,CUST00049,2025-03-24,UPI,Returned,0,7303.82,7303.82
ORD003175,CUST00555,2025-09-22,Credit Card,Delivered,49,720.99,769.99
ORD003176,CUST00157,2025-11-22,Debit Card,Delivered,0,9828.24,9828.24
ORD003177,CUST00149,2025-12-03,UPI,Delivered,0,8404.88,8404.88
ORD003178,CUST00582,2024-08-13,Net Banking,Delivered,0,2996.82,2996.82
ORD003179,CUST00575,2025-10-28,UPI,Delivered,0,4796.7,4796.7
ORD003180,CUST00352,2025-10-29,Debit Card,Delivered,0,5311.32,5311.32
ORD003181,CUST00307,2024-07-24,Credit Card,Delivered,49,2200.62,2249.62
ORD003182,CUST00569,2025-10-14,UPI,Delivered,0,15063.52,15063.52
ORD003183,CUST00091,2025-08-10,Debit Card,Returned,0,12744.9,12744.9
ORD003184,CUST00062,2025-09-30,Credit Card,Delivered,0,2856.69,2856.69
ORD003185,CUST00014,2025-12-01,UPI,Delivered,79,482.17,561.17
ORD003186,CUST00309,2024-09-08,Credit Card,Delivered,49,1160.04,1209.04
ORD003187,CUST00303,2025-10-10,Debit Card,Delivered,0,3465.42,3465.42
ORD003188,CUST00242,2024-06-29,Cash on Delivery,Delivered,0,14956.55,14956.55
ORD003189,CUST00313,2024-02-13,Wallet,Delivered,0,5939.26,5939.26
ORD003190,CUST00425,2024-07-26,UPI,Delivered,79,559.15,638.15
ORD003191,CUST00275,2025-10-11,UPI,Delivered,0,7750.78,7750.78
ORD003192,CUST00309,2025-07-29,UPI,Delivered,49,591.85,640.85
ORD003193,CUST00537,2025-01-19,Debit Card,Delivered,0,4839.33,4839.33
ORD003194,CUST00117,2025-09-10,UPI,Delivered,0,4422.71,4422.71
ORD003195,CUST00489,2024-03-05,Credit Card,Delivered,79,750.27,829.27
ORD003196,CUST00304,2024-02-29,Debit Card,Returned,49,750.27,799.27
ORD003197,CUST00559,2025-03-15,Credit Card,Returned,49,2038.6,2087.6
ORD003198,CUST00122,2024-12-30,Wallet,Delivered,99,1616.41,1715.41
ORD003199,CUST00244,2025-08-01,Debit Card,Delivered,0,7885.34,7885.34
ORD003200,CUST00376,2025-02-03,Cash on Delivery,Returned,49,1835.28,1884.28
ORD003201,CUST00353,2025-05-15,Cash on Delivery,Delivered,0,15311.21,15311.21
ORD003202,CUST00371,2025-01-12,Credit Card,Delivered,0,9171.98,9171.98
ORD003203,CUST00461,2025-06-19,Debit Card,Delivered,0,5715.98,5715.98
ORD003204,CUST00519,2024-12-09,Net Banking,Delivered,0,3537.76,3537.76
ORD003205,CUST00405,2024-10-28,Net Banking,Delivered,0,7439.88,7439.88
ORD003206,CUST00448,2025-10-20,Credit Card,Delivered,0,18639.55,18639.55
ORD003207,CUST00286,2025-09-11,Cash on Delivery,Delivered,49,591.85,640.85
ORD003208,CUST00014,2025-11-02,UPI,Delivered,79,433.95,512.95
ORD003209,CUST00299,2024-01-11,Cash on Delivery,Delivered,99,862.99,961.99
ORD003210,CUST00027,2025-11-30,UPI,Delivered,99,1082.39,1181.39
ORD003211,CUST00313,2024-02-15,Net Banking,Delivered,99,482.17,581.17
ORD003212,CUST00323,2025-01-14,Net Banking,Delivered,0,13247.6,13247.6
ORD003213,CUST00215,2025-03-28,Credit Card,Delivered,0,2729.5,2729.5
ORD003214,CUST00138,2025-07-03,Credit Card,Returned,0,3837.36,3837.36
ORD003215,CUST00236,2024-11-26,UPI,Delivered,0,2840.46,2840.46
ORD003216,CUST00122,2025-11-01,UPI,Delivered,0,5172.98,5172.98
ORD003217,CUST00094,2025-01-16,UPI,Delivered,99,622.3,721.3
ORD003218,CUST00410,2025-03-01,Wallet,Delivered,0,5924.28,5924.28
ORD003219,CUST00279,2025-10-26,UPI,Delivered,0,3321.82,3321.82
ORD003220,CUST00434,2024-07-08,UPI,Delivered,0,4057.51,4057.51
ORD003221,CUST00529,2025-06-07,Debit Card,Delivered,99,2395.36,2494.36
ORD003222,CUST00329,2025-08-27,UPI,Delivered,0,9828.24,9828.24
ORD003223,CUST00361,2025-11-20,Credit Card,Returned,0,4285.58,4285.58
ORD003224,CUST00366,2025-10-22,Credit Card,Delivered,79,819.84,898.84
ORD003225,CUST00067,2024-10-22,Credit Card,Delivered,0,6868.83,6868.83
ORD003226,CUST00596,2024-02-24,UPI,Delivered,0,7154.66,7154.66
ORD003227,CUST00083,2025-06-28,UPI,Delivered,79,1539.12,1618.12
ORD003228,CUST00532,2025-10-15,Debit Card,Delivered,0,10328.49,10328.49
ORD003229,CUST00196,2025-06-16,Debit Card,Delivered,0,5077.88,5077.88
ORD003230,CUST00068,2025-05-09,UPI,Delivered,0,3223.8,3223.8
ORD003231,CUST00592,2025-03-12,UPI,Delivered,79,1350.49,1429.49
ORD003232,CUST00054,2025-10-06,UPI,Delivered,79,2398.35,2477.35
ORD003233,CUST00068,2025-12-23,Credit Card,Delivered,0,3259.02,3259.02
ORD003234,CUST00459,2025-08-17,Credit Card,Cancelled,49,2374.52,2423.52
ORD003235,CUST00361,2025-12-17,Credit Card,Delivered,0,7114.37,7114.37
ORD003236,CUST00072,2025-03-02,Debit Card,Delivered,49,964.34,1013.34
ORD003237,CUST00072,2024-10-21,UPI,Delivered,0,4278.89,4278.89
ORD003238,CUST00421,2024-03-14,UPI,Delivered,0,11032.48,11032.48
ORD003239,CUST00286,2025-12-24,Credit Card,Delivered,99,675.24,774.24
ORD003240,CUST00219,2025-02-21,UPI,Delivered,0,5041.14,5041.14
ORD003241,CUST00252,2024-11-25,Net Banking,Delivered,79,819.69,898.69
ORD003242,CUST00111,2025-11-01,Wallet,Delivered,79,2398.35,2477.35
ORD003243,CUST00584,2025-02-04,Cash on Delivery,Delivered,49,675.24,724.24
ORD003244,CUST00119,2025-11-27,Credit Card,Returned,0,12968.8,12968.8
ORD003245,CUST00434,2025-04-14,Cash on Delivery,Delivered,0,5311.32,5311.32
ORD003246,CUST00256,2025-11-08,Net Banking,Delivered,0,11087.9,11087.9
ORD003247,CUST00502,2024-09-03,UPI,Returned,79,385.74,464.74
ORD003248,CUST00341,2025-01-07,UPI,Delivered,49,1411.69,1460.69
ORD003249,CUST00234,2025-01-03,Net Banking,Delivered,0,4790.3,4790.3
ORD003250,CUST00129,2025-11-22,Credit Card,Delivered,0,7952.72,7952.72
ORD003251,CUST00390,2025-11-26,Credit Card,Delivered,0,12977.06,12977.06
ORD003252,CUST00408,2025-01-16,Debit Card,Delivered,79,1918.68,1997.68
ORD003253,CUST00326,2025-11-09,Debit Card,Delivered,0,9078.41,9078.41
ORD003254,CUST00068,2025-11-20,Credit Card,Delivered,49,2386.05,2435.05
ORD003255,CUST00569,2025-05-05,Wallet,Delivered,0,11281.89,11281.89
ORD003256,CUST00326,2025-04-13,Net Banking,Delivered,49,1918.68,1967.68
ORD003257,CUST00269,2024-02-27,Credit Card,Delivered,0,5311.32,5311.32
ORD003258,CUST00299,2025-04-04,UPI,Delivered,49,600.22,649.22
ORD003259,CUST00221,2025-12-03,Cash on Delivery,Delivered,0,5659.69,5659.69
ORD003260,CUST00194,2025-03-05,Net Banking,Delivered,49,964.34,1013.34
ORD003261,CUST00160,2025-01-17,Debit Card,Delivered,49,712.76,761.76
ORD003262,CUST00248,2025-09-22,Debit Card,Delivered,0,25767.88,25767.88
ORD003263,CUST00329,2025-04-26,Wallet,Delivered,0,4904.88,4904.88
ORD003264,CUST00313,2024-07-03,Credit Card,Returned,0,28239.62,28239.62
ORD003265,CUST00558,2025-03-23,UPI,Delivered,0,5045.75,5045.75
ORD003266,CUST00382,2024-10-18,Net Banking,Delivered,99,392.75,491.75
ORD003267,CUST00313,2024-09-21,UPI,Delivered,99,2250.97,2349.97
ORD003268,CUST00534,2025-12-01,Credit Card,Delivered,79,1146.71,1225.71
ORD003269,CUST00302,2025-07-30,Debit Card,Cancelled,0,10039.45,10039.45
ORD003270,CUST00367,2025-04-23,Credit Card,Delivered,0,12676.24,12676.24
ORD003271,CUST00326,2025-02-05,Debit Card,Delivered,0,7413.82,7413.82
ORD003272,CUST00412,2024-11-21,Debit Card,Delivered,0,4796.7,4796.7
ORD003273,CUST00434,2025-10-04,UPI,Delivered,49,675.24,724.24
ORD003274,CUST00176,2025-02-28,UPI,Delivered,0,3493.68,3493.68
ORD003275,CUST00595,2025-11-06,UPI,Delivered,79,1832.94,1911.94
ORD003276,CUST00326,2024-11-08,UPI,Delivered,0,8142.62,8142.62
ORD003277,CUST00156,2025-12-20,UPI,Delivered,49,2477.13,2526.13
ORD003278,CUST00237,2025-03-28,UPI,Delivered,0,2924.4,2924.4
ORD003279,CUST00236,2024-12-20,Credit Card,Delivered,0,6657.41,6657.41
ORD003280,CUST00039,2025-06-01,Cash on Delivery,Delivered,0,9029.24,9029.24
ORD003281,CUST00308,2025-01-19,UPI,Delivered,0,5303.79,5303.79
ORD003282,CUST00471,2024-12-30,UPI,Delivered,79,2398.35,2477.35
ORD003283,CUST00313,2025-12-05,Debit Card,Delivered,0,9311.32,9311.32
ORD003284,CUST00109,2025-12-18,UPI,Delivered,79,2398.35,2477.35
ORD003285,CUST00329,2024-11-04,Credit Card,Delivered,0,4036.68,4036.68
ORD003286,CUST00227,2025-12-14,Net Banking,Delivered,0,3649.98,3649.98
ORD003287,CUST00365,2024-10-30,Debit Card,Delivered,0,9822.91,9822.91
ORD003288,CUST00111,2025-03-10,Wallet,Delivered,0,5311.32,5311.32
ORD003289,CUST00243,2025-05-14,Cash on Delivery,Delivered,79,2170.33,2249.33
ORD003290,CUST00313,2024-08-07,Debit Card,Delivered,79,1772.61,1851.61
ORD003291,CUST00422,2024-07-08,Debit Card,Delivered,0,10983.51,10983.51
ORD003292,CUST00174,2025-04-01,UPI,Delivered,0,7914.07,7914.07
ORD003293,CUST00443,2025-11-02,Credit Card,Delivered,0,10622.64,10622.64
ORD003294,CUST00434,2024-12-12,Cash on Delivery,Delivered,0,3459.77,3459.77
ORD003295,CUST00068,2024-10-25,UPI,Delivered,0,4533.04,4533.04
ORD003296,CUST00425,2025-03-08,UPI,Returned,49,2398.35,2447.35
ORD003297,CUST00028,2024-11-25,UPI,Cancelled,0,5202.26,5202.26
ORD003298,CUST00565,2025-04-14,UPI,Delivered,0,2855.34,2855.34
ORD003299,CUST00410,2025-02-22,Wallet,Delivered,79,2255.79,2334.79
ORD003300,CUST00547,2025-10-12,Net Banking,Delivered,99,1049.91,1148.91
ORD003301,CUST00229,2025-02-26,Wallet,Delivered,49,1042.42,1091.42
ORD003302,CUST00475,2025-01-20,UPI,Returned,0,3873.73,3873.73
ORD003303,CUST00277,2025-09-05,Credit Card,Delivered,0,6222.21,6222.21
ORD003304,CUST00124,2025-06-24,Wallet,Delivered,79,409.84,488.84
ORD003305,CUST00340,2024-08-13,Cash on Delivery,Delivered,0,6419.87,6419.87
ORD003306,CUST00230,2024-06-24,Credit Card,Returned,0,4091.03,4091.03
ORD003307,CUST00573,2024-11-23,Credit Card,Delivered,0,10760.98,10760.98
ORD003308,CUST00397,2024-12-29,UPI,Delivered,0,2989.96,2989.96
ORD003309,CUST00370,2024-11-09,UPI,Delivered,0,3435.21,3435.21
ORD003310,CUST00553,2025-05-15,Credit Card,Returned,0,6244.48,6244.48
ORD003311,CUST00020,2024-11-15,Wallet,Returned,99,2447.57,2546.57
ORD003312,CUST00215,2024-08-06,Debit Card,Delivered,0,5733.96,5733.96
ORD003313,CUST00157,2025-12-19,Wallet,Delivered,0,4351.56,4351.56
ORD003314,CUST00172,2025-02-27,UPI,Delivered,99,916.12,1015.12
ORD003315,CUST00466,2025-03-18,Credit Card,Delivered,0,11370.02,11370.02
ORD003316,CUST00466,2025-08-12,Credit Card,Delivered,0,3206.7,3206.7
ORD003317,CUST00279,2025-10-25,UPI,Delivered,0,5030.82,5030.82
ORD003318,CUST00421,2024-04-01,UPI,Returned,79,600.22,679.22
ORD003319,CUST00279,2025-10-29,UPI,Delivered,0,6545.61,6545.61
ORD003320,CUST00326,2024-06-10,UPI,Delivered,0,2619.24,2619.24
ORD003321,CUST00579,2024-11-24,Credit Card,Delivered,49,2184.71,2233.71
ORD003322,CUST00031,2025-07-29,Debit Card,Delivered,49,409.84,458.84
ORD003323,CUST00371,2024-10-14,Net Banking,Delivered,0,4734.99,4734.99
ORD003324,CUST00162,2025-01-26,Net Banking,Delivered,0,6987.36,6987.36
ORD003325,CUST00148,2025-07-17,UPI,Delivered,0,10254.17,10254.17
ORD003326,CUST00313,2025-05-11,UPI,Delivered,0,5606.91,5606.91
ORD003327,CUST00144,2024-07-30,Wallet,Delivered,79,1500.54,1579.54
ORD003328,CUST00172,2025-02-24,UPI,Delivered,99,964.34,1063.34
ORD003329,CUST00473,2025-03-08,Debit Card,Delivered,0,6857.34,6857.34
ORD003330,CUST00223,2025-01-03,Credit Card,Delivered,49,909.62,958.62
ORD003331,CUST00283,2025-10-11,Credit Card,Cancelled,99,311.15,410.15
ORD003332,CUST00144,2025-05-26,Credit Card,Delivered,0,3142.61,3142.61
ORD003333,CUST00036,2024-08-14,UPI,Returned,0,3778.97,3778.97
ORD003334,CUST00394,2025-06-07,UPI,Delivered,0,18823.89,18823.89
ORD003335,CUST00093,2024-12-08,Debit Card,Delivered,0,5332.94,5332.94
ORD003336,CUST00558,2025-08-22,UPI,Cancelled,99,796.37,895.37
ORD003337,CUST00014,2025-11-16,UPI,Delivered,79,862.99,941.99
ORD003338,CUST00292,2024-05-01,Cash on Delivery,Delivered,99,1795.56,1894.56
ORD003339,CUST00295,2025-09-08,Credit Card,Delivered,0,3183.52,3183.52
ORD003340,CUST00486,2025-12-23,Wallet,Delivered,0,10608.49,10608.49
ORD003341,CUST00520,2025-11-02,UPI,Delivered,0,2782.39,2782.39
ORD003342,CUST00536,2025-06-08,Credit Card,Delivered,0,23944.15,23944.15
ORD003343,CUST00309,2024-12-16,Cash on Delivery,Returned,0,2531.07,2531.07
ORD003344,CUST00157,2025-09-28,UPI,Returned,99,933.45,1032.45
ORD003345,CUST00176,2025-03-18,Cash on Delivery,Delivered,99,2374.52,2473.52
ORD003346,CUST00399,2024-11-26,Wallet,Delivered,99,2398.35,2497.35
ORD003347,CUST00312,2025-10-23,Credit Card,Cancelled,0,13056.79,13056.79
ORD003348,CUST00260,2025-02-03,Cash on Delivery,Delivered,0,5403.64,5403.64
ORD003349,CUST00057,2024-10-20,Wallet,Delivered,0,6474.94,6474.94
ORD003350,CUST00142,2025-11-12,Net Banking,Delivered,0,4302.23,4302.23
ORD003351,CUST00133,2024-02-22,Credit Card,Delivered,99,750.27,849.27
ORD003352,CUST00187,2024-08-18,UPI,Delivered,0,4796.7,4796.7
ORD003353,CUST00385,2025-10-10,Debit Card,Delivered,99,560.7,659.7
ORD003354,CUST00396,2024-11-17,Debit Card,Delivered,0,10622.64,10622.64
ORD003355,CUST00549,2025-08-27,Credit Card,Delivered,0,4177.0,4177.0
ORD003356,CUST00061,2025-03-03,Cash on Delivery,Delivered,0,5084.47,5084.47
ORD003357,CUST00035,2025-09-08,Credit Card,Delivered,0,7372.92,7372.92
ORD003358,CUST00054,2025-07-01,Wallet,Returned,0,10141.21,10141.21
ORD003359,CUST00275,2025-10-07,UPI,Delivered,79,1749.31,1828.31
ORD003360,CUST00014,2025-12-07,UPI,Delivered,0,20572.38,20572.38
ORD003361,CUST00405,2024-10-29,Credit Card,Delivered,0,8354.0,8354.0
ORD003362,CUST00138,2024-09-23,Wallet,Delivered,0,3492.61,3492.61
ORD003363,CUST00092,2025-12-29,UPI,Delivered,99,1259.93,1358.93
ORD003364,CUST00519,2024-08-20,Credit Card,Delivered,79,248.92,327.92
ORD003365,CUST00329,2025-08-06,UPI,Delivered,49,862.99,911.99
ORD003366,CUST00390,2024-01-13,Wallet,Delivered,49,2451.27,2500.27
ORD003367,CUST00410,2025-02-22,Credit Card,Delivered,0,11120.92,11120.92
ORD003368,CUST00045,2025-12-05,UPI,Delivered,79,2218.9,2297.9
ORD003369,CUST00168,2024-09-13,UPI,Delivered,79,1081.06,1160.06
ORD003370,CUST00263,2025-08-21,Credit Card,Delivered,0,10307.38,10307.38
ORD003371,CUST00575,2025-03-21,UPI,Delivered,0,2588.97,2588.97
ORD003372,CUST00434,2025-10-06,Net Banking,Delivered,79,385.74,464.74
ORD003373,CUST00372,2025-02-01,Wallet,Delivered,0,5591.35,5591.35
ORD003374,CUST00209,2025-06-03,UPI,Delivered,99,2398.35,2497.35
ORD003375,CUST00197,2025-12-25,UPI,Delivered,0,5081.23,5081.23
ORD003376,CUST00025,2025-10-31,Credit Card,Delivered,0,4185.64,4185.64
ORD003377,CUST00010,2025-10-18,Cash on Delivery,Delivered,0,5230.65,5230.65
ORD003378,CUST00387,2024-07-06,UPI,Delivered,49,1296.51,1345.51
ORD003379,CUST00547,2025-12-27,Credit Card,Delivered,0,2897.72,2897.72
ORD003380,CUST00157,2025-11-19,UPI,Delivered,0,4514.62,4514.62
ORD003381,CUST00279,2025-10-17,UPI,Delivered,0,2774.8,2774.8
ORD003382,CUST00434,2025-04-15,Debit Card,Returned,0,6889.14,6889.14
ORD003383,CUST00279,2025-10-27,Credit Card,Delivered,0,7758.21,7758.21
ORD003384,CUST00316,2025-03-03,Cash on Delivery,Delivered,0,16560.38,16560.38
ORD003385,CUST00443,2025-11-04,Wallet,Cancelled,49,750.27,799.27
ORD003386,CUST00196,2025-09-30,Credit Card,Delivered,49,2043.21,2092.21
ORD003387,CUST00566,2025-01-18,Credit Card,Delivered,0,33462.22,33462.22
ORD003388,CUST00209,2025-07-30,Cash on Delivery,Delivered,49,600.22,649.22
ORD003389,CUST00240,2025-10-16,Debit Card,Delivered,79,458.06,537.06
ORD003390,CUST00573,2024-10-22,Credit Card,Delivered,79,979.73,1058.73
ORD003391,CUST00248,2024-12-27,Debit Card,Delivered,49,458.06,507.06
ORD003392,CUST00001,2025-06-01,Credit Card,Delivered,0,6637.99,6637.99
ORD003393,CUST00333,2025-04-19,Cash on Delivery,Delivered,0,6272.22,6272.22
ORD003394,CUST00382,2024-05-29,UPI,Delivered,0,4369.35,4369.35
ORD003395,CUST00286,2025-08-23,Credit Card,Delivered,99,482.17,581.17
ORD003396,CUST00326,2025-11-03,Debit Card,Cancelled,99,2084.83,2183.83
ORD003397,CUST00056,2024-06-23,Credit Card,Delivered,99,1714.23,1813.23
ORD003398,CUST00171,2024-05-09,UPI,Delivered,0,6070.43,6070.43
ORD003399,CUST00323,2024-09-08,Debit Card,Delivered,0,8713.38,8713.38
ORD003400,CUST00173,2024-12-07,Cash on Delivery,Delivered,79,2158.52,2237.52
ORD003401,CUST00240,2025-12-22,Cash on Delivery,Returned,0,12048.15,12048.15
ORD003402,CUST00157,2025-12-09,Credit Card,Delivered,0,6492.26,6492.26
ORD003403,CUST00588,2025-01-21,Cash on Delivery,Delivered,49,1068.68,1117.68
ORD003404,CUST00564,2025-06-24,UPI,Delivered,0,2985.48,2985.48
ORD003405,CUST00434,2025-11-11,Debit Card,Delivered,0,4796.7,4796.7
ORD003406,CUST00072,2025-09-24,UPI,Delivered,49,458.06,507.06
ORD003407,CUST00304,2025-12-11,UPI,Delivered,79,2203.57,2282.57
ORD003408,CUST00519,2024-10-06,Credit Card,Delivered,0,4554.3,4554.3
ORD003409,CUST00370,2024-08-28,Credit Card,Delivered,0,2984.79,2984.79
ORD003410,CUST00285,2025-05-07,Credit Card,Delivered,99,2374.52,2473.52
ORD003411,CUST00335,2025-11-04,Credit Card,Delivered,0,14558.72,14558.72
ORD003412,CUST00035,2025-08-28,Net Banking,Returned,0,9279.37,9279.37
ORD003413,CUST00072,2024-11-18,Credit Card,Delivered,0,11303.71,11303.71
ORD003414,CUST00161,2024-11-28,UPI,Delivered,0,5230.93,5230.93
ORD003415,CUST00585,2025-02-09,Credit Card,Delivered,99,2374.52,2473.52
ORD003416,CUST00130,2025-10-24,Credit Card,Delivered,0,4236.35,4236.35
ORD003417,CUST00230,2024-12-18,Credit Card,Cancelled,49,675.24,724.24
ORD003418,CUST00239,2025-05-29,Net Banking,Delivered,49,1296.51,1345.51
ORD003419,CUST00273,2025-06-23,Net Banking,Delivered,99,2417.21,2516.21
ORD003420,CUST00035,2025-09-04,UPI,Delivered,0,3565.68,3565.68
ORD003421,CUST00434,2025-11-12,UPI,Delivered,49,458.06,507.06
ORD003422,CUST00558,2025-04-16,Wallet,Delivered,79,1899.62,1978.62
ORD003423,CUST00285,2025-08-02,Credit Card,Delivered,0,8629.13,8629.13
ORD003424,CUST00466,2025-06-25,UPI,Delivered,0,11585.26,11585.26
ORD003425,CUST00236,2024-11-20,Credit Card,Delivered,79,793.32,872.32
ORD003426,CUST00209,2025-07-12,Credit Card,Returned,79,482.17,561.17
ORD003427,CUST00035,2025-08-22,Credit Card,Delivered,0,3393.73,3393.73
ORD003428,CUST00042,2025-11-08,UPI,Delivered,0,11319.0,11319.0
ORD003429,CUST00421,2025-09-30,Credit Card,Delivered,0,3144.31,3144.31
ORD003430,CUST00582,2025-06-10,Debit Card,Delivered,0,11325.32,11325.32
ORD003431,CUST00268,2025-03-05,Debit Card,Returned,0,10196.33,10196.33
ORD003432,CUST00094,2025-02-09,UPI,Delivered,0,9966.26,9966.26
ORD003433,CUST00449,2025-12-09,Credit Card,Delivered,99,712.76,811.76
ORD003434,CUST00279,2025-10-31,UPI,Returned,99,482.17,581.17
ORD003435,CUST00162,2025-03-20,Credit Card,Returned,0,3302.11,3302.11
ORD003436,CUST00049,2025-03-16,UPI,Delivered,0,9522.16,9522.16
ORD003437,CUST00072,2024-11-18,Credit Card,Returned,0,7123.56,7123.56
ORD003438,CUST00405,2024-10-31,Credit Card,Refunded,49,1634.57,1683.57
ORD003439,CUST00517,2024-09-07,Debit Card,Delivered,0,21347.48,21347.48
ORD003440,CUST00370,2024-10-13,Cash on Delivery,Delivered,99,2137.07,2236.07
ORD003441,CUST00207,2024-11-19,Debit Card,Delivered,0,2565.36,2565.36
ORD003442,CUST00157,2025-10-21,Credit Card,Delivered,0,7241.12,7241.12
ORD003443,CUST00175,2024-07-03,Credit Card,Delivered,0,2593.02,2593.02
ORD003444,CUST00032,2025-11-29,Credit Card,Delivered,0,7051.37,7051.37
ORD003445,CUST00072,2024-11-06,Credit Card,Delivered,0,4914.12,4914.12
ORD003446,CUST00313,2024-11-29,Cash on Delivery,Delivered,0,7235.31,7235.31
ORD003447,CUST00046,2025-10-05,UPI,Delivered,49,1658.9,1707.9
ORD003448,CUST00279,2025-10-06,UPI,Delivered,0,3676.31,3676.31
ORD003449,CUST00142,2024-10-06,Debit Card,Delivered,0,8254.78,8254.78
ORD003450,CUST00068,2025-12-15,Debit Card,Delivered,0,14548.72,14548.72
ORD003451,CUST00312,2025-10-28,Credit Card,Delivered,49,1587.34,1636.34
ORD003452,CUST00394,2025-04-06,Wallet,Delivered,99,2425.62,2524.62
ORD003453,CUST00061,2024-04-12,UPI,Delivered,0,12028.67,12028.67
ORD003454,CUST00286,2025-09-28,Cash on Delivery,Delivered,49,600.22,649.22
ORD003455,CUST00273,2024-12-25,Debit Card,Cancelled,49,2374.52,2423.52
ORD003456,CUST00372,2025-11-04,Cash on Delivery,Delivered,0,4038.58,4038.58
ORD003457,CUST00576,2025-07-04,Cash on Delivery,Delivered,0,21525.28,21525.28
ORD003458,CUST00236,2024-12-10,Net Banking,Cancelled,0,5311.32,5311.32
ORD003459,CUST00587,2025-01-01,Debit Card,Delivered,49,2137.07,2186.07
ORD003460,CUST00600,2024-05-30,Credit Card,Returned,0,6987.36,6987.36
ORD003461,CUST00248,2025-05-15,Debit Card,Delivered,0,19134.53,19134.53
ORD003462,CUST00165,2024-05-02,UPI,Delivered,0,2849.83,2849.83
ORD003463,CUST00326,2025-06-29,Cash on Delivery,Delivered,99,2398.35,2497.35
ORD003464,CUST00418,2025-10-30,UPI,Refunded,0,4796.7,4796.7
ORD003465,CUST00256,2025-12-04,Credit Card,Delivered,0,3580.5,3580.5
ORD003466,CUST00395,2025-04-23,Debit Card,Delivered,49,612.96,661.96
ORD003467,CUST00085,2025-06-07,Wallet,Delivered,0,6519.65,6519.65
ORD003468,CUST00020,2025-04-11,Credit Card,Delivered,49,2042.68,2091.68
ORD003469,CUST00094,2025-11-18,Debit Card,Delivered,79,1478.08,1557.08
ORD003470,CUST00468,2025-08-04,Credit Card,Delivered,0,8978.09,8978.09
ORD003471,CUST00445,2024-10-01,Credit Card,Delivered,0,9544.65,9544.65
ORD003472,CUST00078,2025-10-09,Debit Card,Delivered,0,16639.9,16639.9
ORD003473,CUST00016,2025-07-21,Wallet,Delivered,0,19640.47,19640.47
ORD003474,CUST00482,2024-12-11,UPI,Delivered,0,4942.95,4942.95
ORD003475,CUST00591,2024-09-20,Debit Card,Returned,49,600.22,649.22
ORD003476,CUST00286,2025-08-13,Net Banking,Delivered,0,19161.63,19161.63
ORD003477,CUST00552,2025-10-02,Net Banking,Delivered,99,482.17,581.17
ORD003478,CUST00434,2025-07-23,Wallet,Delivered,79,2374.52,2453.52
ORD003479,CUST00558,2024-11-24,UPI,Cancelled,79,750.27,829.27
ORD003480,CUST00439,2025-12-15,Credit Card,Delivered,0,8882.47,8882.47
ORD003481,CUST00342,2025-05-07,Credit Card,Delivered,0,3046.36,3046.36
ORD003482,CUST00453,2024-02-25,Credit Card,Delivered,0,2863.96,2863.96
ORD003483,CUST00137,2024-11-16,Credit Card,Delivered,0,13039.82,13039.82
ORD003484,CUST00401,2025-12-09,Credit Card,Delivered,0,4914.12,4914.12
ORD003485,CUST00370,2024-12-31,Credit Card,Delivered,0,13580.79,13580.79
ORD003486,CUST00425,2024-06-06,Net Banking,Returned,0,3440.01,3440.01
ORD003487,CUST00299,2024-11-23,Cash on Delivery,Delivered,0,18304.64,18304.64
ORD003488,CUST00412,2024-10-23,UPI,Returned,99,482.17,581.17
ORD003489,CUST00345,2024-04-04,Cash on Delivery,Delivered,0,4514.62,4514.62
ORD003490,CUST00595,2025-07-01,Cash on Delivery,Delivered,79,2316.48,2395.48
ORD003491,CUST00024,2025-03-20,Cash on Delivery,Delivered,0,22575.66,22575.66
ORD003492,CUST00072,2024-11-11,Net Banking,Delivered,0,6291.92,6291.92
ORD003493,CUST00284,2024-10-01,Credit Card,Delivered,0,5492.95,5492.95
ORD003494,CUST00451,2024-07-07,Debit Card,Delivered,99,862.99,961.99
ORD003495,CUST00558,2025-05-30,Credit Card,Returned,0,22157.99,22157.99
ORD003496,CUST00296,2025-03-25,Credit Card,Delivered,0,16392.02,16392.02
ORD003497,CUST00251,2025-04-24,Debit Card,Returned,0,13858.48,13858.48
ORD003498,CUST00463,2024-12-31,UPI,Delivered,0,3124.79,3124.79
ORD003499,CUST00237,2025-04-07,Wallet,Delivered,0,2914.27,2914.27
ORD003500,CUST00463,2025-05-06,Debit Card,Delivered,0,5926.23,5926.23
ORD003501,CUST00109,2024-08-29,Debit Card,Delivered,49,623.0,672.0
ORD003502,CUST00405,2024-11-07,Debit Card,Delivered,0,19426.84,19426.84
ORD003503,CUST00434,2025-01-26,Debit Card,Delivered,79,591.85,670.85
ORD003504,CUST00404,2025-05-10,UPI,Delivered,0,2501.08,2501.08
ORD003505,CUST00056,2025-05-23,UPI,Refunded,0,3430.24,3430.24
ORD003506,CUST00106,2025-12-29,Credit Card,Delivered,0,11744.1,11744.1
ORD003507,CUST00035,2025-08-18,Debit Card,Delivered,0,5092.3,5092.3
ORD003508,CUST00020,2025-09-20,Debit Card,Cancelled,0,6211.88,6211.88
ORD003509,CUST00558,2025-01-12,UPI,Delivered,49,385.74,434.74
ORD003510,CUST00072,2024-10-30,UPI,Delivered,0,14494.15,14494.15
ORD003511,CUST00157,2025-08-29,UPI,Delivered,49,637.73,686.73
ORD003512,CUST00031,2025-07-22,Net Banking,Delivered,0,5638.17,5638.17
ORD003513,CUST00143,2025-06-04,Wallet,Delivered,49,482.17,531.17
ORD003514,CUST00405,2024-11-06,Net Banking,Delivered,0,8587.95,8587.95
ORD003515,CUST00354,2025-03-06,Credit Card,Returned,0,6450.96,6450.96
ORD003516,CUST00369,2025-05-16,Credit Card,Delivered,0,7709.67,7709.67
ORD003517,CUST00388,2024-06-03,UPI,Delivered,0,2699.41,2699.41
ORD003518,CUST00558,2024-12-14,Wallet,Delivered,0,6121.51,6121.51
ORD003519,CUST00239,2025-08-26,Cash on Delivery,Delivered,49,425.08,474.08
ORD003520,CUST00279,2025-10-19,Net Banking,Returned,49,1134.82,1183.82
ORD003521,CUST00528,2024-11-11,Credit Card,Delivered,0,8579.71,8579.71
ORD003522,CUST00495,2025-08-11,UPI,Delivered,79,2137.07,2216.07
ORD003523,CUST00078,2025-05-28,Wallet,Delivered,99,1364.75,1463.75
ORD003524,CUST00523,2025-07-02,UPI,Delivered,79,529.55,608.55
ORD003525,CUST00425,2024-03-25,Net Banking,Returned,0,6141.86,6141.86
ORD003526,CUST00095,2024-07-17,Credit Card,Delivered,0,3023.28,3023.28
ORD003527,CUST00340,2025-06-26,Credit Card,Delivered,0,4749.04,4749.04
ORD003528,CUST00422,2025-01-02,Debit Card,Delivered,0,2731.1,2731.1
ORD003529,CUST00230,2024-11-17,UPI,Refunded,49,1350.49,1399.49
ORD003530,CUST00240,2025-09-23,Credit Card,Delivered,0,4290.85,4290.85
ORD003531,CUST00237,2025-12-15,UPI,Delivered,0,12965.42,12965.42
ORD003532,CUST00527,2025-07-08,Credit Card,Delivered,0,4227.07,4227.07
ORD003533,CUST00303,2025-10-20,Credit Card,Delivered,0,9312.51,9312.51
ORD003534,CUST00448,2025-11-16,Debit Card,Delivered,0,6502.11,6502.11
ORD003535,CUST00094,2025-12-13,Cash on Delivery,Returned,0,19153.67,19153.67
ORD003536,CUST00370,2025-12-31,Debit Card,Delivered,0,6787.02,6787.02
ORD003537,CUST00212,2024-12-26,Credit Card,Returned,0,11280.44,11280.44
ORD003538,CUST00266,2025-01-17,UPI,Delivered,99,361.32,460.32
ORD003539,CUST00277,2024-06-18,Debit Card,Delivered,0,8145.6,8145.6
ORD003540,CUST00214,2025-02-19,Credit Card,Delivered,0,5311.32,5311.32
ORD003541,CUST00339,2025-07-14,Credit Card,Delivered,0,5325.22,5325.22
ORD003542,CUST00279,2025-10-15,Debit Card,Returned,79,1060.98,1139.98
ORD003543,CUST00162,2024-06-16,UPI,Delivered,0,10571.38,10571.38
ORD003544,CUST00072,2025-08-01,UPI,Delivered,0,5971.51,5971.51
ORD003545,CUST00191,2024-03-03,Debit Card,Delivered,99,482.17,581.17
ORD003546,CUST00313,2025-03-04,Net Banking,Delivered,0,2870.51,2870.51
ORD003547,CUST00407,2025-12-29,Credit Card,Delivered,0,8379.35,8379.35
ORD003548,CUST00342,2025-04-15,Cash on Delivery,Delivered,0,6811.86,6811.86
ORD003549,CUST00178,2025-10-10,Net Banking,Delivered,79,750.27,829.27
ORD003550,CUST00299,2025-06-08,UPI,Delivered,79,560.7,639.7
ORD003551,CUST00286,2025-08-15,Debit Card,Delivered,0,6811.86,6811.86
ORD003552,CUST00382,2025-02-28,Credit Card,Delivered,99,2278.43,2377.43
ORD003553,CUST00473,2025-03-13,Debit Card,Cancelled,79,1208.33,1287.33
ORD003554,CUST00216,2025-06-04,Credit Card,Delivered,49,1157.21,1206.21
ORD003555,CUST00326,2025-08-22,Net Banking,Refunded,99,1607.5,1706.5
ORD003556,CUST00450,2025-11-16,UPI,Delivered,0,5499.31,5499.31
ORD003557,CUST00348,2025-12-31,Credit Card,Delivered,79,482.17,561.17
ORD003558,CUST00193,2025-02-11,Credit Card,Returned,0,9749.2,9749.2
ORD003559,CUST00074,2025-08-23,Cash on Delivery,Delivered,0,6553.1,6553.1
ORD003560,CUST00010,2025-02-03,UPI,Delivered,0,5546.97,5546.97
ORD003561,CUST00017,2024-03-13,Wallet,Returned,0,7799.0,7799.0
ORD003562,CUST00316,2025-02-25,Cash on Delivery,Delivered,0,15483.39,15483.39
ORD003563,CUST00279,2025-10-14,Debit Card,Delivered,79,2158.52,2237.52
ORD003564,CUST00568,2024-11-11,UPI,Refunded,79,819.84,898.84
ORD003565,CUST00551,2024-01-25,Credit Card,Delivered,49,675.24,724.24
ORD003566,CUST00600,2025-04-12,UPI,Delivered,0,14675.17,14675.17
ORD003567,CUST00421,2024-02-03,Wallet,Delivered,79,2374.52,2453.52
ORD003568,CUST00119,2025-11-18,UPI,Delivered,99,1134.82,1233.82
ORD003569,CUST00072,2024-11-17,UPI,Delivered,0,19635.34,19635.34
ORD003570,CUST00146,2024-08-08,Wallet,Delivered,0,5023.85,5023.85
ORD003571,CUST00273,2024-09-29,Net Banking,Delivered,0,7737.55,7737.55
ORD003572,CUST00047,2025-11-04,UPI,Delivered,79,1639.58,1718.58
ORD003573,CUST00425,2025-06-28,UPI,Delivered,0,2808.19,2808.19
ORD003574,CUST00296,2025-12-10,Cash on Delivery,Delivered,0,13824.48,13824.48
ORD003575,CUST00469,2024-09-25,Credit Card,Delivered,0,2520.77,2520.77
ORD003576,CUST00313,2024-09-06,Debit Card,Delivered,0,14810.71,14810.71
ORD003577,CUST00087,2025-09-22,Credit Card,Delivered,0,2799.13,2799.13
ORD003578,CUST00376,2025-11-25,Credit Card,Delivered,0,7916.27,7916.27
ORD003579,CUST00438,2025-07-03,Debit Card,Delivered,79,425.08,504.08
ORD003580,CUST00035,2025-09-02,Wallet,Delivered,0,3039.79,3039.79
ORD003581,CUST00434,2025-12-12,Cash on Delivery,Delivered,0,6205.7,6205.7
ORD003582,CUST00087,2025-09-28,Wallet,Delivered,79,1773.9,1852.9
ORD003583,CUST00256,2025-05-27,UPI,Delivered,0,17630.97,17630.97
ORD003584,CUST00420,2024-02-26,Credit Card,Delivered,0,6347.77,6347.77
ORD003585,CUST00569,2025-10-12,Debit Card,Delivered,79,1821.37,1900.37
ORD003586,CUST00230,2025-12-05,Net Banking,Delivered,99,482.17,581.17
ORD003587,CUST00116,2025-03-09,UPI,Delivered,79,1267.09,1346.09
ORD003588,CUST00346,2025-07-27,Credit Card,Delivered,0,5311.32,5311.32
ORD003589,CUST00021,2025-08-31,Debit Card,Returned,0,5656.87,5656.87
ORD003590,CUST00332,2025-01-29,Credit Card,Delivered,0,4249.06,4249.06
ORD003591,CUST00056,2025-08-19,Credit Card,Delivered,0,5045.75,5045.75
ORD003592,CUST00035,2025-08-14,Credit Card,Delivered,49,916.12,965.12
ORD003593,CUST00532,2025-10-06,Credit Card,Delivered,0,2900.89,2900.89
ORD003594,CUST00009,2024-09-11,UPI,Delivered,99,2398.35,2497.35
ORD003595,CUST00396,2025-10-05,Debit Card,Delivered,49,482.17,531.17
ORD003596,CUST00245,2025-01-26,Wallet,Delivered,0,9381.28,9381.28
ORD003597,CUST00247,2025-06-12,Cash on Delivery,Delivered,0,7209.12,7209.12
ORD003598,CUST00448,2024-06-23,Wallet,Delivered,0,9333.8,9333.8
ORD003599,CUST00473,2025-03-22,Credit Card,Delivered,0,12065.66,12065.66
ORD003600,CUST00072,2024-10-26,Debit Card,Delivered,0,17205.19,17205.19
ORD003601,CUST00230,2025-11-11,Credit Card,Delivered,79,2142.79,2221.79
ORD003602,CUST00329,2024-04-15,Debit Card,Delivered,0,6855.78,6855.78
ORD003603,CUST00061,2025-11-12,Credit Card,Delivered,0,6288.62,6288.62
ORD003604,CUST00396,2024-11-13,UPI,Delivered,79,750.27,829.27
ORD003605,CUST00279,2025-10-17,UPI,Delivered,79,2018.34,2097.34
ORD003606,CUST00243,2025-12-10,Credit Card,Cancelled,0,13544.47,13544.47
ORD003607,CUST00021,2025-01-24,Credit Card,Delivered,0,4668.41,4668.41
ORD003608,CUST00430,2025-07-29,Net Banking,Delivered,0,9784.49,9784.49
ORD003609,CUST00279,2025-10-25,Net Banking,Delivered,0,6325.84,6325.84
ORD003610,CUST00175,2024-11-06,Debit Card,Delivered,0,17104.12,17104.12
ORD003611,CUST00153,2025-08-23,Credit Card,Delivered,0,3307.97,3307.97
ORD003612,CUST00014,2025-11-05,Credit Card,Delivered,0,12132.75,12132.75
ORD003613,CUST00597,2025-10-28,Debit Card,Delivered,0,2619.77,2619.77
ORD003614,CUST00328,2025-07-20,UPI,Delivered,79,1446.51,1525.51
ORD003615,CUST00154,2025-09-11,Credit Card,Delivered,49,2255.79,2304.79
ORD003616,CUST00060,2025-11-20,Debit Card,Delivered,0,4997.96,4997.96
ORD003617,CUST00286,2025-10-12,UPI,Delivered,0,6259.47,6259.47
ORD003618,CUST00396,2025-05-24,UPI,Delivered,79,2374.52,2453.52
ORD003619,CUST00278,2024-10-01,Debit Card,Delivered,0,11752.32,11752.32
ORD003620,CUST00436,2025-02-28,Credit Card,Delivered,0,4511.59,4511.59
ORD003621,CUST00248,2025-10-27,Debit Card,Delivered,99,645.89,744.89
ORD003622,CUST00174,2025-03-29,Net Banking,Cancelled,79,2398.35,2477.35
ORD003623,CUST00315,2025-07-25,Wallet,Delivered,0,18343.96,18343.96
ORD003624,CUST00035,2025-08-10,Credit Card,Delivered,0,3889.54,3889.54
ORD003625,CUST00199,2025-03-22,Cash on Delivery,Delivered,0,5901.84,5901.84
ORD003626,CUST00138,2024-07-03,Debit Card,Delivered,99,1104.47,1203.47
ORD003627,CUST00109,2024-08-25,UPI,Delivered,79,1322.35,1401.35
ORD003628,CUST00093,2024-07-02,Credit Card,Delivered,0,7038.89,7038.89
ORD003629,CUST00166,2025-03-21,Wallet,Delivered,49,622.3,671.3
ORD003630,CUST00227,2025-07-24,Debit Card,Delivered,0,6835.3,6835.3
ORD003631,CUST00020,2025-05-12,Credit Card,Delivered,0,4690.17,4690.17
ORD003632,CUST00305,2025-07-12,Credit Card,Delivered,99,295.59,394.59
ORD003633,CUST00396,2024-11-17,UPI,Delivered,0,6821.06,6821.06
ORD003634,CUST00020,2025-10-21,Wallet,Delivered,99,2398.35,2497.35
ORD003635,CUST00270,2025-04-26,Wallet,Delivered,79,482.17,561.17
ORD003636,CUST00025,2024-08-28,Cash on Delivery,Delivered,0,3931.3,3931.3
ORD003637,CUST00495,2024-08-17,Credit Card,Delivered,79,458.06,537.06
ORD003638,CUST00329,2024-10-05,Debit Card,Returned,0,3266.26,3266.26
ORD003639,CUST00047,2025-10-04,Debit Card,Delivered,0,4796.7,4796.7
ORD003640,CUST00326,2025-10-27,Debit Card,Delivered,0,4317.03,4317.03
ORD003641,CUST00137,2025-11-28,UPI,Delivered,79,957.5,1036.5
ORD003642,CUST00309,2025-10-07,UPI,Returned,0,9848.98,9848.98
ORD003643,CUST00243,2025-06-25,Net Banking,Delivered,0,2532.14,2532.14
ORD003644,CUST00316,2025-04-29,Credit Card,Delivered,79,1901.08,1980.08
ORD003645,CUST00347,2025-10-02,Cash on Delivery,Delivered,0,5311.32,5311.32
ORD003646,CUST00558,2025-09-25,Net Banking,Delivered,0,5107.85,5107.85
ORD003647,CUST00362,2024-12-30,Debit Card,Delivered,0,6568.2,6568.2
ORD003648,CUST00453,2024-03-27,Wallet,Delivered,79,1899.62,1978.62
ORD003649,CUST00227,2025-07-21,Net Banking,Delivered,49,2137.07,2186.07
ORD003650,CUST00455,2025-08-15,UPI,Returned,0,5660.21,5660.21
ORD003651,CUST00097,2025-04-22,UPI,Delivered,0,7715.4,7715.4
ORD003652,CUST00288,2024-07-27,Debit Card,Delivered,0,15432.54,15432.54
ORD003653,CUST00425,2024-10-22,Net Banking,Delivered,79,311.15,390.15
ORD003654,CUST00430,2025-07-14,Net Banking,Delivered,0,18457.3,18457.3
ORD003655,CUST00421,2025-09-10,UPI,Refunded,0,19185.46,19185.46
ORD003656,CUST00279,2025-10-11,Debit Card,Delivered,0,3767.08,3767.08
ORD003657,CUST00559,2025-03-31,Debit Card,Delivered,79,1443.02,1522.02
ORD003658,CUST00527,2025-12-27,UPI,Delivered,79,2278.59,2357.59
ORD003659,CUST00388,2024-07-15,Credit Card,Returned,0,9619.67,9619.67
ORD003660,CUST00035,2025-09-04,Credit Card,Delivered,49,2374.52,2423.52
ORD003661,CUST00211,2025-05-28,Wallet,Delivered,0,2837.86,2837.86
ORD003662,CUST00094,2025-11-12,UPI,Delivered,99,2158.52,2257.52
ORD003663,CUST00595,2025-02-24,UPI,Delivered,0,13399.58,13399.58
ORD003664,CUST00445,2025-06-07,UPI,Cancelled,99,2374.52,2473.52
ORD003665,CUST00275,2025-10-20,Net Banking,Returned,0,10206.39,10206.39
ORD003666,CUST00040,2025-11-20,Wallet,Delivered,0,5877.79,5877.79
ORD003667,CUST00434,2025-11-19,Cash on Delivery,Returned,49,862.99,911.99
ORD003668,CUST00324,2024-10-13,Debit Card,Delivered,0,2500.51,2500.51
ORD003669,CUST00279,2025-10-21,Cash on Delivery,Delivered,0,5045.75,5045.75
ORD003670,CUST00021,2024-01-17,UPI,Delivered,99,2317.85,2416.85
ORD003671,CUST00326,2025-12-09,Wallet,Delivered,0,4541.83,4541.83
ORD003672,CUST00573,2024-09-27,Debit Card,Delivered,0,2528.53,2528.53
ORD003673,CUST00343,2025-02-15,UPI,Delivered,0,4945.93,4945.93
ORD003674,CUST00147,2025-10-24,Credit Card,Delivered,0,8307.48,8307.48
ORD003675,CUST00236,2025-06-27,Net Banking,Delivered,0,4243.95,4243.95
ORD003676,CUST00407,2024-10-29,UPI,Delivered,99,1085.08,1184.08
ORD003677,CUST00558,2025-07-30,Debit Card,Returned,0,4147.26,4147.26
ORD003678,CUST00304,2024-10-24,Debit Card,Delivered,0,19948.45,19948.45
ORD003679,CUST00422,2024-04-21,UPI,Delivered,0,5311.32,5311.32
ORD003680,CUST00572,2024-12-22,Net Banking,Delivered,49,311.15,360.15
ORD003681,CUST00410,2025-07-07,Net Banking,Delivered,99,2374.52,2473.52
ORD003682,CUST00434,2024-06-05,Wallet,Delivered,79,819.84,898.84
ORD003683,CUST00434,2025-03-21,Wallet,Delivered,0,10622.64,10622.64
ORD003684,CUST00430,2025-07-29,Credit Card,Delivered,79,2398.35,2477.35
ORD003685,CUST00496,2025-05-07,Wallet,Delivered,49,2398.35,2447.35
ORD003686,CUST00434,2025-03-29,Wallet,Delivered,99,1446.51,1545.51
ORD003687,CUST00453,2024-12-31,Debit Card,Delivered,0,14087.59,14087.59
ORD003688,CUST00388,2024-07-17,Debit Card,Delivered,0,5311.32,5311.32
ORD003689,CUST00072,2025-09-02,Cash on Delivery,Returned,0,5689.8,5689.8
ORD003690,CUST00152,2024-08-22,Credit Card,Delivered,0,3453.85,3453.85
ORD003691,CUST00067,2025-07-21,Cash on Delivery,Delivered,0,11289.86,11289.86
ORD003692,CUST00229,2025-10-18,UPI,Delivered,79,1192.07,1271.07
ORD003693,CUST00414,2025-12-01,Net Banking,Delivered,0,15109.12,15109.12
ORD003694,CUST00279,2025-10-04,Cash on Delivery,Delivered,79,458.06,537.06
ORD003695,CUST00236,2025-01-10,Debit Card,Delivered,79,2200.62,2279.62
ORD003696,CUST00121,2025-07-13,UPI,Delivered,0,4772.87,4772.87
ORD003697,CUST00279,2025-10-23,Credit Card,Returned,99,385.74,484.74
ORD003698,CUST00356,2025-11-22,UPI,Delivered,49,675.24,724.24
ORD003699,CUST00196,2025-06-09,UPI,Refunded,0,3527.16,3527.16
ORD003700,CUST00194,2025-09-17,Net Banking,Delivered,49,458.06,507.06
ORD003701,CUST00575,2025-04-23,Cash on Delivery,Delivered,0,11256.32,11256.32
ORD003702,CUST00157,2025-10-15,UPI,Delivered,0,4059.9,4059.9
ORD003703,CUST00553,2025-11-14,Credit Card,Delivered,49,2137.07,2186.07
ORD003704,CUST00374,2025-08-29,Wallet,Delivered,0,7088.5,7088.5
ORD003705,CUST00321,2025-01-18,Debit Card,Delivered,49,591.85,640.85
ORD003706,CUST00519,2025-03-19,Debit Card,Delivered,99,1603.35,1702.35
ORD003707,CUST00175,2025-09-05,UPI,Returned,0,17512.36,17512.36
ORD003708,CUST00221,2024-04-24,Credit Card,Delivered,99,1443.02,1542.02
ORD003709,CUST00085,2025-05-20,UPI,Delivered,0,2719.67,2719.67
ORD003710,CUST00370,2024-07-25,Credit Card,Delivered,0,12505.7,12505.7
ORD003711,CUST00290,2025-02-11,Cash on Delivery,Delivered,79,385.74,464.74
ORD003712,CUST00072,2025-12-20,UPI,Delivered,0,10945.65,10945.65
ORD003713,CUST00129,2025-12-25,Cash on Delivery,Delivered,0,20612.42,20612.42
ORD003714,CUST00072,2024-12-09,Credit Card,Delivered,79,2374.52,2453.52
ORD003715,CUST00286,2025-08-29,Wallet,Delivered,0,4185.64,4185.64
ORD003716,CUST00136,2025-11-10,Credit Card,Returned,0,8690.87,8690.87
ORD003717,CUST00414,2024-07-26,UPI,Delivered,0,5045.75,5045.75
ORD003718,CUST00315,2025-04-26,UPI,Delivered,0,5045.75,5045.75
ORD003719,CUST00240,2025-09-30,Credit Card,Cancelled,0,3148.62,3148.62
ORD003720,CUST00227,2025-10-04,Wallet,Delivered,0,4554.17,4554.17
ORD003721,CUST00172,2024-07-26,Net Banking,Delivered,49,2398.35,2447.35
ORD003722,CUST00502,2025-06-17,Credit Card,Delivered,0,4749.04,4749.04
ORD003723,CUST00275,2025-11-10,UPI,Delivered,99,622.3,721.3
ORD003724,CUST00363,2024-10-01,Debit Card,Delivered,79,2161.43,2240.43
ORD003725,CUST00168,2025-01-18,Net Banking,Delivered,99,2086.12,2185.12
ORD003726,CUST00380,2025-12-26,Wallet,Returned,0,8373.45,8373.45
ORD003727,CUST00421,2025-01-07,Debit Card,Delivered,0,3144.31,3144.31
ORD003728,CUST00279,2025-10-23,UPI,Delivered,0,15342.2,15342.2
ORD003729,CUST00141,2025-02-03,Debit Card,Delivered,0,9461.95,9461.95
ORD003730,CUST00157,2025-12-10,Credit Card,Delivered,99,647.02,746.02
ORD003731,CUST00035,2025-08-06,Net Banking,Delivered,0,5132.17,5132.17
ORD003732,CUST00589,2024-09-22,Net Banking,Delivered,0,10746.72,10746.72
ORD003733,CUST00236,2024-11-14,Credit Card,Delivered,79,2374.52,2453.52
ORD003734,CUST00209,2025-11-06,Credit Card,Delivered,79,2278.43,2357.43
ORD003735,CUST00088,2025-12-28,Net Banking,Delivered,0,8254.78,8254.78
ORD003736,CUST00214,2024-09-09,Debit Card,Delivered,0,5528.78,5528.78
ORD003737,CUST00502,2025-09-22,Wallet,Delivered,49,637.73,686.73
ORD003738,CUST00286,2025-08-23,UPI,Refunded,49,944.59,993.59
ORD003739,CUST00498,2025-03-21,Credit Card,Delivered,0,4914.12,4914.12
ORD003740,CUST00448,2025-05-18,Debit Card,Delivered,79,1134.82,1213.82
ORD003741,CUST00106,2025-07-09,UPI,Delivered,0,17426.76,17426.76
ORD003742,CUST00581,2025-04-02,Credit Card,Delivered,99,1100.33,1199.33
ORD003743,CUST00486,2025-04-08,UPI,Delivered,0,12888.43,12888.43
ORD003744,CUST00434,2024-12-27,Cash on Delivery,Delivered,0,6474.94,6474.94
ORD003745,CUST00287,2024-06-25,Credit Card,Delivered,0,9408.11,9408.11
ORD003746,CUST00147,2025-11-14,Cash on Delivery,Delivered,79,1136.01,1215.01
ORD003747,CUST00422,2025-07-18,Cash on Delivery,Returned,0,7629.6,7629.6
ORD003748,CUST00094,2025-12-15,Cash on Delivery,Delivered,99,482.17,581.17
ORD003749,CUST00299,2024-06-15,Net Banking,Delivered,0,2720.22,2720.22
ORD003750,CUST00261,2024-04-19,UPI,Delivered,0,11724.85,11724.85
ORD003751,CUST00558,2024-04-19,Cash on Delivery,Delivered,79,2398.35,2477.35
ORD003752,CUST00056,2024-06-07,UPI,Returned,0,3756.05,3756.05
ORD003753,CUST00313,2024-07-24,Debit Card,Delivered,99,1603.35,1702.35
ORD003754,CUST00430,2025-08-26,Net Banking,Delivered,49,2398.35,2447.35
ORD003755,CUST00050,2024-06-27,Wallet,Delivered,0,6123.31,6123.31
ORD003756,CUST00035,2025-08-09,UPI,Returned,49,871.92,920.92
ORD003757,CUST00186,2024-10-30,UPI,Delivered,0,33653.62,33653.62
ORD003758,CUST00117,2025-08-25,Credit Card,Delivered,99,623.0,722.0
ORD003759,CUST00313,2025-03-02,UPI,Delivered,49,2183.6,2232.6
ORD003760,CUST00592,2025-02-18,Debit Card,Delivered,0,13984.84,13984.84
ORD003761,CUST00116,2024-12-24,UPI,Delivered,0,7588.66,7588.66
ORD003762,CUST00493,2025-11-10,UPI,Delivered,0,6203.99,6203.99
ORD003763,CUST00504,2024-09-21,Credit Card,Cancelled,79,2125.33,2204.33
ORD003764,CUST00480,2025-10-29,Credit Card,Cancelled,0,13181.53,13181.53
ORD003765,CUST00453,2024-07-26,Credit Card,Cancelled,0,4336.75,4336.75
ORD003766,CUST00157,2025-11-13,Wallet,Delivered,0,11511.01,11511.01
ORD003767,CUST00473,2025-03-27,Debit Card,Delivered,49,1634.46,1683.46
ORD003768,CUST00388,2024-06-02,Credit Card,Delivered,0,7878.33,7878.33
ORD003769,CUST00502,2024-09-02,Cash on Delivery,Delivered,0,7615.77,7615.77
ORD003770,CUST00445,2024-11-02,UPI,Delivered,0,2896.05,2896.05
ORD003771,CUST00329,2025-03-30,Credit Card,Cancelled,79,1279.22,1358.22
ORD003772,CUST00072,2025-10-05,Debit Card,Cancelled,0,5281.37,5281.37
ORD003773,CUST00219,2025-01-04,UPI,Delivered,79,675.24,754.24
ORD003774,CUST00050,2025-03-21,Credit Card,Delivered,49,482.17,531.17
ORD003775,CUST00313,2025-12-25,Cash on Delivery,Delivered,0,2622.72,2622.72
ORD003776,CUST00277,2024-11-12,UPI,Delivered,0,19700.08,19700.08
ORD003777,CUST00106,2025-01-26,UPI,Delivered,99,2374.52,2473.52
ORD003778,CUST00329,2024-11-04,UPI,Delivered,0,13543.87,13543.87
ORD003779,CUST00502,2025-12-15,UPI,Delivered,0,6285.22,6285.22
ORD003780,CUST00142,2024-02-28,Credit Card,Delivered,0,3693.84,3693.84
ORD003781,CUST00148,2025-09-29,UPI,Delivered,0,19792.93,19792.93
ORD003782,CUST00072,2024-10-29,Net Banking,Delivered,0,2737.96,2737.96
ORD003783,CUST00245,2025-07-10,Net Banking,Delivered,49,1098.01,1147.01
ORD003784,CUST00087,2025-10-02,Credit Card,Delivered,0,3931.3,3931.3
ORD003785,CUST00502,2025-06-06,Credit Card,Delivered,49,623.0,672.0
ORD003786,CUST00378,2025-01-06,Wallet,Cancelled,0,10900.08,10900.08
ORD003787,CUST00273,2025-12-30,UPI,Cancelled,0,5311.32,5311.32
ORD003788,CUST00304,2024-12-29,Debit Card,Delivered,0,5475.93,5475.93
ORD003789,CUST00119,2024-10-09,Cash on Delivery,Delivered,49,957.5,1006.5
ORD003790,CUST00558,2024-02-18,Debit Card,Delivered,79,2255.79,2334.79
ORD003791,CUST00504,2024-08-07,UPI,Delivered,0,5475.93,5475.93
ORD003792,CUST00377,2025-10-18,Credit Card,Delivered,0,5760.48,5760.48
ORD003793,CUST00558,2025-04-03,Debit Card,Delivered,49,311.15,360.15
ORD003794,CUST00396,2025-06-08,Credit Card,Delivered,0,5756.04,5756.04
ORD003795,CUST00299,2024-02-17,Credit Card,Delivered,0,10301.17,10301.17
ORD003796,CUST00342,2025-05-06,UPI,Refunded,0,10905.81,10905.81
ORD003797,CUST00223,2025-05-13,Credit Card,Delivered,0,2678.78,2678.78
ORD003798,CUST00405,2024-10-26,Debit Card,Delivered,0,5232.1,5232.1
ORD003799,CUST00106,2025-01-26,UPI,Returned,0,6095.83,6095.83
ORD003800,CUST00024,2025-01-21,UPI,Delivered,0,5045.75,5045.75
ORD003801,CUST00410,2025-10-06,Credit Card,Delivered,0,4069.27,4069.27
ORD003802,CUST00235,2025-03-15,Debit Card,Cancelled,0,3319.0,3319.0
ORD003803,CUST00396,2025-07-05,UPI,Delivered,0,6500.36,6500.36
ORD003804,CUST00226,2024-10-29,Debit Card,Delivered,0,8289.22,8289.22
ORD003805,CUST00536,2025-12-24,UPI,Delivered,0,3368.14,3368.14
ORD003806,CUST00421,2025-01-07,Cash on Delivery,Delivered,0,9145.96,9145.96
ORD003807,CUST00466,2025-10-14,UPI,Delivered,99,409.84,508.84
ORD003808,CUST00134,2025-11-09,Credit Card,Delivered,0,4652.89,4652.89
ORD003809,CUST00191,2025-02-20,UPI,Delivered,99,2179.65,2278.65
ORD003810,CUST00214,2024-11-15,UPI,Cancelled,0,10304.7,10304.7
ORD003811,CUST00261,2024-12-21,Credit Card,Delivered,0,8354.0,8354.0
ORD003812,CUST00290,2024-11-07,Credit Card,Delivered,49,2018.34,2067.34
ORD003813,CUST00285,2025-04-24,Debit Card,Delivered,49,2210.34,2259.34
ORD003814,CUST00240,2025-10-17,Debit Card,Delivered,0,28655.47,28655.47
ORD003815,CUST00321,2025-01-09,UPI,Delivered,49,2158.52,2207.52
ORD003816,CUST00357,2025-07-04,UPI,Delivered,0,5134.59,5134.59
ORD003817,CUST00422,2025-04-08,UPI,Delivered,0,2883.24,2883.24
ORD003818,CUST00082,2024-09-19,Cash on Delivery,Delivered,99,560.07,659.07
ORD003819,CUST00558,2025-06-28,UPI,Delivered,99,560.7,659.7
ORD003820,CUST00221,2025-12-22,Wallet,Delivered,0,12307.47,12307.47
ORD003821,CUST00143,2024-03-10,UPI,Delivered,79,867.91,946.91
ORD003822,CUST00276,2025-12-31,Cash on Delivery,Delivered,79,2018.34,2097.34
ORD003823,CUST00068,2025-12-14,Debit Card,Delivered,79,311.15,390.15
ORD003824,CUST00486,2025-02-05,Credit Card,Delivered,99,750.27,849.27
ORD003825,CUST00236,2024-11-25,UPI,Delivered,79,2386.05,2465.05
ORD003826,CUST00403,2024-12-27,UPI,Delivered,0,5617.35,5617.35
ORD003827,CUST00040,2025-10-02,Debit Card,Delivered,0,6676.07,6676.07
ORD003828,CUST00085,2025-05-25,Credit Card,Delivered,0,13417.5,13417.5
ORD003829,CUST00237,2025-06-20,UPI,Delivered,0,2685.67,2685.67
ORD003830,CUST00372,2025-02-10,Wallet,Delivered,0,8481.33,8481.33
ORD003831,CUST00279,2025-10-20,Credit Card,Delivered,0,22330.21,22330.21
ORD003832,CUST00342,2025-04-30,Debit Card,Delivered,0,4780.26,4780.26
ORD003833,CUST00093,2024-12-11,Credit Card,Cancelled,0,5066.28,5066.28
ORD003834,CUST00340,2025-12-02,Debit Card,Returned,0,6256.39,6256.39
ORD003835,CUST00284,2024-04-23,UPI,Delivered,0,3592.82,3592.82
ORD003836,CUST00550,2024-08-29,Cash on Delivery,Delivered,79,957.5,1036.5
ORD003837,CUST00567,2025-10-18,Credit Card,Delivered,0,20025.05,20025.05
ORD003838,CUST00123,2025-01-10,Credit Card,Delivered,99,955.9,1054.9
ORD003839,CUST00371,2025-01-11,Debit Card,Delivered,0,14650.05,14650.05
ORD003840,CUST00022,2024-09-08,UPI,Delivered,0,7442.98,7442.98
ORD003841,CUST00254,2025-12-06,Wallet,Delivered,0,11115.7,11115.7
ORD003842,CUST00256,2025-05-21,Credit Card,Delivered,0,6082.79,6082.79
ORD003843,CUST00591,2025-07-10,Credit Card,Delivered,49,750.27,799.27
ORD003844,CUST00536,2025-05-16,Debit Card,Delivered,0,6822.61,6822.61
ORD003845,CUST00311,2024-01-21,Debit Card,Delivered,49,600.22,649.22
ORD003846,CUST00573,2024-12-12,Wallet,Delivered,0,11770.13,11770.13
ORD003847,CUST00294,2024-10-24,Credit Card,Delivered,49,2381.79,2430.79
ORD003848,CUST00370,2024-03-17,Debit Card,Delivered,0,4796.7,4796.7
ORD003849,CUST00078,2025-06-19,Credit Card,Delivered,99,2398.35,2497.35
ORD003850,CUST00391,2025-06-06,Cash on Delivery,Delivered,0,4780.19,4780.19
ORD003851,CUST00475,2025-02-12,Debit Card,Delivered,79,2222.56,2301.56
ORD003852,CUST00206,2024-07-31,Credit Card,Delivered,79,2158.07,2237.07
ORD003853,CUST00420,2024-09-08,UPI,Delivered,79,2398.35,2477.35
ORD003854,CUST00547,2025-12-12,UPI,Refunded,0,7711.51,7711.51
ORD003855,CUST00239,2025-05-27,Cash on Delivery,Delivered,0,3163.49,3163.49
ORD003856,CUST00356,2024-12-05,Cash on Delivery,Returned,0,16627.44,16627.44
ORD003857,CUST00547,2025-10-15,UPI,Delivered,0,5337.66,5337.66
ORD003858,CUST00024,2025-11-18,UPI,Delivered,99,2250.81,2349.81
ORD003859,CUST00434,2024-01-30,Debit Card,Cancelled,79,591.18,670.18
ORD003860,CUST00161,2024-05-29,Net Banking,Cancelled,99,624.93,723.93
ORD003861,CUST00211,2025-09-15,Net Banking,Delivered,79,1167.49,1246.49
ORD003862,CUST00072,2025-03-11,UPI,Delivered,0,10334.54,10334.54
ORD003863,CUST00010,2025-10-27,Debit Card,Delivered,0,10091.51,10091.51
ORD003864,CUST00397,2024-12-15,UPI,Delivered,0,20011.16,20011.16
ORD003865,CUST00403,2024-07-12,Credit Card,Delivered,0,3846.22,3846.22
ORD003866,CUST00250,2025-08-08,Credit Card,Delivered,0,4914.12,4914.12
ORD003867,CUST00332,2024-10-25,Credit Card,Delivered,0,10091.51,10091.51
ORD003868,CUST00313,2024-07-14,Net Banking,Cancelled,0,3963.76,3963.76
ORD003869,CUST00328,2024-10-31,Wallet,Delivered,79,1603.35,1682.35
ORD003870,CUST00072,2025-08-09,UPI,Returned,0,13334.82,13334.82
ORD003871,CUST00243,2025-07-02,Credit Card,Delivered,0,6681.52,6681.52
ORD003872,CUST00234,2025-07-24,Credit Card,Delivered,0,4880.54,4880.54
ORD003873,CUST00379,2024-12-08,Cash on Delivery,Delivered,0,3124.79,3124.79
ORD003874,CUST00196,2025-07-25,Credit Card,Delivered,0,3111.11,3111.11
ORD003875,CUST00279,2025-10-27,Debit Card,Delivered,49,765.14,814.14
ORD003876,CUST00383,2024-08-10,Credit Card,Delivered,79,2142.79,2221.79
ORD003877,CUST00395,2025-03-27,UPI,Delivered,99,409.84,508.84
ORD003878,CUST00565,2025-07-05,Credit Card,Delivered,0,8160.38,8160.38
ORD003879,CUST00479,2024-11-12,Cash on Delivery,Delivered,49,1866.27,1915.27
ORD003880,CUST00275,2024-03-15,Cash on Delivery,Delivered,0,11524.09,11524.09
ORD003881,CUST00316,2025-02-21,UPI,Delivered,49,637.73,686.73
ORD003882,CUST00003,2024-12-09,Credit Card,Returned,0,4796.7,4796.7
ORD003883,CUST00346,2025-08-01,UPI,Returned,79,482.17,561.17
ORD003884,CUST00403,2024-10-10,Debit Card,Delivered,0,5627.14,5627.14
ORD003885,CUST00588,2025-01-29,UPI,Delivered,49,750.27,799.27
ORD003886,CUST00399,2025-11-29,Net Banking,Delivered,49,1717.8,1766.8
ORD003887,CUST00279,2025-10-06,UPI,Returned,79,1938.76,2017.76
ORD003888,CUST00027,2025-12-03,Debit Card,Delivered,0,9171.98,9171.98
ORD003889,CUST00175,2024-08-26,Debit Card,Delivered,0,13464.62,13464.62
ORD003890,CUST00416,2025-11-14,UPI,Delivered,99,862.99,961.99
ORD003891,CUST00236,2024-12-04,UPI,Delivered,0,4249.06,4249.06
ORD003892,CUST00018,2025-09-15,Debit Card,Delivered,0,15546.55,15546.55
ORD003893,CUST00434,2024-07-30,Credit Card,Delivered,99,2255.79,2354.79
ORD003894,CUST00032,2025-06-13,Credit Card,Returned,99,916.12,1015.12
ORD003895,CUST00279,2025-10-28,Net Banking,Delivered,0,5943.79,5943.79
ORD003896,CUST00316,2025-03-18,Debit Card,Delivered,99,433.95,532.95
ORD003897,CUST00445,2024-12-22,Credit Card,Delivered,0,10554.62,10554.62
ORD003898,CUST00469,2025-05-06,UPI,Delivered,79,1301.86,1380.86
ORD003899,CUST00449,2025-03-17,Credit Card,Delivered,0,2619.24,2619.24
ORD003900,CUST00524,2025-05-31,Credit Card,Delivered,0,6109.5,6109.5
ORD003901,CUST00237,2025-06-05,UPI,Cancelled,0,4780.19,4780.19
ORD003902,CUST00453,2025-09-14,UPI,Delivered,49,295.59,344.59
ORD003903,CUST00277,2024-10-04,Credit Card,Delivered,0,15145.97,15145.97
ORD003904,CUST00286,2025-12-21,Cash on Delivery,Returned,0,5094.79,5094.79
ORD003905,CUST00552,2025-12-11,UPI,Returned,0,3173.72,3173.72
ORD003906,CUST00062,2024-04-27,Cash on Delivery,Delivered,79,637.73,716.73
ORD003907,CUST00299,2025-04-27,UPI,Delivered,0,3259.9,3259.9
ORD003908,CUST00255,2025-12-28,Credit Card,Cancelled,0,2736.49,2736.49
ORD003909,CUST00581,2025-03-30,UPI,Delivered,49,458.06,507.06
ORD003910,CUST00595,2025-10-19,UPI,Returned,49,2398.35,2447.35
ORD003911,CUST00088,2025-08-09,Credit Card,Delivered,99,2374.52,2473.52
ORD003912,CUST00524,2024-03-16,Net Banking,Delivered,0,8104.38,8104.38
ORD003913,CUST00184,2024-10-08,Credit Card,Delivered,0,5727.51,5727.51
ORD003914,CUST00346,2025-07-24,UPI,Delivered,0,13457.56,13457.56
ORD003915,CUST00549,2025-11-01,Wallet,Delivered,0,16367.91,16367.91
ORD003916,CUST00094,2024-08-30,Wallet,Returned,0,4249.06,4249.06
ORD003917,CUST00275,2025-11-19,Credit Card,Returned,0,13268.82,13268.82
ORD003918,CUST00391,2024-11-09,Debit Card,Delivered,0,3864.52,3864.52
ORD003919,CUST00250,2025-08-04,UPI,Cancelled,0,5419.0,5419.0
ORD003920,CUST00178,2024-09-20,Cash on Delivery,Delivered,0,3723.51,3723.51
ORD003921,CUST00502,2024-09-13,Wallet,Delivered,0,4422.71,4422.71
ORD003922,CUST00509,2025-05-08,Credit Card,Delivered,0,4654.14,4654.14
ORD003923,CUST00045,2025-03-18,Net Banking,Delivered,0,2863.28,2863.28
ORD003924,CUST00176,2025-07-12,Credit Card,Delivered,0,3194.21,3194.21
ORD003925,CUST00380,2024-11-25,Credit Card,Delivered,49,482.17,531.17
ORD003926,CUST00314,2025-11-15,Credit Card,Delivered,99,2220.05,2319.05
ORD003927,CUST00364,2025-10-13,Wallet,Delivered,0,3791.35,3791.35
ORD003928,CUST00480,2025-11-02,UPI,Delivered,0,14068.67,14068.67
ORD003929,CUST00409,2024-05-08,Credit Card,Delivered,0,3218.19,3218.19
ORD003930,CUST00491,2025-06-10,Credit Card,Returned,0,11104.81,11104.81
ORD003931,CUST00493,2024-10-02,UPI,Delivered,49,637.73,686.73
ORD003932,CUST00359,2025-11-25,UPI,Delivered,0,10580.12,10580.12
ORD003933,CUST00410,2025-02-24,Wallet,Delivered,49,1582.5,1631.5
ORD003934,CUST00123,2025-08-02,UPI,Delivered,79,2398.35,2477.35
ORD003935,CUST00375,2025-09-01,Wallet,Returned,0,12130.27,12130.27
ORD003936,CUST00506,2025-04-26,Debit Card,Delivered,0,7826.54,7826.54
ORD003937,CUST00552,2025-09-13,Debit Card,Returned,0,6036.93,6036.93
ORD003938,CUST00313,2025-07-27,Debit Card,Delivered,79,2137.07,2216.07
ORD003939,CUST00506,2025-10-21,Cash on Delivery,Delivered,79,600.22,679.22
ORD003940,CUST00147,2024-11-21,Credit Card,Delivered,0,8112.89,8112.89
ORD003941,CUST00195,2025-06-13,Net Banking,Delivered,0,3632.54,3632.54
ORD003942,CUST00193,2025-01-28,UPI,Delivered,0,6874.26,6874.26
ORD003943,CUST00147,2024-07-26,Net Banking,Delivered,49,867.91,916.91
ORD003944,CUST00286,2025-08-14,Cash on Delivery,Delivered,0,4652.95,4652.95
ORD003945,CUST00053,2024-03-01,UPI,Returned,0,3173.72,3173.72
ORD003946,CUST00156,2025-10-05,Credit Card,Delivered,79,2398.35,2477.35
ORD003947,CUST00423,2025-11-11,Debit Card,Delivered,0,3976.36,3976.36
ORD003948,CUST00157,2024-07-16,Wallet,Delivered,0,14022.4,14022.4
ORD003949,CUST00465,2025-12-21,Credit Card,Delivered,0,15315.08,15315.08
ORD003950,CUST00209,2024-11-19,Wallet,Delivered,99,1553.38,1652.38
ORD003951,CUST00556,2024-10-14,UPI,Cancelled,49,2064.67,2113.67
ORD003952,CUST00196,2025-06-18,Net Banking,Delivered,0,5081.55,5081.55
ORD003953,CUST00500,2025-03-01,UPI,Delivered,99,1364.75,1463.75
ORD003954,CUST00157,2024-07-29,UPI,Delivered,79,1364.75,1443.75
ORD003955,CUST00396,2025-03-21,UPI,Returned,49,482.17,531.17
ORD003956,CUST00191,2025-03-13,Credit Card,Delivered,0,8498.49,8498.49
ORD003957,CUST00191,2024-06-11,Cash on Delivery,Delivered,0,13076.19,13076.19
ORD003958,CUST00126,2025-11-08,Net Banking,Delivered,99,409.84,508.84
ORD003959,CUST00499,2025-10-18,Wallet,Delivered,0,6429.85,6429.85
ORD003960,CUST00016,2025-06-21,Cash on Delivery,Delivered,0,11842.06,11842.06
ORD003961,CUST00065,2025-10-21,Credit Card,Delivered,0,17426.76,17426.76
ORD003962,CUST00599,2024-08-05,UPI,Cancelled,49,2142.79,2191.79
ORD003963,CUST00164,2025-06-14,Credit Card,Delivered,0,7441.97,7441.97
ORD003964,CUST00371,2024-05-26,Net Banking,Delivered,0,3436.67,3436.67
ORD003965,CUST00098,2025-08-25,Wallet,Returned,0,7123.56,7123.56
ORD003966,CUST00014,2025-11-16,Net Banking,Refunded,99,2255.79,2354.79
ORD003967,CUST00580,2025-02-12,UPI,Delivered,79,2156.16,2235.16
ORD003968,CUST00273,2025-10-05,Cash on Delivery,Returned,0,31655.44,31655.44
ORD003969,CUST00249,2025-07-11,Credit Card,Delivered,0,15289.23,15289.23
ORD003970,CUST00410,2025-02-18,UPI,Delivered,0,3652.42,3652.42
ORD003971,CUST00585,2024-10-28,Credit Card,Delivered,0,6427.81,6427.81
ORD003972,CUST00022,2024-02-12,UPI,Returned,0,3881.78,3881.78
ORD003973,CUST00103,2025-09-29,Credit Card,Delivered,0,16197.18,16197.18
ORD003974,CUST00434,2024-01-29,Wallet,Delivered,0,4830.32,4830.32
ORD003975,CUST00492,2024-03-03,Net Banking,Delivered,99,2278.43,2377.43
ORD003976,CUST00587,2025-05-08,UPI,Delivered,99,2278.43,2377.43
ORD003977,CUST00299,2025-10-12,Credit Card,Delivered,49,560.7,609.7
ORD003978,CUST00232,2024-11-15,Debit Card,Delivered,0,16763.19,16763.19
ORD003979,CUST00553,2025-05-27,Wallet,Delivered,99,458.06,557.06
ORD003980,CUST00405,2024-10-30,UPI,Returned,49,2137.4,2186.4
ORD003981,CUST00450,2024-02-22,Wallet,Delivered,0,2828.35,2828.35
ORD003982,CUST00110,2025-09-15,Cash on Delivery,Delivered,79,1160.04,1239.04
ORD003983,CUST00333,2025-03-25,Debit Card,Delivered,79,1364.75,1443.75
ORD003984,CUST00115,2024-04-08,Net Banking,Returned,49,1627.75,1676.75
ORD003985,CUST00526,2024-03-16,UPI,Delivered,0,23128.27,23128.27
ORD003986,CUST00558,2024-09-21,UPI,Returned,49,819.69,868.69
ORD003987,CUST00310,2025-11-26,Cash on Delivery,Delivered,0,14698.41,14698.41
ORD003988,CUST00206,2024-08-02,UPI,Delivered,99,482.17,581.17
ORD003989,CUST00469,2025-09-22,Wallet,Delivered,0,3977.87,3977.87
ORD003990,CUST00094,2025-12-09,UPI,Delivered,49,2272.01,2321.01
ORD003991,CUST00547,2025-10-11,UPI,Delivered,0,7371.39,7371.39
ORD003992,CUST00116,2025-09-12,Cash on Delivery,Delivered,0,4249.06,4249.06
ORD003993,CUST00241,2024-03-03,UPI,Delivered,0,15639.37,15639.37
ORD003994,CUST00323,2025-09-26,UPI,Delivered,0,6788.48,6788.48
ORD003995,CUST00516,2025-05-30,Debit Card,Returned,0,10091.51,10091.51
ORD003996,CUST00271,2025-06-18,Cash on Delivery,Delivered,0,3333.85,3333.85
ORD003997,CUST00167,2025-11-03,Debit Card,Delivered,0,5901.87,5901.87
ORD003998,CUST00531,2025-07-03,Credit Card,Delivered,49,264.48,313.48
ORD003999,CUST00313,2025-10-05,Wallet,Cancelled,0,4952.87,4952.87
ORD004000,CUST00575,2025-01-12,Debit Card,Cancelled,99,1446.51,1545.51
ORD004001,CUST00539,2025-12-05,Wallet,Delivered,0,16168.03,16168.03
ORD004002,CUST00346,2025-08-02,Cash on Delivery,Delivered,99,1813.09,1912.09
ORD004003,CUST00279,2025-10-23,Debit Card,Delivered,79,2374.52,2453.52
ORD004004,CUST00533,2024-10-16,Credit Card,Delivered,0,5756.64,5756.64
ORD004005,CUST00591,2024-11-18,Credit Card,Delivered,99,458.06,557.06
ORD004006,CUST00021,2024-03-17,Cash on Delivery,Delivered,0,6272.18,6272.18
ORD004007,CUST00512,2024-09-22,Wallet,Delivered,49,1951.45,2000.45
ORD004008,CUST00549,2025-11-22,Debit Card,Cancelled,0,10539.18,10539.18
ORD004009,CUST00252,2025-12-31,Debit Card,Delivered,0,9029.24,9029.24
ORD004010,CUST00377,2024-07-15,Credit Card,Delivered,49,2266.75,2315.75
ORD004011,CUST00299,2024-09-20,Credit Card,Delivered,0,15984.95,15984.95
ORD004012,CUST00209,2024-11-03,Cash on Delivery,Delivered,0,3767.08,3767.08
ORD004013,CUST00392,2024-12-05,UPI,Delivered,0,4796.7,4796.7
ORD004014,CUST00335,2025-11-07,UPI,Delivered,99,2069.51,2168.51
ORD004015,CUST00240,2025-10-09,Debit Card,Refunded,0,2650.53,2650.53
ORD004016,CUST00410,2025-08-27,UPI,Delivered,0,7737.63,7737.63
ORD004017,CUST00433,2025-03-07,Credit Card,Delivered,0,3846.22,3846.22
ORD004018,CUST00068,2024-11-04,Net Banking,Delivered,99,867.91,966.91
ORD004019,CUST00506,2025-09-30,UPI,Delivered,0,3432.1,3432.1
ORD004020,CUST00467,2024-07-07,Cash on Delivery,Cancelled,0,11207.9,11207.9
ORD004021,CUST00205,2024-10-24,Credit Card,Delivered,99,433.95,532.95
ORD004022,CUST00405,2025-11-26,UPI,Delivered,0,8108.1,8108.1
ORD004023,CUST00405,2025-11-29,UPI,Delivered,0,4796.7,4796.7
ORD004024,CUST00145,2024-03-25,UPI,Delivered,79,681.07,760.07
ORD004025,CUST00142,2024-09-05,Credit Card,Refunded,0,14495.24,14495.24
ORD004026,CUST00147,2025-11-09,Net Banking,Returned,0,10622.64,10622.64
ORD004027,CUST00580,2025-03-23,Credit Card,Delivered,0,3530.74,3530.74
ORD004028,CUST00148,2025-11-10,UPI,Cancelled,0,7873.44,7873.44
ORD004029,CUST00600,2024-07-07,UPI,Delivered,0,5357.6,5357.6
ORD004030,CUST00201,2025-09-29,Debit Card,Delivered,0,27621.78,27621.78
ORD004031,CUST00448,2025-07-18,Debit Card,Delivered,49,2398.35,2447.35
ORD004032,CUST00329,2025-11-23,Wallet,Delivered,0,4185.64,4185.64
ORD004033,CUST00468,2024-12-19,Net Banking,Delivered,0,37981.0,37981.0
ORD004034,CUST00014,2025-10-22,Credit Card,Delivered,0,13669.32,13669.32
ORD004035,CUST00329,2024-12-03,Net Banking,Delivered,0,11249.05,11249.05
ORD004036,CUST00014,2025-11-08,Credit Card,Delivered,0,10435.57,10435.57
ORD004037,CUST00237,2025-03-25,Credit Card,Delivered,0,3036.08,3036.08
ORD004038,CUST00427,2024-12-14,Cash on Delivery,Returned,0,4794.29,4794.29
ORD004039,CUST00109,2025-04-18,UPI,Delivered,0,5659.97,5659.97
ORD004040,CUST00390,2024-12-07,Cash on Delivery,Delivered,99,600.22,699.22
ORD004041,CUST00230,2025-11-04,Credit Card,Returned,0,9368.23,9368.23
ORD004042,CUST00329,2025-12-28,Credit Card,Returned,0,7803.35,7803.35
ORD004043,CUST00068,2024-11-23,UPI,Delivered,0,8706.9,8706.9
ORD004044,CUST00361,2025-11-23,UPI,Delivered,99,1762.29,1861.29
ORD004045,CUST00488,2024-01-13,Credit Card,Returned,0,6881.13,6881.13
ORD004046,CUST00407,2025-08-05,UPI,Delivered,0,19595.86,19595.86
ORD004047,CUST00349,2024-12-29,Debit Card,Delivered,0,6676.73,6676.73
ORD004048,CUST00389,2025-08-01,Credit Card,Delivered,0,11674.48,11674.48
ORD004049,CUST00591,2025-09-29,Credit Card,Delivered,0,9496.96,9496.96
ORD004050,CUST00094,2025-03-25,Credit Card,Delivered,0,18110.69,18110.69
ORD004051,CUST00379,2024-11-24,UPI,Delivered,0,2856.41,2856.41
ORD004052,CUST00016,2025-12-25,Credit Card,Delivered,0,7420.27,7420.27
ORD004053,CUST00041,2024-10-30,UPI,Delivered,49,623.0,672.0
ORD004054,CUST00223,2024-12-20,Wallet,Delivered,49,1270.73,1319.73
ORD004055,CUST00072,2025-06-26,UPI,Delivered,0,5305.92,5305.92
ORD004056,CUST00221,2024-07-28,Credit Card,Delivered,0,4113.79,4113.79
ORD004057,CUST00318,2025-12-25,Cash on Delivery,Delivered,0,4403.25,4403.25
ORD004058,CUST00222,2024-11-23,Debit Card,Delivered,0,15013.44,15013.44
ORD004059,CUST00131,2025-12-03,Credit Card,Delivered,0,10622.64,10622.64
ORD004060,CUST00455,2025-12-10,Credit Card,Delivered,79,1425.51,1504.51
ORD004061,CUST00337,2024-12-14,Credit Card,Returned,0,2720.22,2720.22
ORD004062,CUST00326,2024-07-01,Wallet,Delivered,0,8105.95,8105.95
ORD004063,CUST00461,2025-02-01,Credit Card,Delivered,0,9129.62,9129.62
ORD004064,CUST00434,2024-03-20,UPI,Delivered,99,1543.46,1642.46
ORD004065,CUST00367,2024-08-13,Net Banking,Returned,49,433.95,482.95
ORD004066,CUST00382,2024-07-16,Credit Card,Delivered,0,14679.76,14679.76
ORD004067,CUST00592,2025-08-18,Net Banking,Delivered,0,3598.78,3598.78
ORD004068,CUST00453,2024-02-02,Debit Card,Delivered,0,6147.85,6147.85
ORD004069,CUST00085,2025-05-08,Debit Card,Delivered,0,4567.14,4567.14
ORD004070,CUST00162,2025-04-25,Credit Card,Delivered,79,675.24,754.24
ORD004071,CUST00117,2025-11-16,UPI,Delivered,0,6165.12,6165.12
ORD004072,CUST00449,2024-12-06,UPI,Delivered,0,8097.59,8097.59
ORD004073,CUST00431,2024-01-13,UPI,Delivered,99,746.65,845.65
ORD004074,CUST00096,2025-12-30,Debit Card,Delivered,0,3726.98,3726.98
ORD004075,CUST00254,2024-12-28,UPI,Refunded,79,750.27,829.27
ORD004076,CUST00573,2025-03-04,Net Banking,Delivered,0,3673.81,3673.81
ORD004077,CUST00523,2025-09-24,Net Banking,Returned,0,6987.36,6987.36
ORD004078,CUST00451,2024-04-07,Credit Card,Delivered,79,750.27,829.27
ORD004079,CUST00072,2025-03-17,Debit Card,Delivered,0,3493.68,3493.68
ORD004080,CUST00547,2025-10-13,Wallet,Delivered,79,482.17,561.17
ORD004081,CUST00142,2025-01-25,UPI,Delivered,0,9103.22,9103.22
ORD004082,CUST00011,2024-03-09,UPI,Delivered,99,311.15,410.15
ORD004083,CUST00076,2025-05-27,Wallet,Delivered,0,12451.08,12451.08
ORD004084,CUST00313,2024-08-24,Net Banking,Delivered,49,819.69,868.69
ORD004085,CUST00581,2025-04-21,Debit Card,Returned,0,5130.91,5130.91
ORD004086,CUST00370,2025-10-30,Credit Card,Delivered,0,10622.64,10622.64
ORD004087,CUST00299,2024-11-20,Debit Card,Delivered,0,8102.28,8102.28
ORD004088,CUST00256,2025-10-10,Debit Card,Delivered,99,1384.65,1483.65
ORD004089,CUST00549,2025-09-05,Debit Card,Delivered,0,5311.32,5311.32
ORD004090,CUST00331,2025-08-25,UPI,Delivered,49,311.15,360.15
ORD004091,CUST00595,2024-10-21,UPI,Delivered,0,5332.17,5332.17
ORD004092,CUST00600,2025-05-29,Wallet,Delivered,99,769.21,868.21
ORD004093,CUST00022,2025-12-17,Credit Card,Returned,99,862.99,961.99
ORD004094,CUST00197,2025-11-14,UPI,Delivered,79,409.84,488.84
ORD004095,CUST00496,2025-05-29,Credit Card,Delivered,0,6856.88,6856.88
ORD004096,CUST00211,2025-05-19,Wallet,Delivered,0,6033.16,6033.16
ORD004097,CUST00535,2025-10-07,UPI,Delivered,0,3071.75,3071.75
ORD004098,CUST00461,2025-02-22,Wallet,Delivered,79,2073.63,2152.63
ORD004099,CUST00434,2025-06-13,Credit Card,Cancelled,79,458.06,537.06
ORD004100,CUST00434,2025-06-22,Credit Card,Delivered,0,53312.86,53312.86
ORD004101,CUST00449,2025-11-28,UPI,Delivered,0,10439.63,10439.63
ORD004102,CUST00488,2025-03-15,Debit Card,Delivered,0,4780.19,4780.19
ORD004103,CUST00070,2025-11-16,Credit Card,Cancelled,0,7555.73,7555.73
ORD004104,CUST00142,2024-12-02,Credit Card,Delivered,0,19484.36,19484.36
ORD004105,CUST00506,2024-03-05,Cash on Delivery,Delivered,0,7151.39,7151.39
ORD004106,CUST00241,2025-02-18,Debit Card,Delivered,0,17791.81,17791.81
ORD004107,CUST00115,2025-08-02,UPI,Delivered,79,2266.75,2345.75
ORD004108,CUST00237,2025-04-03,Credit Card,Cancelled,0,12582.76,12582.76
ORD004109,CUST00279,2025-12-13,Net Banking,Delivered,0,3898.89,3898.89
ORD004110,CUST00249,2025-04-03,UPI,Delivered,0,7194.38,7194.38
ORD004111,CUST00129,2025-06-26,Net Banking,Delivered,49,1297.54,1346.54
ORD004112,CUST00078,2025-05-28,Cash on Delivery,Delivered,0,3757.57,3757.57
ORD004113,CUST00279,2025-10-17,Credit Card,Delivered,99,433.95,532.95
ORD004114,CUST00505,2025-01-28,Credit Card,Delivered,99,750.27,849.27
ORD004115,CUST00045,2025-04-23,UPI,Cancelled,79,482.17,561.17
ORD004116,CUST00346,2025-11-17,UPI,Delivered,0,6447.36,6447.36
ORD004117,CUST00455,2025-07-27,UPI,Delivered,99,385.74,484.74
ORD004118,CUST00573,2024-08-23,Debit Card,Returned,0,8993.24,8993.24
ORD004119,CUST00558,2024-09-07,Debit Card,Delivered,0,4156.61,4156.61
ORD004120,CUST00266,2025-08-25,Credit Card,Delivered,0,10128.03,10128.03
ORD004121,CUST00592,2025-11-27,Debit Card,Delivered,49,2398.35,2447.35
ORD004122,CUST00304,2024-02-01,Wallet,Cancelled,79,862.99,941.99
ORD004123,CUST00013,2024-07-19,Credit Card,Delivered,0,5372.04,5372.04
ORD004124,CUST00502,2024-08-25,UPI,Refunded,0,4909.56,4909.56
ORD004125,CUST00592,2024-09-03,Credit Card,Delivered,0,3453.85,3453.85
ORD004126,CUST00455,2025-07-28,UPI,Delivered,0,6743.06,6743.06
ORD004127,CUST00587,2025-10-11,Credit Card,Delivered,0,4421.22,4421.22
ORD004128,CUST00383,2025-10-03,Credit Card,Delivered,0,3916.53,3916.53
ORD004129,CUST00346,2025-12-08,Cash on Delivery,Delivered,0,4413.65,4413.65
ORD004130,CUST00072,2025-06-09,Credit Card,Delivered,49,1821.37,1870.37
ORD004131,CUST00174,2025-04-19,Wallet,Delivered,0,6834.66,6834.66
ORD004132,CUST00154,2025-11-17,UPI,Delivered,0,16403.59,16403.59
ORD004133,CUST00421,2024-11-28,UPI,Delivered,0,2878.65,2878.65
ORD004134,CUST00235,2025-03-17,Wallet,Delivered,0,5311.32,5311.32
ORD004135,CUST00005,2025-05-04,Debit Card,Cancelled,0,24507.53,24507.53
ORD004136,CUST00526,2024-02-19,Debit Card,Delivered,0,4422.71,4422.71
ORD004137,CUST00405,2024-11-04,Credit Card,Delivered,0,9334.66,9334.66
ORD004138,CUST00168,2024-12-08,UPI,Delivered,79,623.0,702.0
ORD004139,CUST00142,2025-01-25,Debit Card,Delivered,0,14515.52,14515.52
ORD004140,CUST00157,2025-08-07,Credit Card,Delivered,0,2982.85,2982.85
ORD004141,CUST00147,2024-11-24,Net Banking,Delivered,79,1714.61,1793.61
ORD004142,CUST00044,2024-05-08,Credit Card,Delivered,79,1821.37,1900.37
ORD004143,CUST00540,2025-03-01,UPI,Delivered,0,3774.71,3774.71
ORD004144,CUST00373,2024-12-02,UPI,Returned,0,10415.05,10415.05
ORD004145,CUST00391,2025-07-22,UPI,Refunded,0,12912.32,12912.32
ORD004146,CUST00248,2025-03-19,UPI,Delivered,0,2728.26,2728.26
ORD004147,CUST00475,2025-07-27,UPI,Delivered,79,1593.45,1672.45
ORD004148,CUST00558,2024-12-17,UPI,Returned,49,482.17,531.17
ORD004149,CUST00422,2024-03-30,Debit Card,Delivered,0,4539.58,4539.58
ORD004150,CUST00195,2024-11-16,Wallet,Delivered,99,2492.76,2591.76
ORD004151,CUST00443,2025-10-12,Wallet,Delivered,79,750.27,829.27
ORD004152,CUST00462,2024-09-14,Credit Card,Refunded,79,2250.81,2329.81
ORD004153,CUST00072,2025-06-05,UPI,Delivered,0,3206.7,3206.7
ORD004154,CUST00068,2024-10-29,Credit Card,Cancelled,0,3206.7,3206.7
ORD004155,CUST00145,2024-02-14,UPI,Delivered,79,964.86,1043.86
ORD004156,CUST00595,2025-12-24,Credit Card,Delivered,49,886.65,935.65
ORD004157,CUST00578,2025-06-07,Credit Card,Delivered,0,9654.15,9654.15
ORD004158,CUST00309,2025-12-23,Wallet,Delivered,49,750.27,799.27
ORD004159,CUST00329,2025-10-12,UPI,Delivered,0,15933.96,15933.96
ORD004160,CUST00507,2024-04-02,Credit Card,Delivered,0,3493.68,3493.68
ORD004161,CUST00313,2025-11-14,Credit Card,Refunded,99,1139.99,1238.99
ORD004162,CUST00326,2025-06-20,UPI,Delivered,0,4421.73,4421.73
ORD004163,CUST00310,2024-02-08,Net Banking,Delivered,0,4273.58,4273.58
ORD004164,CUST00263,2025-09-07,UPI,Delivered,0,4599.38,4599.38
ORD004165,CUST00262,2025-06-11,Debit Card,Delivered,0,2565.36,2565.36
ORD004166,CUST00132,2024-12-17,UPI,Delivered,99,1350.49,1449.49
ORD004167,CUST00208,2024-09-26,Debit Card,Delivered,0,7355.82,7355.82
ORD004168,CUST00334,2025-09-29,Credit Card,Delivered,0,8554.68,8554.68
ORD004169,CUST00418,2025-04-16,Credit Card,Delivered,0,27515.94,27515.94
ORD004170,CUST00573,2025-05-01,UPI,Returned,0,8140.6,8140.6
ORD004171,CUST00157,2024-08-16,Wallet,Delivered,0,7574.31,7574.31
ORD004172,CUST00090,2025-04-10,Cash on Delivery,Delivered,0,2893.52,2893.52
ORD004173,CUST00470,2025-12-18,Debit Card,Delivered,0,6637.99,6637.99
ORD004174,CUST00345,2024-10-24,UPI,Delivered,0,8190.06,8190.06
ORD004175,CUST00072,2025-09-28,Cash on Delivery,Delivered,0,2744.78,2744.78
ORD004176,CUST00397,2024-12-21,UPI,Delivered,0,6604.67,6604.67
ORD004177,CUST00573,2024-06-25,Credit Card,Delivered,0,5183.25,5183.25
ORD004178,CUST00247,2025-12-29,UPI,Delivered,79,2348.95,2427.95
ORD004179,CUST00094,2025-11-15,Cash on Delivery,Delivered,0,4249.06,4249.06
ORD004180,CUST00396,2025-02-01,UPI,Delivered,79,2374.52,2453.52
ORD004181,CUST00031,2024-08-16,Cash on Delivery,Returned,79,916.12,995.12
ORD004182,CUST00168,2024-05-24,Credit Card,Returned,0,3982.43,3982.43
ORD004183,CUST00078,2025-12-11,UPI,Delivered,0,22547.8,22547.8
ORD004184,CUST00356,2024-01-11,Debit Card,Delivered,0,18286.44,18286.44
ORD004185,CUST00335,2025-10-22,Credit Card,Delivered,0,13823.69,13823.69
ORD004186,CUST00248,2024-11-04,Credit Card,Delivered,99,1469.28,1568.28
ORD004187,CUST00014,2025-11-05,UPI,Delivered,0,4246.97,4246.97
ORD004188,CUST00193,2024-12-09,Debit Card,Delivered,79,1996.27,2075.27
ORD004189,CUST00108,2024-11-02,Credit Card,Delivered,0,3319.0,3319.0
ORD004190,CUST00521,2024-01-05,Credit Card,Delivered,79,1446.51,1525.51
ORD004191,CUST00484,2025-12-27,Credit Card,Delivered,49,264.48,313.48
ORD004192,CUST00223,2025-11-13,UPI,Delivered,49,712.76,761.76
ORD004193,CUST00279,2025-10-30,Net Banking,Delivered,0,9141.71,9141.71
ORD004194,CUST00285,2025-05-10,Credit Card,Delivered,79,2278.43,2357.43
ORD004195,CUST00072,2024-10-31,UPI,Delivered,0,3139.34,3139.34
ORD004196,CUST00573,2025-01-12,Wallet,Delivered,0,3778.97,3778.97
ORD004197,CUST00585,2024-10-16,Credit Card,Delivered,0,7372.58,7372.58
ORD004198,CUST00415,2024-07-17,Net Banking,Delivered,49,482.17,531.17
ORD004199,CUST00210,2024-11-11,UPI,Delivered,0,4004.41,4004.41
ORD004200,CUST00502,2024-09-18,Credit Card,Delivered,49,2398.35,2447.35
ORD004201,CUST00323,2024-08-30,Debit Card,Returned,0,14472.44,14472.44
ORD004202,CUST00215,2024-11-24,Credit Card,Delivered,49,2398.35,2447.35
ORD004203,CUST00078,2025-10-03,Credit Card,Delivered,0,12657.3,12657.3
ORD004204,CUST00345,2025-03-10,Credit Card,Delivered,99,1200.43,1299.43
ORD004205,CUST00585,2025-10-08,Debit Card,Delivered,0,2880.52,2880.52
ORD004206,CUST00559,2025-03-20,Wallet,Delivered,49,409.84,458.84
ORD004207,CUST00517,2024-06-13,UPI,Delivered,0,18562.25,18562.25
ORD004208,CUST00573,2025-11-23,Wallet,Delivered,49,1350.49,1399.49
ORD004209,CUST00373,2024-05-26,Credit Card,Delivered,49,622.3,671.3
ORD004210,CUST00115,2025-09-05,Credit Card,Delivered,79,2009.27,2088.27
ORD004211,CUST00405,2024-11-14,Credit Card,Delivered,0,2551.38,2551.38
ORD004212,CUST00576,2025-02-15,Debit Card,Delivered,49,2083.33,2132.33
ORD004213,CUST00206,2025-02-03,Debit Card,Delivered,0,2729.5,2729.5
ORD004214,CUST00295,2025-11-02,UPI,Delivered,99,433.95,532.95
ORD004215,CUST00273,2024-12-03,Cash on Delivery,Delivered,99,1603.35,1702.35
ORD004216,CUST00549,2025-09-10,UPI,Returned,49,2184.71,2233.71
ORD004217,CUST00066,2025-08-04,UPI,Cancelled,49,433.95,482.95
ORD004218,CUST00584,2025-05-01,Debit Card,Delivered,0,6642.19,6642.19
ORD004219,CUST00463,2025-07-14,Net Banking,Delivered,0,4225.14,4225.14
ORD004220,CUST00189,2024-11-06,Wallet,Delivered,0,11399.33,11399.33
ORD004221,CUST00438,2025-11-06,Credit Card,Delivered,0,3144.31,3144.31
ORD004222,CUST00117,2025-11-12,UPI,Returned,0,4533.04,4533.04
ORD004223,CUST00552,2025-06-02,Credit Card,Delivered,0,10368.45,10368.45
ORD004224,CUST00229,2024-12-08,Debit Card,Delivered,99,529.55,628.55
ORD004225,CUST00053,2024-12-23,Debit Card,Delivered,0,6101.47,6101.47
ORD004226,CUST00422,2024-04-14,Credit Card,Delivered,49,1971.0,2020.0
ORD004227,CUST00580,2025-02-14,UPI,Returned,0,15069.03,15069.03
ORD004228,CUST00566,2025-12-07,Credit Card,Delivered,0,9071.48,9071.48
ORD004229,CUST00129,2025-06-27,Credit Card,Delivered,0,14018.39,14018.39
ORD004230,CUST00278,2024-12-13,Wallet,Delivered,99,964.34,1063.34
ORD004231,CUST00021,2024-11-16,UPI,Delivered,0,3694.86,3694.86
ORD004232,CUST00031,2025-12-12,Credit Card,Delivered,0,6115.22,6115.22
ORD004233,CUST00329,2024-03-20,Credit Card,Delivered,0,3770.92,3770.92
ORD004234,CUST00588,2025-01-18,Net Banking,Delivered,0,15885.22,15885.22
ORD004235,CUST00196,2025-06-22,Credit Card,Delivered,49,623.0,672.0
ORD004236,CUST00337,2025-03-24,UPI,Delivered,0,13968.68,13968.68
ORD004237,CUST00309,2024-12-05,Net Banking,Delivered,0,14456.32,14456.32
ORD004238,CUST00547,2025-11-05,UPI,Delivered,0,2760.6,2760.6
ORD004239,CUST00094,2025-05-24,Credit Card,Refunded,0,5919.0,5919.0
ORD004240,CUST00597,2024-11-04,Credit Card,Returned,0,7275.05,7275.05
ORD004241,CUST00247,2025-01-20,Debit Card,Delivered,0,8183.17,8183.17
ORD004242,CUST00505,2025-03-02,Debit Card,Delivered,0,7407.64,7407.64
ORD004243,CUST00260,2025-11-17,Debit Card,Delivered,49,1191.4,1240.4
ORD004244,CUST00031,2024-07-31,UPI,Delivered,79,1654.14,1733.14
ORD004245,CUST00001,2025-12-31,Cash on Delivery,Delivered,0,2619.77,2619.77
ORD004246,CUST00032,2025-08-30,Credit Card,Delivered,0,11016.08,11016.08
ORD004247,CUST00277,2025-05-02,Credit Card,Delivered,0,22628.35,22628.35
ORD004248,CUST00276,2025-06-11,UPI,Delivered,0,5781.98,5781.98
ORD004249,CUST00143,2024-12-01,Debit Card,Delivered,0,5456.52,5456.52
ORD004250,CUST00133,2024-01-27,Debit Card,Delivered,0,17259.45,17259.45
ORD004251,CUST00024,2025-10-01,Debit Card,Delivered,99,579.12,678.12
ORD004252,CUST00328,2024-07-22,Credit Card,Delivered,0,15622.43,15622.43
ORD004253,CUST00239,2025-05-25,UPI,Delivered,99,2099.81,2198.81
ORD004254,CUST00558,2025-11-22,Credit Card,Returned,0,9062.12,9062.12
ORD004255,CUST00396,2025-03-18,UPI,Delivered,0,3812.5,3812.5
ORD004256,CUST00236,2025-12-27,Debit Card,Delivered,99,2398.35,2497.35
ORD004257,CUST00116,2025-05-24,Debit Card,Delivered,0,6342.23,6342.23
ORD004258,CUST00299,2024-11-28,Credit Card,Delivered,0,10996.4,10996.4
ORD004259,CUST00059,2024-08-09,Cash on Delivery,Delivered,49,2374.12,2423.12
ORD004260,CUST00194,2025-09-24,UPI,Returned,0,4013.42,4013.42
ORD004261,CUST00422,2024-06-23,Debit Card,Delivered,0,6441.08,6441.08
ORD004262,CUST00344,2025-07-20,Debit Card,Delivered,0,4810.05,4810.05
ORD004263,CUST00172,2024-12-31,UPI,Delivered,0,7242.64,7242.64
ORD004264,CUST00254,2025-05-30,Credit Card,Cancelled,0,9885.42,9885.42
ORD004265,CUST00292,2024-11-10,Cash on Delivery,Delivered,0,13313.24,13313.24
ORD004266,CUST00209,2024-11-21,Credit Card,Delivered,0,2862.37,2862.37
ORD004267,CUST00152,2025-11-16,UPI,Delivered,49,2398.35,2447.35
ORD004268,CUST00314,2025-09-28,Cash on Delivery,Delivered,79,1503.51,1582.51
ORD004269,CUST00145,2025-11-27,Credit Card,Delivered,0,6516.33,6516.33
ORD004270,CUST00410,2025-02-27,Credit Card,Returned,79,2035.65,2114.65
ORD004271,CUST00055,2025-06-09,Cash on Delivery,Delivered,99,1899.62,1998.62
ORD004272,CUST00371,2024-07-03,Credit Card,Delivered,0,16805.21,16805.21
ORD004273,CUST00422,2025-11-21,Cash on Delivery,Cancelled,0,4061.73,4061.73
ORD004274,CUST00374,2025-08-23,Credit Card,Delivered,0,5843.0,5843.0
ORD004275,CUST00072,2024-12-29,Debit Card,Delivered,99,482.17,581.17
ORD004276,CUST00502,2024-09-11,Credit Card,Returned,0,5556.88,5556.88
ORD004277,CUST00152,2025-12-16,UPI,Delivered,49,2278.43,2327.43
ORD004278,CUST00072,2025-02-20,UPI,Delivered,49,1364.75,1413.75
ORD004279,CUST00415,2025-12-09,Credit Card,Delivered,99,2374.52,2473.52
ORD004280,CUST00299,2025-07-08,Credit Card,Delivered,0,6508.48,6508.48
ORD004281,CUST00558,2024-01-11,Debit Card,Delivered,49,2180.15,2229.15
ORD004282,CUST00432,2024-11-07,UPI,Delivered,79,964.34,1043.34
ORD004283,CUST00005,2025-11-16,Debit Card,Delivered,49,2278.43,2327.43
ORD004284,CUST00173,2024-12-29,Credit Card,Cancelled,0,3962.14,3962.14
ORD004285,CUST00513,2025-07-16,Net Banking,Delivered,0,2933.35,2933.35
ORD004286,CUST00518,2025-12-12,UPI,Delivered,0,4415.72,4415.72
ORD004287,CUST00301,2025-09-05,Credit Card,Delivered,0,4796.7,4796.7
ORD004288,CUST00313,2024-10-07,Cash on Delivery,Delivered,0,16887.34,16887.34
ORD004289,CUST00532,2025-10-12,UPI,Delivered,0,10668.65,10668.65
ORD004290,CUST00365,2025-04-26,Wallet,Delivered,0,10310.25,10310.25
ORD004291,CUST00300,2025-06-20,UPI,Delivered,0,18410.88,18410.88
ORD004292,CUST00020,2024-07-07,Credit Card,Delivered,79,1725.98,1804.98
ORD004293,CUST00072,2024-11-20,UPI,Delivered,99,1431.34,1530.34
ORD004294,CUST00587,2025-08-30,Debit Card,Delivered,0,3917.38,3917.38
ORD004295,CUST00469,2025-03-20,UPI,Delivered,0,8099.19,8099.19
ORD004296,CUST00389,2025-12-28,Debit Card,Delivered,0,9720.67,9720.67
ORD004297,CUST00368,2024-09-02,UPI,Delivered,0,13833.18,13833.18
ORD004298,CUST00478,2024-10-19,UPI,Delivered,99,2127.64,2226.64
ORD004299,CUST00463,2024-01-10,Credit Card,Delivered,0,4707.49,4707.49
ORD004300,CUST00411,2025-09-29,Credit Card,Delivered,99,2137.07,2236.07
ORD004301,CUST00200,2025-06-14,Credit Card,Delivered,0,3762.57,3762.57
ORD004302,CUST00006,2025-01-18,Cash on Delivery,Delivered,0,5019.66,5019.66
ORD004303,CUST00548,2025-10-03,Net Banking,Delivered,0,6455.43,6455.43
ORD004304,CUST00405,2024-11-22,UPI,Delivered,0,6244.57,6244.57
ORD004305,CUST00221,2025-10-29,Net Banking,Delivered,49,458.06,507.06
ORD004306,CUST00273,2024-09-20,UPI,Delivered,0,4514.62,4514.62
ORD004307,CUST00383,2025-07-07,UPI,Returned,0,5262.36,5262.36
ORD004308,CUST00463,2024-04-25,Credit Card,Delivered,0,5179.03,5179.03
ORD004309,CUST00054,2025-06-27,Credit Card,Delivered,79,986.39,1065.39
ORD004310,CUST00575,2024-12-23,Wallet,Delivered,0,5785.96,5785.96
ORD004311,CUST00445,2024-06-04,Credit Card,Delivered,99,385.74,484.74
ORD004312,CUST00010,2025-02-25,Debit Card,Delivered,0,51268.06,51268.06
ORD004313,CUST00172,2024-08-27,Debit Card,Delivered,79,750.27,829.27
ORD004314,CUST00455,2025-10-24,UPI,Delivered,0,4273.58,4273.58
ORD004315,CUST00309,2024-06-30,Credit Card,Delivered,49,1544.66,1593.66
ORD004316,CUST00232,2025-09-15,UPI,Delivered,79,1446.51,1525.51
ORD004317,CUST00081,2025-11-22,Debit Card,Delivered,0,2518.9,2518.9
ORD004318,CUST00581,2025-11-09,Credit Card,Delivered,0,5616.54,5616.54
ORD004319,CUST00114,2024-08-06,UPI,Delivered,0,4396.35,4396.35
ORD004320,CUST00510,2025-08-31,UPI,Delivered,0,16525.83,16525.83
ORD004321,CUST00197,2025-10-01,Credit Card,Returned,0,15696.93,15696.93
ORD004322,CUST00111,2025-03-17,Credit Card,Delivered,49,560.7,609.7
ORD004323,CUST00396,2025-06-21,UPI,Delivered,0,12362.82,12362.82
ORD004324,CUST00166,2025-06-04,Cash on Delivery,Delivered,0,14320.56,14320.56
ORD004325,CUST00279,2025-10-29,Wallet,Delivered,79,2278.43,2357.43
ORD004326,CUST00157,2024-09-29,UPI,Delivered,49,647.02,696.02
ORD004327,CUST00528,2025-05-18,Credit Card,Delivered,0,5045.75,5045.75
ORD004328,CUST00353,2025-05-02,Net Banking,Delivered,0,6637.99,6637.99
ORD004329,CUST00279,2025-10-30,Debit Card,Delivered,0,5086.85,5086.85
ORD004330,CUST00267,2025-02-17,Cash on Delivery,Delivered,0,10120.86,10120.86
ORD004331,CUST00245,2025-03-15,UPI,Delivered,49,311.15,360.15
ORD004332,CUST00266,2025-08-03,Credit Card,Delivered,0,3127.25,3127.25
ORD004333,CUST00142,2025-09-16,Wallet,Delivered,49,750.27,799.27
ORD004334,CUST00178,2024-10-03,Credit Card,Delivered,0,3818.58,3818.58
ORD004335,CUST00313,2025-04-14,UPI,Delivered,0,6938.71,6938.71
ORD004336,CUST00371,2025-04-05,Credit Card,Delivered,99,2398.35,2497.35
ORD004337,CUST00347,2025-06-13,Credit Card,Delivered,0,3769.47,3769.47
ORD004338,CUST00131,2024-12-13,Cash on Delivery,Delivered,0,7308.15,7308.15
ORD004339,CUST00467,2025-11-13,Cash on Delivery,Delivered,0,10289.65,10289.65
ORD004340,CUST00056,2025-04-16,Credit Card,Delivered,0,23430.92,23430.92
ORD004341,CUST00467,2025-11-12,Net Banking,Delivered,0,13637.58,13637.58
ORD004342,CUST00559,2025-07-31,UPI,Delivered,0,2748.87,2748.87
ORD004343,CUST00388,2024-11-02,UPI,Delivered,0,10872.22,10872.22
ORD004344,CUST00072,2024-11-15,UPI,Refunded,0,12011.88,12011.88
ORD004345,CUST00248,2024-09-13,Credit Card,Delivered,99,1258.08,1357.08
ORD004346,CUST00122,2025-09-11,UPI,Delivered,99,2158.52,2257.52
ORD004347,CUST00530,2025-04-18,UPI,Delivered,0,15517.18,15517.18
ORD004348,CUST00305,2024-05-10,Net Banking,Delivered,99,482.17,581.17
ORD004349,CUST00291,2025-04-19,Credit Card,Delivered,0,4882.14,4882.14
ORD004350,CUST00313,2024-11-01,Debit Card,Delivered,0,7143.67,7143.67
ORD004351,CUST00036,2024-04-10,Net Banking,Returned,0,6857.49,6857.49
ORD004352,CUST00157,2024-02-08,Wallet,Returned,0,12531.01,12531.01
ORD004353,CUST00566,2025-09-19,UPI,Delivered,0,12029.64,12029.64
ORD004354,CUST00035,2025-11-09,UPI,Cancelled,0,6672.25,6672.25
ORD004355,CUST00072,2024-10-24,Net Banking,Delivered,0,7053.45,7053.45
ORD004356,CUST00346,2025-07-16,UPI,Delivered,0,4668.41,4668.41
ORD004357,CUST00445,2025-11-28,UPI,Delivered,49,733.54,782.54
ORD004358,CUST00589,2025-12-21,UPI,Delivered,0,4914.12,4914.12
ORD004359,CUST00145,2024-12-22,UPI,Returned,0,14268.51,14268.51
ORD004360,CUST00313,2025-06-06,Credit Card,Delivered,0,5748.51,5748.51
ORD004361,CUST00060,2024-10-30,UPI,Delivered,0,6879.79,6879.79
ORD004362,CUST00345,2024-06-20,Credit Card,Delivered,0,23039.71,23039.71
ORD004363,CUST00373,2025-04-12,UPI,Delivered,0,4906.22,4906.22
ORD004364,CUST00281,2024-02-13,Cash on Delivery,Delivered,0,8089.33,8089.33
ORD004365,CUST00434,2024-01-20,Wallet,Delivered,0,10466.52,10466.52
ORD004366,CUST00558,2025-12-01,Credit Card,Delivered,0,3768.22,3768.22
ORD004367,CUST00558,2024-07-28,Debit Card,Delivered,0,20610.71,20610.71
ORD004368,CUST00392,2024-09-29,Cash on Delivery,Delivered,0,2681.43,2681.43
ORD004369,CUST00467,2025-01-25,Wallet,Returned,0,4772.87,4772.87
ORD004370,CUST00409,2024-04-30,Credit Card,Delivered,99,1603.35,1702.35
ORD004371,CUST00157,2025-11-29,Debit Card,Delivered,49,600.22,649.22
ORD004372,CUST00223,2025-05-18,Net Banking,Delivered,0,9029.24,9029.24
ORD004373,CUST00382,2024-12-09,Credit Card,Delivered,0,6399.14,6399.14
ORD004374,CUST00529,2024-12-04,Cash on Delivery,Delivered,0,5045.75,5045.75
ORD004375,CUST00396,2024-11-22,Credit Card,Delivered,0,11444.54,11444.54
ORD004376,CUST00565,2025-06-21,Wallet,Delivered,0,13685.74,13685.74
ORD004377,CUST00434,2025-06-28,Credit Card,Delivered,0,7041.33,7041.33
ORD004378,CUST00223,2024-12-21,Wallet,Delivered,99,883.14,982.14
ORD004379,CUST00304,2024-09-18,Credit Card,Delivered,0,10450.74,10450.74
ORD004380,CUST00382,2024-08-11,Credit Card,Delivered,0,3869.5,3869.5
ORD004381,CUST00254,2024-12-21,UPI,Delivered,99,2073.63,2172.63
ORD004382,CUST00076,2025-05-10,Credit Card,Delivered,49,1014.75,1063.75
ORD004383,CUST00327,2024-07-22,Credit Card,Delivered,0,4518.49,4518.49
ORD004384,CUST00035,2025-08-12,Debit Card,Delivered,0,10897.63,10897.63
ORD004385,CUST00332,2024-09-18,UPI,Delivered,49,2374.52,2423.52
ORD004386,CUST00375,2025-08-12,Net Banking,Returned,0,7422.33,7422.33
ORD004387,CUST00184,2024-09-19,UPI,Delivered,79,612.96,691.96
ORD004388,CUST00558,2025-08-16,Net Banking,Delivered,0,6122.0,6122.0
ORD004389,CUST00265,2024-10-22,Net Banking,Delivered,79,675.24,754.24
ORD004390,CUST00434,2025-05-26,Cash on Delivery,Delivered,0,3040.07,3040.07
ORD004391,CUST00203,2025-11-29,UPI,Delivered,0,3558.39,3558.39
ORD004392,CUST00229,2025-11-24,Credit Card,Delivered,79,591.85,670.85
ORD004393,CUST00249,2025-11-20,Debit Card,Delivered,79,2391.01,2470.01
ORD004394,CUST00567,2024-04-29,UPI,Delivered,0,7833.15,7833.15
ORD004395,CUST00434,2024-06-26,UPI,Delivered,79,385.74,464.74
ORD004396,CUST00183,2025-01-20,Debit Card,Delivered,49,862.99,911.99
ORD004397,CUST00348,2025-12-28,UPI,Cancelled,0,7726.96,7726.96
ORD004398,CUST00448,2024-10-08,Wallet,Delivered,49,712.76,761.76
ORD004399,CUST00363,2024-09-20,UPI,Delivered,0,19411.27,19411.27
ORD004400,CUST00329,2024-03-30,Cash on Delivery,Returned,79,1080.36,1159.36
ORD004401,CUST00245,2025-02-20,UPI,Delivered,0,2571.02,2571.02
ORD004402,CUST00434,2025-01-08,Credit Card,Delivered,99,361.32,460.32
ORD004403,CUST00056,2024-06-08,UPI,Delivered,0,3478.55,3478.55
ORD004404,CUST00350,2025-08-28,Debit Card,Delivered,0,17586.9,17586.9
ORD004405,CUST00228,2025-08-31,UPI,Delivered,49,2255.79,2304.79
ORD004406,CUST00236,2025-03-24,Debit Card,Returned,0,6180.54,6180.54
ORD004407,CUST00439,2024-06-27,UPI,Delivered,0,3173.72,3173.72
ORD004408,CUST00084,2025-10-28,UPI,Delivered,0,2969.63,2969.63
ORD004409,CUST00453,2025-06-19,Cash on Delivery,Delivered,99,2464.51,2563.51
ORD004410,CUST00537,2025-06-15,UPI,Delivered,79,482.17,561.17
ORD004411,CUST00020,2024-06-07,UPI,Delivered,79,750.27,829.27
ORD004412,CUST00285,2025-11-24,Cash on Delivery,Delivered,0,10757.97,10757.97
ORD004413,CUST00328,2025-11-10,Debit Card,Delivered,0,3023.72,3023.72
ORD004414,CUST00045,2025-12-21,Credit Card,Delivered,0,7915.02,7915.02
ORD004415,CUST00338,2025-12-29,Credit Card,Delivered,0,8525.32,8525.32
ORD004416,CUST00236,2025-11-04,Credit Card,Delivered,99,1089.62,1188.62
ORD004417,CUST00571,2024-01-27,Credit Card,Delivered,79,1467.08,1546.08
ORD004418,CUST00036,2024-12-25,Credit Card,Returned,79,2184.71,2263.71
ORD004419,CUST00230,2024-11-26,UPI,Returned,0,5843.43,5843.43
ORD004420,CUST00039,2025-06-10,UPI,Delivered,0,7758.13,7758.13
ORD004421,CUST00334,2025-12-17,UPI,Delivered,0,7614.49,7614.49
ORD004422,CUST00167,2025-10-15,Wallet,Delivered,99,1350.49,1449.49
ORD004423,CUST00497,2024-10-01,Credit Card,Delivered,79,1364.75,1443.75
ORD004424,CUST00523,2024-03-28,Net Banking,Delivered,0,5231.21,5231.21
ORD004425,CUST00434,2025-05-17,Credit Card,Delivered,0,34009.28,34009.28
ORD004426,CUST00526,2024-01-25,Debit Card,Delivered,79,813.88,892.88
ORD004427,CUST00250,2025-07-20,Credit Card,Delivered,0,8995.7,8995.7
ORD004428,CUST00403,2025-11-05,UPI,Cancelled,99,657.82,756.82
ORD004429,CUST00313,2024-10-04,Credit Card,Delivered,0,12553.56,12553.56
ORD004430,CUST00447,2025-03-21,UPI,Delivered,99,1374.18,1473.18
ORD004431,CUST00414,2025-03-10,Cash on Delivery,Delivered,0,2515.14,2515.14
ORD004432,CUST00472,2024-04-18,Debit Card,Delivered,0,14151.49,14151.49
ORD004433,CUST00541,2025-12-26,Debit Card,Delivered,0,17878.67,17878.67
ORD004434,CUST00346,2025-07-04,UPI,Delivered,0,16895.78,16895.78
ORD004435,CUST00591,2025-10-17,Cash on Delivery,Delivered,0,7265.09,7265.09
ORD004436,CUST00240,2025-10-05,UPI,Delivered,49,750.27,799.27
ORD004437,CUST00012,2024-04-24,Debit Card,Delivered,0,3767.08,3767.08
ORD004438,CUST00223,2025-10-12,Cash on Delivery,Delivered,49,861.75,910.75
ORD004439,CUST00083,2025-12-11,Debit Card,Cancelled,99,2398.35,2497.35
ORD004440,CUST00064,2025-11-30,Credit Card,Delivered,0,3624.78,3624.78
ORD004441,CUST00558,2024-12-18,Debit Card,Delivered,99,1603.35,1702.35
ORD004442,CUST00129,2025-06-22,Net Banking,Delivered,49,2278.43,2327.43
ORD004443,CUST00072,2025-04-16,Net Banking,Delivered,0,9819.0,9819.0
ORD004444,CUST00068,2025-06-22,UPI,Delivered,0,2768.56,2768.56
ORD004445,CUST00345,2025-04-24,Debit Card,Delivered,0,5139.65,5139.65
ORD004446,CUST00564,2025-05-03,Wallet,Delivered,79,2374.52,2453.52
ORD004447,CUST00383,2024-11-15,Wallet,Delivered,49,2398.35,2447.35
ORD004448,CUST00340,2025-01-26,Wallet,Delivered,0,3196.17,3196.17
ORD004449,CUST00442,2024-08-03,Credit Card,Delivered,79,819.84,898.84
ORD004450,CUST00237,2025-03-13,Credit Card,Returned,0,24791.45,24791.45
ORD004451,CUST00010,2025-10-19,Debit Card,Delivered,0,8806.14,8806.14
ORD004452,CUST00049,2025-07-24,UPI,Delivered,0,18308.48,18308.48
ORD004453,CUST00068,2024-10-23,UPI,Delivered,0,2834.03,2834.03
ORD004454,CUST00085,2025-05-27,Credit Card,Delivered,79,1982.71,2061.71
ORD004455,CUST00284,2024-05-28,Credit Card,Delivered,0,2856.69,2856.69
ORD004456,CUST00286,2025-08-26,UPI,Delivered,99,712.76,811.76
ORD004457,CUST00148,2025-07-26,Debit Card,Delivered,0,6678.5,6678.5
ORD004458,CUST00550,2024-11-09,Debit Card,Delivered,0,2956.16,2956.16
ORD004459,CUST00002,2025-05-19,Net Banking,Delivered,99,964.34,1063.34
ORD004460,CUST00406,2024-10-14,UPI,Returned,0,3242.77,3242.77
ORD004461,CUST00130,2025-11-05,UPI,Delivered,0,6259.9,6259.9
ORD004462,CUST00279,2025-10-09,Net Banking,Delivered,0,9358.53,9358.53
ORD004463,CUST00448,2025-04-11,UPI,Delivered,0,41743.55,41743.55
ORD004464,CUST00309,2024-04-08,Credit Card,Returned,0,9736.77,9736.77
ORD004465,CUST00508,2025-08-02,Wallet,Delivered,0,3145.2,3145.2
ORD004466,CUST00479,2025-07-12,Credit Card,Delivered,0,12574.02,12574.02
ORD004467,CUST00526,2024-12-30,Credit Card,Delivered,49,1443.02,1492.02
ORD004468,CUST00502,2025-11-12,Wallet,Delivered,0,6962.62,6962.62
ORD004469,CUST00304,2024-05-03,UPI,Delivered,49,295.59,344.59
ORD004470,CUST00036,2025-07-26,UPI,Delivered,0,10506.37,10506.37
ORD004471,CUST00014,2025-10-26,UPI,Delivered,99,433.95,532.95
ORD004472,CUST00106,2025-12-31,UPI,Delivered,0,6339.63,6339.63
ORD004473,CUST00139,2025-01-11,UPI,Delivered,0,9539.45,9539.45
ORD004474,CUST00501,2025-03-19,Cash on Delivery,Delivered,79,1899.62,1978.62
ORD004475,CUST00029,2025-06-28,UPI,Returned,0,4914.12,4914.12
ORD004476,CUST00203,2025-05-26,Debit Card,Delivered,0,3461.36,3461.36
ORD004477,CUST00377,2024-07-02,Net Banking,Returned,0,26894.46,26894.46
ORD004478,CUST00436,2025-02-28,Debit Card,Cancelled,79,1374.18,1453.18
ORD004479,CUST00496,2025-05-08,UPI,Delivered,79,2278.43,2357.43
ORD004480,CUST00323,2024-09-09,Credit Card,Delivered,49,311.15,360.15
ORD004481,CUST00133,2024-12-12,UPI,Delivered,0,2729.5,2729.5
ORD004482,CUST00376,2025-02-01,UPI,Delivered,0,4780.19,4780.19
ORD004483,CUST00408,2024-11-25,Wallet,Delivered,79,867.91,946.91
ORD004484,CUST00536,2025-02-12,Wallet,Returned,0,5407.4,5407.4
ORD004485,CUST00408,2025-05-18,UPI,Delivered,0,3283.43,3283.43
ORD004486,CUST00072,2025-08-13,Wallet,Delivered,99,623.0,722.0
ORD004487,CUST00273,2024-08-15,Cash on Delivery,Delivered,49,1971.0,2020.0
ORD004488,CUST00529,2025-03-18,UPI,Delivered,0,3942.0,3942.0
ORD004489,CUST00082,2025-10-23,UPI,Cancelled,0,5755.5,5755.5
ORD004490,CUST00581,2025-05-21,Wallet,Delivered,0,9755.32,9755.32
ORD004491,CUST00423,2025-11-03,Credit Card,Delivered,0,4185.64,4185.64
ORD004492,CUST00346,2025-07-24,Net Banking,Delivered,49,482.17,531.17
ORD004493,CUST00017,2025-02-06,Debit Card,Delivered,0,8282.01,8282.01
ORD004494,CUST00421,2024-08-22,Credit Card,Returned,0,3311.84,3311.84
ORD004495,CUST00100,2025-05-18,Debit Card,Delivered,99,1627.75,1726.75
ORD004496,CUST00329,2024-06-24,Credit Card,Delivered,0,12240.81,12240.81
ORD004497,CUST00029,2024-04-13,Credit Card,Delivered,79,1832.66,1911.66
ORD004498,CUST00410,2025-03-10,Credit Card,Returned,0,7534.83,7534.83
ORD004499,CUST00534,2025-06-26,Credit Card,Cancelled,99,433.95,532.95
ORD004500,CUST00038,2025-09-10,UPI,Delivered,0,5373.79,5373.79
ORD004501,CUST00578,2025-07-21,Credit Card,Returned,0,9532.67,9532.67
ORD004502,CUST00210,2024-10-25,Credit Card,Delivered,99,600.22,699.22
ORD004503,CUST00279,2025-11-23,UPI,Delivered,0,5986.94,5986.94
ORD004504,CUST00236,2024-11-13,UPI,Delivered,0,6739.52,6739.52
ORD004505,CUST00105,2025-03-17,Credit Card,Delivered,79,311.15,390.15
ORD004506,CUST00249,2024-06-15,Wallet,Delivered,0,5926.9,5926.9
ORD004507,CUST00316,2025-02-25,UPI,Delivered,99,2038.6,2137.6
ORD004508,CUST00573,2025-10-20,UPI,Delivered,49,2374.52,2423.52
ORD004509,CUST00576,2025-11-04,Credit Card,Delivered,0,2757.65,2757.65
ORD004510,CUST00414,2025-01-03,Cash on Delivery,Delivered,0,3433.98,3433.98
ORD004511,CUST00429,2024-11-04,Cash on Delivery,Cancelled,0,6065.66,6065.66
ORD004512,CUST00492,2025-08-10,UPI,Delivered,99,964.34,1063.34
ORD004513,CUST00434,2024-07-21,Wallet,Delivered,49,2038.6,2087.6
ORD004514,CUST00024,2025-11-19,Credit Card,Delivered,0,4532.36,4532.36
ORD004515,CUST00163,2024-09-18,Credit Card,Returned,0,14313.25,14313.25
ORD004516,CUST00196,2025-06-19,Debit Card,Delivered,99,2374.52,2473.52
ORD004517,CUST00343,2024-09-12,UPI,Returned,99,1315.64,1414.64
ORD004518,CUST00502,2025-07-18,Credit Card,Delivered,99,2203.57,2302.57
ORD004519,CUST00342,2025-07-05,Credit Card,Delivered,0,5224.55,5224.55
ORD004520,CUST00350,2025-08-14,Debit Card,Delivered,0,4810.05,4810.05
ORD004521,CUST00467,2025-01-07,Debit Card,Delivered,49,840.1,889.1
ORD004522,CUST00236,2024-12-31,UPI,Delivered,49,2046.78,2095.78
ORD004523,CUST00329,2024-12-30,Credit Card,Delivered,0,6583.22,6583.22
ORD004524,CUST00242,2025-01-03,Net Banking,Delivered,79,712.76,791.76
ORD004525,CUST00132,2025-10-24,Wallet,Delivered,0,8630.05,8630.05
ORD004526,CUST00361,2025-12-02,UPI,Delivered,49,409.84,458.84
ORD004527,CUST00488,2025-09-30,Credit Card,Delivered,0,5045.75,5045.75
ORD004528,CUST00209,2025-12-06,Credit Card,Returned,79,458.06,537.06
ORD004529,CUST00212,2025-06-19,UPI,Delivered,0,16907.27,16907.27
ORD004530,CUST00279,2025-10-19,UPI,Refunded,0,11307.23,11307.23
ORD004531,CUST00285,2025-05-04,Cash on Delivery,Delivered,99,2038.6,2137.6
ORD004532,CUST00135,2024-11-18,Debit Card,Delivered,0,4780.19,4780.19
ORD004533,CUST00558,2024-01-01,Credit Card,Delivered,0,11053.64,11053.64
ORD004534,CUST00308,2025-02-13,Credit Card,Delivered,0,7098.54,7098.54
ORD004535,CUST00360,2025-11-02,Credit Card,Delivered,0,3970.95,3970.95
ORD004536,CUST00290,2025-07-19,Net Banking,Delivered,0,7796.18,7796.18
ORD004537,CUST00108,2025-08-02,Net Banking,Delivered,99,2432.66,2531.66
ORD004538,CUST00356,2024-02-26,Wallet,Delivered,0,3989.96,3989.96
ORD004539,CUST00396,2025-07-04,Cash on Delivery,Delivered,0,8313.37,8313.37
ORD004540,CUST00512,2025-04-05,UPI,Delivered,99,637.73,736.73
ORD004541,CUST00438,2025-06-23,Credit Card,Delivered,49,1773.9,1822.9
ORD004542,CUST00552,2024-02-17,UPI,Cancelled,0,10268.62,10268.62
ORD004543,CUST00500,2025-02-15,Credit Card,Delivered,0,17851.89,17851.89
ORD004544,CUST00309,2024-11-17,UPI,Delivered,0,3851.3,3851.3
ORD004545,CUST00115,2025-01-01,Credit Card,Delivered,79,2142.79,2221.79
ORD004546,CUST00040,2025-12-31,Wallet,Delivered,0,3187.56,3187.56
ORD004547,CUST00169,2025-10-04,Net Banking,Delivered,0,4778.51,4778.51
ORD004548,CUST00248,2024-11-13,Credit Card,Delivered,79,264.48,343.48
ORD004549,CUST00308,2025-01-27,UPI,Delivered,0,3284.6,3284.6
ORD004550,CUST00014,2025-10-28,Net Banking,Delivered,0,6061.59,6061.59
ORD004551,CUST00142,2024-12-24,Cash on Delivery,Delivered,0,6286.02,6286.02
ORD004552,CUST00507,2025-03-26,Credit Card,Delivered,0,4780.19,4780.19
ORD004553,CUST00400,2025-02-28,Debit Card,Returned,0,5412.91,5412.91
ORD004554,CUST00309,2025-05-21,Credit Card,Delivered,0,5182.99,5182.99
ORD004555,CUST00247,2025-10-05,Credit Card,Delivered,79,2331.42,2410.42
ORD004556,CUST00051,2024-11-26,Credit Card,Delivered,0,7016.75,7016.75
ORD004557,CUST00066,2024-06-10,Wallet,Delivered,79,1042.42,1121.42
ORD004558,CUST00431,2024-01-02,Debit Card,Delivered,0,18634.67,18634.67
ORD004559,CUST00053,2025-11-18,Credit Card,Returned,49,1100.33,1149.33
ORD004560,CUST00111,2025-04-30,Debit Card,Delivered,0,12232.8,12232.8
ORD004561,CUST00423,2025-10-26,Credit Card,Delivered,0,2956.91,2956.91
ORD004562,CUST00355,2024-12-18,Debit Card,Delivered,79,907.25,986.25
ORD004563,CUST00236,2024-12-02,Credit Card,Delivered,49,964.34,1013.34
ORD004564,CUST00176,2025-03-08,UPI,Delivered,49,964.34,1013.34
ORD004565,CUST00379,2024-12-12,Net Banking,Delivered,99,2018.34,2117.34
ORD004566,CUST00093,2025-03-19,UPI,Delivered,79,2398.35,2477.35
ORD004567,CUST00140,2025-06-07,Debit Card,Delivered,0,13028.75,13028.75
ORD004568,CUST00157,2024-12-10,Credit Card,Delivered,0,3165.93,3165.93
ORD004569,CUST00191,2024-03-20,UPI,Cancelled,0,3319.0,3319.0
ORD004570,CUST00085,2025-08-20,UPI,Delivered,0,5311.32,5311.32
ORD004571,CUST00519,2024-05-26,UPI,Delivered,0,2672.61,2672.61
ORD004572,CUST00335,2025-10-27,Credit Card,Delivered,0,4749.04,4749.04
ORD004573,CUST00422,2024-09-22,Net Banking,Delivered,0,7796.18,7796.18
ORD004574,CUST00439,2025-08-03,UPI,Delivered,0,7195.05,7195.05
ORD004575,CUST00313,2025-11-09,Debit Card,Delivered,0,2856.41,2856.41
ORD004576,CUST00021,2025-07-28,Wallet,Delivered,79,1587.34,1666.34
ORD004577,CUST00273,2025-11-09,Net Banking,Delivered,0,10622.64,10622.64
ORD004578,CUST00335,2025-11-05,Net Banking,Refunded,99,1576.8,1675.8
ORD004579,CUST00367,2025-06-15,Net Banking,Delivered,0,4882.45,4882.45
ORD004580,CUST00468,2025-06-21,Debit Card,Delivered,0,3799.23,3799.23
ORD004581,CUST00157,2025-04-21,UPI,Delivered,79,2313.93,2392.93
ORD004582,CUST00408,2024-09-18,Net Banking,Delivered,0,4511.59,4511.59
ORD004583,CUST00313,2025-06-10,Net Banking,Delivered,0,4914.12,4914.12
ORD004584,CUST00304,2024-05-27,Credit Card,Delivered,79,862.99,941.99
ORD004585,CUST00580,2025-02-16,Debit Card,Cancelled,0,24854.11,24854.11
ORD004586,CUST00548,2025-10-24,Credit Card,Delivered,0,4396.99,4396.99
ORD004587,CUST00345,2025-12-13,Wallet,Delivered,0,6404.91,6404.91
ORD004588,CUST00277,2025-07-20,Wallet,Delivered,0,16607.89,16607.89
ORD004589,CUST00549,2025-09-25,Credit Card,Delivered,0,5311.32,5311.32
ORD004590,CUST00359,2025-09-19,Credit Card,Cancelled,99,675.24,774.24
ORD004591,CUST00595,2025-03-19,Debit Card,Delivered,0,3039.68,3039.68
ORD004592,CUST00590,2025-12-28,Debit Card,Delivered,99,2374.52,2473.52
ORD004593,CUST00248,2024-10-07,Cash on Delivery,Delivered,0,6817.74,6817.74
ORD004594,CUST00196,2025-06-12,UPI,Delivered,0,3233.72,3233.72
ORD004595,CUST00521,2025-09-10,Credit Card,Cancelled,0,3622.12,3622.12
ORD004596,CUST00556,2025-02-27,UPI,Delivered,0,10091.51,10091.51
ORD004597,CUST00072,2024-11-06,Wallet,Refunded,79,2374.52,2453.52
ORD004598,CUST00075,2024-06-27,Debit Card,Delivered,0,3772.81,3772.81
ORD004599,CUST00256,2025-12-12,Wallet,Delivered,0,8057.57,8057.57
ORD004600,CUST00361,2025-11-27,UPI,Delivered,99,1872.84,1971.84
ORD004601,CUST00299,2024-11-11,Debit Card,Delivered,79,1208.33,1287.33
ORD004602,CUST00549,2025-09-26,Credit Card,Returned,0,5739.11,5739.11
ORD004603,CUST00024,2024-06-18,Debit Card,Delivered,0,5524.52,5524.52
ORD004604,CUST00035,2025-08-17,Credit Card,Delivered,0,4630.81,4630.81
ORD004605,CUST00184,2025-09-09,Net Banking,Returned,0,9811.73,9811.73
ORD004606,CUST00348,2025-09-22,Credit Card,Delivered,0,4651.8,4651.8
ORD004607,CUST00240,2025-09-24,Debit Card,Delivered,0,3589.86,3589.86
ORD004608,CUST00313,2025-09-04,Net Banking,Delivered,0,6137.69,6137.69
ORD004609,CUST00313,2024-03-24,Debit Card,Returned,79,482.17,561.17
ORD004610,CUST00157,2024-04-06,UPI,Delivered,49,1872.45,1921.45
ORD004611,CUST00221,2024-10-04,Credit Card,Delivered,0,10334.39,10334.39
ORD004612,CUST00277,2024-01-08,Credit Card,Delivered,0,3160.55,3160.55
ORD004613,CUST00439,2024-05-29,UPI,Delivered,0,6684.26,6684.26
ORD004614,CUST00328,2024-11-06,Cash on Delivery,Delivered,0,17817.02,17817.02
ORD004615,CUST00072,2025-06-21,Credit Card,Delivered,0,2780.82,2780.82
ORD004616,CUST00568,2025-01-03,Wallet,Delivered,0,11233.77,11233.77
ORD004617,CUST00247,2024-12-28,Wallet,Delivered,0,7215.86,7215.86
ORD004618,CUST00038,2025-05-28,Debit Card,Delivered,0,9482.36,9482.36
ORD004619,CUST00403,2024-08-09,UPI,Returned,0,2828.35,2828.35
ORD004620,CUST00021,2024-10-01,Wallet,Delivered,0,4549.58,4549.58
ORD004621,CUST00252,2024-11-18,UPI,Cancelled,99,675.24,774.24
ORD004622,CUST00149,2025-08-12,UPI,Delivered,0,9756.84,9756.84
ORD004623,CUST00024,2025-08-31,Net Banking,Delivered,79,2339.29,2418.29
ORD004624,CUST00179,2024-01-04,Debit Card,Delivered,0,2736.49,2736.49
ORD004625,CUST00380,2024-11-03,UPI,Delivered,0,12375.63,12375.63
ORD004626,CUST00502,2024-11-09,Net Banking,Delivered,0,2856.69,2856.69
ORD004627,CUST00204,2025-02-09,Credit Card,Delivered,49,1350.49,1399.49
ORD004628,CUST00548,2025-10-05,Credit Card,Delivered,0,6684.35,6684.35
ORD004629,CUST00536,2025-05-31,Net Banking,Delivered,0,3175.36,3175.36
ORD004630,CUST00173,2025-10-05,Debit Card,Delivered,0,10303.95,10303.95
ORD004631,CUST00336,2025-06-05,Credit Card,Delivered,0,5560.32,5560.32
ORD004632,CUST00333,2025-04-14,Debit Card,Refunded,0,2757.65,2757.65
ORD004633,CUST00390,2024-07-14,Wallet,Delivered,0,27661.57,27661.57
ORD004634,CUST00528,2025-11-03,Credit Card,Delivered,79,2398.35,2477.35
ORD004635,CUST00148,2025-07-21,UPI,Delivered,0,5638.62,5638.62
ORD004636,CUST00352,2024-06-03,UPI,Delivered,79,458.06,537.06
ORD004637,CUST00005,2025-06-12,Credit Card,Returned,0,8271.03,8271.03
ORD004638,CUST00403,2025-06-07,Debit Card,Delivered,0,9924.39,9924.39
ORD004639,CUST00410,2025-05-04,Net Banking,Delivered,79,2357.68,2436.68
ORD004640,CUST00196,2025-12-25,UPI,Delivered,0,5076.73,5076.73
ORD004641,CUST00309,2024-07-23,Net Banking,Delivered,0,6108.57,6108.57
ORD004642,CUST00435,2025-07-02,UPI,Delivered,79,1275.46,1354.46
ORD004643,CUST00410,2025-03-11,UPI,Delivered,0,9903.07,9903.07
ORD004644,CUST00436,2025-02-23,Credit Card,Delivered,0,4779.51,4779.51
ORD004645,CUST00308,2025-07-28,UPI,Delivered,49,2374.52,2423.52
ORD004646,CUST00119,2025-08-29,Wallet,Delivered,0,10218.86,10218.86
ORD004647,CUST00445,2025-07-10,Debit Card,Returned,0,3055.03,3055.03
ORD004648,CUST00532,2025-10-05,UPI,Delivered,0,5551.85,5551.85
ORD004649,CUST00118,2025-07-08,Debit Card,Returned,49,2374.52,2423.52
ORD004650,CUST00248,2025-03-21,Credit Card,Delivered,79,1686.34,1765.34
ORD004651,CUST00279,2025-10-28,UPI,Delivered,0,5522.37,5522.37
ORD004652,CUST00374,2025-08-12,Net Banking,Delivered,99,248.92,347.92
ORD004653,CUST00569,2025-10-12,UPI,Delivered,79,1158.24,1237.24
ORD004654,CUST00559,2025-03-07,UPI,Returned,0,7268.61,7268.61
ORD004655,CUST00408,2025-03-06,Credit Card,Delivered,0,6793.05,6793.05
ORD004656,CUST00032,2025-12-19,Debit Card,Delivered,49,2250.81,2299.81
ORD004657,CUST00043,2025-10-05,Debit Card,Delivered,0,3975.85,3975.85
ORD004658,CUST00097,2024-12-26,Debit Card,Delivered,79,1008.04,1087.04
ORD004659,CUST00176,2025-02-25,Net Banking,Delivered,0,9073.85,9073.85
ORD004660,CUST00085,2025-05-04,UPI,Delivered,79,1928.51,2007.51
ORD004661,CUST00408,2024-10-03,Net Banking,Delivered,0,4969.65,4969.65
ORD004662,CUST00558,2024-04-04,Cash on Delivery,Returned,0,6917.26,6917.26
ORD004663,CUST00305,2024-12-19,Credit Card,Delivered,0,10484.52,10484.52
ORD004664,CUST00423,2025-11-14,Wallet,Delivered,0,13651.34,13651.34
ORD004665,CUST00032,2025-03-31,UPI,Delivered,49,1601.08,1650.08
ORD004666,CUST00530,2025-02-09,Credit Card,Delivered,79,2142.79,2221.79
ORD004667,CUST00301,2025-10-29,Debit Card,Delivered,0,8140.79,8140.79
ORD004668,CUST00032,2024-12-22,UPI,Delivered,0,5075.32,5075.32
ORD004669,CUST00434,2025-09-16,Credit Card,Delivered,0,14939.67,14939.67
ORD004670,CUST00558,2025-03-31,Credit Card,Delivered,49,746.76,795.76
ORD004671,CUST00013,2024-09-23,Credit Card,Delivered,0,5710.56,5710.56
ORD004672,CUST00445,2025-11-14,Credit Card,Delivered,0,4749.04,4749.04
ORD004673,CUST00434,2025-10-12,Wallet,Cancelled,0,4993.76,4993.76
ORD004674,CUST00345,2025-01-12,Debit Card,Delivered,0,3903.54,3903.54
ORD004675,CUST00378,2024-12-05,UPI,Returned,0,15629.35,15629.35
ORD004676,CUST00385,2025-10-28,UPI,Delivered,0,9336.83,9336.83
ORD004677,CUST00347,2025-07-25,Net Banking,Delivered,49,458.06,507.06
ORD004678,CUST00396,2025-08-20,Debit Card,Refunded,79,2137.07,2216.07
ORD004679,CUST00097,2024-07-26,UPI,Delivered,0,2882.6,2882.6
ORD004680,CUST00157,2025-11-21,UPI,Delivered,49,2447.63,2496.63
ORD004681,CUST00072,2024-11-26,Net Banking,Delivered,0,8063.59,8063.59
ORD004682,CUST00305,2025-10-15,UPI,Delivered,0,9164.88,9164.88
ORD004683,CUST00014,2025-11-16,UPI,Delivered,0,12811.75,12811.75
ORD004684,CUST00116,2025-04-23,Net Banking,Delivered,0,15626.02,15626.02
ORD004685,CUST00540,2025-03-01,Wallet,Returned,49,2398.35,2447.35
ORD004686,CUST00401,2024-07-17,Credit Card,Delivered,0,5541.67,5541.67
ORD004687,CUST00355,2025-06-23,UPI,Delivered,0,7796.18,7796.18
ORD004688,CUST00450,2025-12-31,UPI,Delivered,0,2658.0,2658.0
ORD004689,CUST00039,2025-06-10,Credit Card,Delivered,79,996.8,1075.8
ORD004690,CUST00010,2025-11-21,Credit Card,Delivered,0,3435.6,3435.6
ORD004691,CUST00526,2025-12-10,UPI,Delivered,0,4174.47,4174.47
ORD004692,CUST00442,2024-08-09,Credit Card,Delivered,0,7316.17,7316.17
ORD004693,CUST00078,2025-05-21,Credit Card,Delivered,0,5326.75,5326.75
ORD004694,CUST00358,2024-03-11,Credit Card,Delivered,99,1872.45,1971.45
ORD004695,CUST00467,2024-08-15,Credit Card,Delivered,49,295.59,344.59
ORD004696,CUST00021,2024-01-16,Credit Card,Delivered,49,1469.28,1518.28
ORD004697,CUST00240,2025-12-25,Cash on Delivery,Returned,0,2729.5,2729.5
ORD004698,CUST00468,2025-06-27,Cash on Delivery,Delivered,79,2038.6,2117.6
ORD004699,CUST00143,2025-10-24,Credit Card,Cancelled,49,2195.2,2244.2
ORD004700,CUST00597,2024-02-15,Debit Card,Delivered,79,657.82,736.82
ORD004701,CUST00174,2025-10-09,Cash on Delivery,Delivered,0,6030.89,6030.89
ORD004702,CUST00465,2025-06-24,UPI,Delivered,0,6246.53,6246.53
ORD004703,CUST00279,2025-11-25,UPI,Delivered,0,5141.72,5141.72
ORD004704,CUST00441,2025-05-23,Credit Card,Returned,0,7517.22,7517.22
ORD004705,CUST00598,2025-06-18,Credit Card,Delivered,79,964.34,1043.34
ORD004706,CUST00061,2024-07-20,UPI,Returned,0,38974.45,38974.45
ORD004707,CUST00127,2024-07-15,Credit Card,Delivered,0,4370.68,4370.68
ORD004708,CUST00265,2024-12-21,UPI,Returned,0,5949.05,5949.05
ORD004709,CUST00286,2025-09-08,Cash on Delivery,Delivered,0,2856.69,2856.69
ORD004710,CUST00142,2025-04-29,Wallet,Delivered,0,6572.71,6572.71
ORD004711,CUST00106,2025-01-15,Credit Card,Refunded,0,61935.61,61935.61
ORD004712,CUST00396,2025-10-23,Credit Card,Delivered,99,933.45,1032.45
ORD004713,CUST00176,2025-03-09,UPI,Delivered,0,2996.82,2996.82
ORD004714,CUST00216,2025-04-19,UPI,Delivered,0,5045.75,5045.75
ORD004715,CUST00209,2024-11-06,UPI,Delivered,0,2588.97,2588.97
ORD004716,CUST00519,2025-08-13,Cash on Delivery,Delivered,0,6551.84,6551.84
ORD004717,CUST00275,2025-07-27,Credit Card,Delivered,0,29117.44,29117.44
ORD004718,CUST00178,2024-10-03,UPI,Returned,0,17841.35,17841.35
ORD004719,CUST00584,2024-07-03,Debit Card,Delivered,79,867.91,946.91
ORD004720,CUST00304,2024-03-15,Wallet,Delivered,0,9847.22,9847.22
ORD004721,CUST00144,2025-05-13,UPI,Delivered,49,675.24,724.24
ORD004722,CUST00422,2024-05-14,Credit Card,Delivered,0,4052.1,4052.1
ORD004723,CUST00329,2025-09-30,Wallet,Delivered,0,23959.49,23959.49
ORD004724,CUST00361,2025-11-10,Cash on Delivery,Delivered,0,3220.13,3220.13
ORD004725,CUST00157,2024-02-03,UPI,Delivered,99,2477.13,2576.13
ORD004726,CUST00115,2024-02-13,Credit Card,Delivered,49,1091.8,1140.8
ORD004727,CUST00276,2025-08-18,Credit Card,Delivered,79,712.76,791.76
ORD004728,CUST00211,2025-11-28,UPI,Delivered,0,2969.63,2969.63
ORD004729,CUST00168,2025-03-25,UPI,Returned,0,5237.09,5237.09
ORD004730,CUST00587,2025-09-21,UPI,Returned,99,750.27,849.27
ORD004731,CUST00396,2025-12-04,UPI,Delivered,0,10648.82,10648.82
ORD004732,CUST00253,2024-12-26,Cash on Delivery,Delivered,0,6867.16,6867.16
ORD004733,CUST00459,2025-09-05,Wallet,Delivered,99,2239.66,2338.66
ORD004734,CUST00260,2024-05-30,Debit Card,Delivered,79,647.02,726.02
ORD004735,CUST00315,2025-07-02,Net Banking,Delivered,0,6179.09,6179.09
ORD004736,CUST00504,2025-01-02,UPI,Delivered,0,6115.22,6115.22
ORD004737,CUST00559,2025-03-24,UPI,Delivered,0,8064.08,8064.08
ORD004738,CUST00558,2024-07-10,Net Banking,Delivered,0,6288.62,6288.62
ORD004739,CUST00301,2025-10-13,Net Banking,Delivered,49,681.07,730.07
ORD004740,CUST00481,2025-08-10,UPI,Delivered,0,2681.09,2681.09
ORD004741,CUST00425,2024-12-27,UPI,Delivered,0,8005.51,8005.51
ORD004742,CUST00208,2024-04-10,Debit Card,Delivered,49,2147.45,2196.45
ORD004743,CUST00299,2025-07-10,Net Banking,Delivered,0,10924.26,10924.26
ORD004744,CUST00327,2024-08-01,Credit Card,Delivered,0,4285.58,4285.58
ORD004745,CUST00285,2025-06-02,Credit Card,Delivered,79,883.14,962.14
ORD004746,CUST00127,2024-10-18,Credit Card,Returned,0,2593.02,2593.02
ORD004747,CUST00236,2025-02-17,UPI,Delivered,0,5758.56,5758.56
ORD004748,CUST00242,2025-04-05,Debit Card,Delivered,0,13566.1,13566.1
ORD004749,CUST00378,2024-02-19,Credit Card,Returned,0,5456.88,5456.88
ORD004750,CUST00178,2024-10-06,Net Banking,Delivered,0,21702.88,21702.88
ORD004751,CUST00526,2024-06-22,Net Banking,Delivered,49,2137.07,2186.07
ORD004752,CUST00115,2025-08-17,UPI,Delivered,0,3942.0,3942.0
ORD004753,CUST00168,2024-10-14,UPI,Delivered,99,1228.82,1327.82
ORD004754,CUST00065,2025-06-12,Cash on Delivery,Returned,0,7341.41,7341.41
ORD004755,CUST00313,2024-09-01,Net Banking,Delivered,49,2344.0,2393.0
ORD004756,CUST00382,2024-11-28,UPI,Returned,0,10300.33,10300.33
ORD004757,CUST00279,2025-10-31,Credit Card,Delivered,99,311.15,410.15
ORD004758,CUST00463,2025-12-16,UPI,Delivered,0,2956.16,2956.16
ORD004759,CUST00580,2025-07-21,Debit Card,Delivered,0,4796.7,4796.7
ORD004760,CUST00434,2024-08-09,Wallet,Delivered,79,458.06,537.06
ORD004761,CUST00327,2025-06-25,UPI,Delivered,0,7525.63,7525.63
ORD004762,CUST00035,2025-08-21,UPI,Delivered,0,5793.49,5793.49
ORD004763,CUST00072,2024-10-30,Net Banking,Delivered,0,2880.52,2880.52
ORD004764,CUST00374,2025-09-02,Cash on Delivery,Delivered,49,2398.35,2447.35
ORD004765,CUST00417,2025-10-27,Net Banking,Delivered,0,6414.82,6414.82
ORD004766,CUST00345,2024-08-10,Credit Card,Delivered,79,712.76,791.76
ORD004767,CUST00157,2024-10-11,Debit Card,Returned,79,311.15,390.15
ORD004768,CUST00027,2025-09-23,UPI,Delivered,0,4331.26,4331.26
ORD004769,CUST00313,2024-01-28,UPI,Delivered,79,999.19,1078.19
ORD004770,CUST00434,2024-10-14,Credit Card,Delivered,0,4370.97,4370.97
ORD004771,CUST00385,2025-10-20,Wallet,Delivered,99,1269.06,1368.06
ORD004772,CUST00470,2025-10-03,Credit Card,Delivered,0,11509.98,11509.98
ORD004773,CUST00313,2024-11-14,Credit Card,Delivered,79,1500.54,1579.54
ORD004774,CUST00448,2024-12-21,Net Banking,Delivered,0,5648.55,5648.55
ORD004775,CUST00315,2024-04-19,Credit Card,Returned,79,1111.28,1190.28
ORD004776,CUST00448,2024-07-19,Cash on Delivery,Delivered,0,4100.5,4100.5
ORD004777,CUST00006,2024-12-13,UPI,Delivered,79,1232.44,1311.44
ORD004778,CUST00496,2025-05-01,Debit Card,Delivered,0,9171.98,9171.98
ORD004779,CUST00345,2024-05-25,UPI,Delivered,79,2255.79,2334.79
ORD004780,CUST00031,2024-12-05,UPI,Cancelled,0,6092.71,6092.71
ORD004781,CUST00076,2025-05-09,Wallet,Delivered,0,5045.75,5045.75
ORD004782,CUST00502,2024-09-07,UPI,Delivered,0,2766.5,2766.5
ORD004783,CUST00115,2025-03-14,Debit Card,Delivered,0,19752.49,19752.49
ORD004784,CUST00526,2025-08-27,UPI,Returned,99,2038.6,2137.6
ORD004785,CUST00403,2025-12-21,Credit Card,Delivered,99,1111.28,1210.28
ORD004786,CUST00433,2025-03-31,Debit Card,Delivered,49,1157.21,1206.21
ORD004787,CUST00558,2025-11-09,Credit Card,Delivered,79,712.76,791.76
ORD004788,CUST00125,2025-10-31,UPI,Delivered,0,4830.95,4830.95
ORD004789,CUST00326,2025-01-31,UPI,Cancelled,0,6703.81,6703.81
ORD004790,CUST00556,2024-11-23,Credit Card,Delivered,0,9284.91,9284.91
ORD004791,CUST00573,2025-11-22,Debit Card,Delivered,0,7952.72,7952.72
ORD004792,CUST00480,2025-06-26,Wallet,Delivered,0,17239.0,17239.0
ORD004793,CUST00580,2025-02-12,Credit Card,Returned,0,2736.49,2736.49
ORD004794,CUST00114,2024-09-17,UPI,Delivered,0,12429.93,12429.93
ORD004795,CUST00157,2025-11-30,Cash on Delivery,Delivered,0,13532.42,13532.42
ORD004796,CUST00315,2025-11-20,Debit Card,Delivered,49,2158.52,2207.52
ORD004797,CUST00218,2025-06-21,UPI,Delivered,0,3732.53,3732.53
ORD004798,CUST00355,2025-11-11,Debit Card,Delivered,0,7038.98,7038.98
ORD004799,CUST00385,2025-11-26,Net Banking,Delivered,0,6238.21,6238.21
ORD004800,CUST00207,2024-10-26,Net Banking,Delivered,0,2904.07,2904.07
ORD004801,CUST00278,2025-04-10,Credit Card,Delivered,49,2255.79,2304.79
ORD004802,CUST00168,2024-12-31,Credit Card,Delivered,0,4965.29,4965.29
ORD004803,CUST00243,2025-05-16,Credit Card,Delivered,0,12489.1,12489.1
ORD004804,CUST00597,2025-02-06,UPI,Cancelled,0,2662.45,2662.45
ORD004805,CUST00450,2024-06-07,Debit Card,Delivered,49,750.27,799.27
ORD004806,CUST00039,2025-05-26,UPI,Delivered,0,7922.76,7922.76
ORD004807,CUST00445,2025-12-26,UPI,Delivered,49,750.27,799.27
ORD004808,CUST00414,2024-03-28,Net Banking,Cancelled,99,1500.54,1599.54
ORD004809,CUST00547,2025-10-02,Cash on Delivery,Delivered,49,1682.1,1731.1
ORD004810,CUST00241,2025-10-23,Net Banking,Delivered,79,2018.34,2097.34
ORD004811,CUST00022,2025-04-05,Credit Card,Delivered,99,458.06,557.06
ORD004812,CUST00574,2024-06-06,Wallet,Delivered,99,482.17,581.17
ORD004813,CUST00308,2025-01-31,Net Banking,Cancelled,0,3740.42,3740.42
ORD004814,CUST00595,2024-10-31,UPI,Delivered,0,7823.83,7823.83
ORD004815,CUST00250,2025-07-30,Credit Card,Delivered,0,12354.2,12354.2
ORD004816,CUST00403,2025-09-26,UPI,Delivered,0,18845.41,18845.41
ORD004817,CUST00239,2025-06-03,Net Banking,Returned,0,3802.26,3802.26
ORD004818,CUST00039,2025-05-26,Credit Card,Delivered,0,4668.41,4668.41
ORD004819,CUST00254,2025-10-26,Debit Card,Returned,0,5910.42,5910.42
ORD004820,CUST00409,2025-11-01,UPI,Delivered,99,1350.49,1449.49
ORD004821,CUST00072,2024-10-31,UPI,Delivered,0,2788.68,2788.68
ORD004822,CUST00240,2025-09-22,Credit Card,Delivered,99,1056.95,1155.95
ORD004823,CUST00221,2025-02-23,UPI,Delivered,0,9079.17,9079.17
ORD004824,CUST00348,2025-10-06,UPI,Returned,0,4296.15,4296.15
ORD004825,CUST00502,2024-11-19,Credit Card,Delivered,0,4361.57,4361.57
ORD004826,CUST00162,2025-10-23,Credit Card,Delivered,0,2856.69,2856.69
ORD004827,CUST00291,2025-12-06,Credit Card,Delivered,0,4273.58,4273.58
ORD004828,CUST00359,2025-06-06,Credit Card,Delivered,0,9710.82,9710.82
ORD004829,CUST00072,2025-11-07,Debit Card,Delivered,79,2200.62,2279.62
ORD004830,CUST00401,2024-10-07,Cash on Delivery,Delivered,0,5589.63,5589.63
ORD004831,CUST00580,2025-06-24,Credit Card,Delivered,0,3319.0,3319.0
ORD004832,CUST00072,2024-11-14,UPI,Delivered,0,4125.75,4125.75
ORD004833,CUST00236,2024-11-26,UPI,Delivered,79,2158.52,2237.52
ORD004834,CUST00574,2025-10-10,Credit Card,Delivered,79,964.34,1043.34
ORD004835,CUST00070,2025-03-04,Debit Card,Delivered,0,22188.69,22188.69
ORD004836,CUST00387,2024-08-11,Wallet,Delivered,0,3493.68,3493.68
ORD004837,CUST00072,2025-03-29,Debit Card,Delivered,79,311.15,390.15
ORD004838,CUST00347,2024-06-02,Debit Card,Delivered,99,2374.52,2473.52
ORD004839,CUST00442,2025-07-25,Debit Card,Returned,49,2452.12,2501.12
ORD004840,CUST00275,2025-06-04,Cash on Delivery,Delivered,0,6243.48,6243.48
ORD004841,CUST00024,2024-06-13,Credit Card,Delivered,99,1591.36,1690.36
ORD004842,CUST00248,2025-04-03,UPI,Delivered,0,4249.06,4249.06
ORD004843,CUST00498,2024-11-23,Credit Card,Delivered,79,2158.52,2237.52
ORD004844,CUST00172,2025-02-23,Debit Card,Delivered,0,7429.82,7429.82
ORD004845,CUST00445,2024-12-28,Credit Card,Delivered,0,4678.98,4678.98
ORD004846,CUST00229,2024-01-19,Credit Card,Delivered,99,482.17,581.17
ORD004847,CUST00431,2024-11-12,Debit Card,Delivered,0,4098.89,4098.89
ORD004848,CUST00558,2024-05-06,Credit Card,Delivered,0,24764.35,24764.35
ORD004849,CUST00240,2025-10-10,Net Banking,Delivered,99,675.24,774.24
ORD004850,CUST00538,2025-06-15,Net Banking,Delivered,49,886.78,935.78
ORD004851,CUST00277,2025-05-13,Debit Card,Delivered,0,3778.33,3778.33
ORD004852,CUST00117,2025-09-04,UPI,Delivered,79,1717.86,1796.86
ORD004853,CUST00049,2025-08-30,Credit Card,Delivered,0,3329.15,3329.15
ORD004854,CUST00072,2024-12-13,Debit Card,Delivered,99,2038.6,2137.6
ORD004855,CUST00166,2025-04-12,Credit Card,Delivered,49,622.3,671.3
ORD004856,CUST00215,2024-10-06,Credit Card,Delivered,0,8169.76,8169.76
ORD004857,CUST00559,2025-03-11,Debit Card,Delivered,99,623.0,722.0
ORD004858,CUST00035,2025-08-31,UPI,Cancelled,79,1277.9,1356.9
ORD004859,CUST00549,2025-09-21,Credit Card,Returned,0,2816.49,2816.49
ORD004860,CUST00592,2025-05-27,UPI,Delivered,0,6062.79,6062.79
ORD004861,CUST00313,2025-06-13,Debit Card,Delivered,0,13835.79,13835.79
ORD004862,CUST00523,2024-04-25,Credit Card,Delivered,99,600.22,699.22
ORD004863,CUST00376,2025-02-18,Debit Card,Delivered,0,4556.86,4556.86
ORD004864,CUST00319,2024-11-26,Credit Card,Delivered,79,2398.35,2477.35
ORD004865,CUST00454,2025-10-20,Wallet,Delivered,0,2688.27,2688.27
ORD004866,CUST00453,2025-08-21,Debit Card,Delivered,79,1971.0,2050.0
ORD004867,CUST00450,2025-10-23,UPI,Delivered,99,1815.71,1914.71
ORD004868,CUST00326,2024-08-06,UPI,Delivered,0,6411.2,6411.2
ORD004869,CUST00284,2025-11-21,Wallet,Delivered,79,264.48,343.48
ORD004870,CUST00251,2024-06-06,Credit Card,Delivered,0,3404.52,3404.52
ORD004871,CUST00436,2025-11-24,UPI,Delivered,0,6793.77,6793.77
ORD004872,CUST00223,2025-01-14,UPI,Refunded,0,9432.94,9432.94
ORD004873,CUST00309,2024-08-09,UPI,Refunded,0,7019.87,7019.87
ORD004874,CUST00581,2025-03-26,Debit Card,Returned,0,4249.06,4249.06
ORD004875,CUST00329,2025-10-05,UPI,Returned,0,32535.21,32535.21
ORD004876,CUST00434,2024-04-03,Credit Card,Delivered,0,5311.32,5311.32
ORD004877,CUST00547,2025-12-25,Debit Card,Delivered,0,2815.74,2815.74
ORD004878,CUST00067,2024-12-08,Net Banking,Delivered,0,14388.76,14388.76
ORD004879,CUST00053,2025-06-28,Net Banking,Delivered,79,753.65,832.65
ORD004880,CUST00279,2025-11-09,Credit Card,Refunded,49,1776.07,1825.07
ORD004881,CUST00035,2025-08-24,Debit Card,Returned,0,5125.68,5125.68
ORD004882,CUST00156,2025-12-05,UPI,Delivered,0,4962.33,4962.33
ORD004883,CUST00425,2024-07-20,Credit Card,Delivered,0,13236.19,13236.19
ORD004884,CUST00108,2024-06-05,Credit Card,Delivered,0,5461.8,5461.8
ORD004885,CUST00473,2025-03-15,Debit Card,Delivered,0,6532.96,6532.96
ORD004886,CUST00157,2024-12-08,UPI,Delivered,0,3616.42,3616.42
ORD004887,CUST00438,2024-08-31,Debit Card,Delivered,0,8354.0,8354.0
ORD004888,CUST00185,2025-06-01,UPI,Returned,0,2808.35,2808.35
ORD004889,CUST00072,2024-11-15,Cash on Delivery,Delivered,0,4147.26,4147.26
ORD004890,CUST00329,2024-07-30,Credit Card,Delivered,79,926.59,1005.59
ORD004891,CUST00247,2024-07-05,UPI,Returned,0,6252.34,6252.34
ORD004892,CUST00390,2025-12-17,Credit Card,Cancelled,49,311.15,360.15
ORD004893,CUST00164,2025-05-01,Credit Card,Delivered,49,2398.35,2447.35
ORD004894,CUST00467,2025-04-24,Net Banking,Returned,0,6323.66,6323.66
ORD004895,CUST00222,2024-03-11,Credit Card,Delivered,0,26400.4,26400.4
ORD004896,CUST00242,2024-05-08,Debit Card,Delivered,79,409.84,488.84
ORD004897,CUST00086,2025-03-10,Wallet,Delivered,0,13486.25,13486.25
ORD004898,CUST00038,2025-11-13,Cash on Delivery,Delivered,0,7123.56,7123.56
ORD004899,CUST00491,2025-03-02,Debit Card,Delivered,0,11440.37,11440.37
ORD004900,CUST00315,2024-05-09,Net Banking,Delivered,0,8033.93,8033.93
ORD004901,CUST00327,2025-11-09,Debit Card,Delivered,0,8512.14,8512.14
ORD004902,CUST00320,2025-03-07,Credit Card,Delivered,79,1971.0,2050.0
ORD004903,CUST00305,2025-06-27,Debit Card,Delivered,79,544.86,623.86
ORD004904,CUST00391,2024-03-29,UPI,Cancelled,0,6582.03,6582.03
ORD004905,CUST00268,2024-07-28,Credit Card,Delivered,0,2830.04,2830.04
ORD004906,CUST00143,2024-02-14,Credit Card,Returned,0,17121.74,17121.74
ORD004907,CUST00405,2025-07-18,UPI,Delivered,0,13669.32,13669.32
ORD004908,CUST00455,2025-12-11,Credit Card,Delivered,0,18976.78,18976.78
ORD004909,CUST00591,2024-10-08,Cash on Delivery,Delivered,49,1170.82,1219.82
ORD004910,CUST00316,2025-03-15,Net Banking,Delivered,0,2919.48,2919.48
ORD004911,CUST00530,2025-02-04,Debit Card,Delivered,49,2142.79,2191.79
ORD004912,CUST00221,2025-08-24,UPI,Delivered,0,4533.5,4533.5
ORD004913,CUST00169,2025-11-19,Net Banking,Delivered,0,11577.75,11577.75
ORD004914,CUST00157,2024-01-05,Credit Card,Delivered,49,1896.46,1945.46
ORD004915,CUST00465,2025-02-28,Debit Card,Delivered,49,712.76,761.76
ORD004916,CUST00053,2025-03-12,Credit Card,Delivered,0,4249.06,4249.06
ORD004917,CUST00361,2025-11-19,Credit Card,Delivered,79,867.91,946.91
ORD004918,CUST00499,2024-08-07,Credit Card,Returned,0,29168.09,29168.09
ORD004919,CUST00260,2024-08-21,Debit Card,Delivered,79,637.73,716.73
ORD004920,CUST00174,2025-08-22,Debit Card,Delivered,0,9553.02,9553.02
ORD004921,CUST00547,2025-10-23,Credit Card,Returned,0,3611.91,3611.91
ORD004922,CUST00254,2024-10-01,Credit Card,Delivered,0,22290.54,22290.54
ORD004923,CUST00053,2024-04-18,Cash on Delivery,Delivered,0,17588.56,17588.56
ORD004924,CUST00383,2024-07-04,Debit Card,Delivered,0,3935.94,3935.94
ORD004925,CUST00328,2025-11-06,Cash on Delivery,Delivered,0,3023.78,3023.78
ORD004926,CUST00201,2025-12-02,UPI,Delivered,0,9617.96,9617.96
ORD004927,CUST00106,2025-11-05,Credit Card,Delivered,49,2278.43,2327.43
ORD004928,CUST00600,2024-09-15,UPI,Refunded,79,2255.79,2334.79
ORD004929,CUST00445,2025-04-25,Credit Card,Delivered,0,14464.62,14464.62
ORD004930,CUST00221,2024-07-18,Credit Card,Delivered,0,9291.78,9291.78
ORD004931,CUST00473,2025-03-05,Credit Card,Delivered,0,8295.08,8295.08
ORD004932,CUST00051,2025-12-26,UPI,Delivered,49,1725.98,1774.98
ORD004933,CUST00455,2025-08-14,Cash on Delivery,Delivered,0,5961.13,5961.13
ORD004934,CUST00567,2025-10-07,Debit Card,Delivered,0,11227.97,11227.97
ORD004935,CUST00032,2024-05-10,Credit Card,Delivered,0,5693.19,5693.19
ORD004936,CUST00391,2025-09-23,Cash on Delivery,Delivered,49,1042.24,1091.24
ORD004937,CUST00014,2025-11-13,Cash on Delivery,Delivered,0,3799.23,3799.23
ORD004938,CUST00453,2024-12-20,UPI,Delivered,0,5136.3,5136.3
ORD004939,CUST00230,2024-09-21,UPI,Delivered,99,964.34,1063.34
ORD004940,CUST00161,2025-04-16,Credit Card,Delivered,99,657.82,756.82
ORD004941,CUST00064,2024-06-19,Cash on Delivery,Delivered,0,5590.2,5590.2
ORD004942,CUST00176,2025-05-21,Net Banking,Delivered,0,17242.54,17242.54
ORD004943,CUST00491,2025-03-02,Debit Card,Delivered,49,675.24,724.24
ORD004944,CUST00038,2025-10-26,Debit Card,Delivered,79,712.76,791.76
ORD004945,CUST00524,2024-05-07,Credit Card,Cancelled,79,2278.43,2357.43
ORD004946,CUST00430,2025-07-20,Debit Card,Returned,0,23347.37,23347.37
ORD004947,CUST00385,2025-10-25,Net Banking,Delivered,0,4556.86,4556.86
ORD004948,CUST00346,2025-08-01,Debit Card,Delivered,0,2771.46,2771.46
ORD004949,CUST00321,2025-11-13,Credit Card,Delivered,0,7517.84,7517.84
ORD004950,CUST00388,2024-11-15,Credit Card,Delivered,0,10172.31,10172.31
ORD004951,CUST00304,2024-01-19,Credit Card,Delivered,0,24594.24,24594.24
ORD004952,CUST00526,2025-04-15,Credit Card,Delivered,0,7333.7,7333.7
ORD004953,CUST00223,2024-12-23,Credit Card,Delivered,0,11102.9,11102.9
ORD004954,CUST00237,2025-03-14,UPI,Delivered,0,8354.0,8354.0
ORD004955,CUST00355,2024-12-20,UPI,Delivered,0,4796.7,4796.7
ORD004956,CUST00239,2025-05-22,Cash on Delivery,Delivered,0,6002.31,6002.31
ORD004957,CUST00106,2025-06-17,Wallet,Delivered,0,4425.88,4425.88
ORD004958,CUST00536,2025-06-06,Credit Card,Delivered,49,458.06,507.06
ORD004959,CUST00315,2025-10-16,UPI,Delivered,0,15847.1,15847.1
ORD004960,CUST00194,2025-12-27,Net Banking,Delivered,0,12381.61,12381.61
ORD004961,CUST00329,2025-08-16,UPI,Cancelled,79,2343.63,2422.63
ORD004962,CUST00223,2025-10-12,Net Banking,Delivered,0,2670.11,2670.11
ORD004963,CUST00030,2025-01-29,Credit Card,Delivered,99,867.91,966.91
ORD004964,CUST00237,2025-04-06,UPI,Delivered,0,12399.28,12399.28
ORD004965,CUST00547,2025-12-16,Credit Card,Delivered,79,2400.85,2479.85
ORD004966,CUST00383,2024-06-12,UPI,Delivered,0,8944.99,8944.99
ORD004967,CUST00091,2025-08-29,Debit Card,Delivered,0,2644.7,2644.7
ORD004968,CUST00558,2025-07-02,Debit Card,Delivered,0,4256.76,4256.76
ORD004969,CUST00077,2025-07-30,UPI,Delivered,99,1291.78,1390.78
ORD004970,CUST00206,2025-09-07,Net Banking,Delivered,0,7179.29,7179.29
ORD004971,CUST00338,2025-04-28,Credit Card,Cancelled,99,2398.35,2497.35
ORD004972,CUST00186,2025-08-18,UPI,Delivered,49,712.76,761.76
ORD004973,CUST00559,2025-05-27,Wallet,Delivered,99,1543.15,1642.15
ORD004974,CUST00304,2024-10-28,Credit Card,Delivered,0,7767.18,7767.18
ORD004975,CUST00231,2025-10-30,Credit Card,Delivered,0,9732.51,9732.51
ORD004976,CUST00549,2025-09-11,UPI,Delivered,49,1811.69,1860.69
ORD004977,CUST00279,2025-10-03,Credit Card,Delivered,49,2073.63,2122.63
ORD004978,CUST00284,2024-09-17,Cash on Delivery,Delivered,0,8375.33,8375.33
ORD004979,CUST00147,2024-11-11,UPI,Delivered,0,8950.99,8950.99
ORD004980,CUST00273,2025-01-07,Debit Card,Delivered,0,18678.82,18678.82
ORD004981,CUST00237,2025-09-10,Debit Card,Delivered,79,984.5,1063.5
ORD004982,CUST00595,2025-12-18,Debit Card,Delivered,99,2000.3,2099.3
ORD004983,CUST00315,2025-09-09,Credit Card,Delivered,0,3525.17,3525.17
ORD004984,CUST00480,2025-07-14,Cash on Delivery,Delivered,49,750.27,799.27
ORD004985,CUST00003,2024-07-16,UPI,Delivered,0,7420.27,7420.27
ORD004986,CUST00342,2025-04-20,UPI,Delivered,0,4030.09,4030.09
ORD004987,CUST00085,2025-05-25,Debit Card,Delivered,0,13944.08,13944.08
ORD004988,CUST00041,2025-03-11,Credit Card,Delivered,49,1527.65,1576.65
ORD004989,CUST00558,2025-12-05,Wallet,Returned,0,3273.6,3273.6
ORD004990,CUST00028,2025-05-13,UPI,Delivered,79,482.17,561.17
ORD004991,CUST00575,2025-11-29,Wallet,Delivered,0,3701.12,3701.12
ORD004992,CUST00401,2025-04-21,UPI,Delivered,0,9049.46,9049.46
ORD004993,CUST00595,2024-11-07,UPI,Delivered,0,8900.83,8900.83
ORD004994,CUST00288,2024-10-31,Net Banking,Delivered,0,4903.32,4903.32
ORD004995,CUST00236,2025-08-08,Wallet,Delivered,0,4914.12,4914.12
ORD004996,CUST00579,2025-09-27,Cash on Delivery,Delivered,0,13272.9,13272.9
ORD004997,CUST00227,2025-07-04,Wallet,Delivered,79,482.17,561.17
ORD004998,CUST00032,2025-04-16,Debit Card,Delivered,0,3283.43,3283.43
ORD004999,CUST00499,2024-10-16,UPI,Delivered,79,2278.43,2357.43
ORD005000,CUST00207,2025-06-19,UPI,Returned,0,5348.07,5348.07
ORD005001,CUST00591,2024-09-26,Debit Card,Returned,0,6411.2,6411.2
ORD005002,CUST00355,2025-07-17,Credit Card,Delivered,79,777.76,856.76
ORD005003,CUST00039,2025-06-08,Credit Card,Delivered,0,5311.32,5311.32
ORD005004,CUST00390,2024-09-19,UPI,Delivered,99,1119.9,1218.9
ORD005005,CUST00506,2025-10-26,Wallet,Delivered,0,8229.35,8229.35
ORD005006,CUST00279,2025-10-14,Cash on Delivery,Delivered,0,2952.68,2952.68
ORD005007,CUST00549,2025-09-13,Credit Card,Delivered,79,2147.45,2226.45
ORD005008,CUST00593,2024-10-07,Credit Card,Delivered,0,8079.45,8079.45
ORD005009,CUST00502,2024-08-30,Credit Card,Delivered,0,7257.51,7257.51
ORD005010,CUST00299,2024-04-02,Cash on Delivery,Delivered,0,9794.79,9794.79
ORD005011,CUST00416,2025-10-24,UPI,Refunded,49,409.84,458.84
ORD005012,CUST00017,2025-12-26,UPI,Delivered,79,1296.51,1375.51
ORD005013,CUST00439,2024-07-27,Credit Card,Delivered,0,14065.84,14065.84
ORD005014,CUST00313,2025-06-04,Wallet,Delivered,0,11148.26,11148.26
ORD005015,CUST00050,2024-08-21,Cash on Delivery,Delivered,99,1523.18,1622.18
ORD005016,CUST00113,2025-12-15,Credit Card,Delivered,0,12169.4,12169.4
ORD005017,CUST00361,2025-12-27,Debit Card,Delivered,49,2398.35,2447.35
ORD005018,CUST00447,2025-05-29,Debit Card,Delivered,79,600.22,679.22
ORD005019,CUST00024,2025-05-22,Credit Card,Delivered,0,4591.96,4591.96
ORD005020,CUST00502,2024-09-02,Wallet,Delivered,0,7963.67,7963.67
ORD005021,CUST00589,2024-09-02,Net Banking,Delivered,0,3206.7,3206.7
ORD005022,CUST00438,2025-09-06,Credit Card,Cancelled,0,4794.65,4794.65
ORD005023,CUST00221,2025-10-18,Debit Card,Delivered,0,3290.14,3290.14
ORD005024,CUST00018,2025-08-27,Credit Card,Delivered,0,29653.01,29653.01
ORD005025,CUST00439,2025-11-11,UPI,Delivered,99,2330.07,2429.07
ORD005026,CUST00072,2025-05-17,UPI,Delivered,99,2208.15,2307.15
ORD005027,CUST00211,2025-06-12,Credit Card,Delivered,0,22504.79,22504.79
ORD005028,CUST00021,2024-11-17,Credit Card,Cancelled,79,623.0,702.0
ORD005029,CUST00294,2024-08-26,UPI,Refunded,0,9171.98,9171.98
ORD005030,CUST00120,2025-05-18,UPI,Delivered,0,32406.81,32406.81
ORD005031,CUST00005,2024-12-27,Wallet,Delivered,0,3493.68,3493.68
ORD005032,CUST00558,2024-10-27,UPI,Delivered,0,12962.96,12962.96
ORD005033,CUST00050,2025-09-09,Credit Card,Delivered,0,5635.86,5635.86
ORD005034,CUST00349,2024-11-06,Credit Card,Delivered,0,11647.77,11647.77
ORD005035,CUST00313,2024-08-02,Credit Card,Delivered,79,2398.35,2477.35
ORD005036,CUST00237,2025-12-20,Credit Card,Delivered,0,5660.08,5660.08
ORD005037,CUST00067,2024-11-21,UPI,Delivered,0,6537.62,6537.62
ORD005038,CUST00324,2024-12-13,Credit Card,Delivered,0,3626.63,3626.63
ORD005039,CUST00329,2024-01-28,Net Banking,Delivered,0,9788.37,9788.37
ORD005040,CUST00231,2025-11-14,Debit Card,Delivered,0,4654.76,4654.76
ORD005041,CUST00041,2024-10-04,Credit Card,Returned,0,12997.16,12997.16
ORD005042,CUST00347,2024-08-29,Cash on Delivery,Delivered,0,5138.76,5138.76
ORD005043,CUST00050,2024-10-29,UPI,Delivered,0,3906.54,3906.54
ORD005044,CUST00329,2025-11-18,UPI,Delivered,0,3903.52,3903.52
ORD005045,CUST00052,2025-10-21,Wallet,Delivered,0,7796.18,7796.18
ORD005046,CUST00277,2025-10-03,Debit Card,Delivered,99,1158.24,1257.24
ORD005047,CUST00072,2024-11-15,Credit Card,Delivered,0,4273.58,4273.58
ORD005048,CUST00157,2025-09-04,UPI,Delivered,79,712.76,791.76
ORD005049,CUST00035,2025-08-25,Debit Card,Delivered,0,7427.15,7427.15
ORD005050,CUST00280,2025-07-02,UPI,Delivered,99,2398.35,2497.35
ORD005051,CUST00031,2025-11-25,Credit Card,Cancelled,0,8778.42,8778.42
ORD005052,CUST00072,2025-02-12,UPI,Delivered,0,6098.56,6098.56
ORD005053,CUST00005,2024-11-21,Credit Card,Delivered,0,3604.55,3604.55
ORD005054,CUST00342,2025-04-21,Cash on Delivery,Delivered,0,14388.76,14388.76
ORD005055,CUST00348,2024-01-02,UPI,Delivered,0,4449.21,4449.21
ORD005056,CUST00031,2024-06-09,Net Banking,Delivered,49,1490.86,1539.86
ORD005057,CUST00383,2025-09-14,Debit Card,Delivered,49,867.91,916.91
ORD005058,CUST00375,2025-08-20,Credit Card,Delivered,0,3581.29,3581.29
ORD005059,CUST00463,2024-10-17,UPI,Delivered,49,2350.0,2399.0
ORD005060,CUST00273,2025-04-26,Wallet,Delivered,0,6475.54,6475.54
ORD005061,CUST00068,2024-10-25,Debit Card,Delivered,0,5630.75,5630.75
ORD005062,CUST00453,2025-09-15,UPI,Delivered,0,3018.46,3018.46
ORD005063,CUST00299,2025-07-07,Credit Card,Delivered,79,579.12,658.12
ORD005064,CUST00274,2024-07-10,Credit Card,Returned,0,4665.93,4665.93
ORD005065,CUST00035,2025-08-14,Cash on Delivery,Delivered,0,3277.11,3277.11
ORD005066,CUST00184,2025-05-11,Credit Card,Returned,0,3507.54,3507.54
ORD005067,CUST00172,2025-04-29,UPI,Delivered,99,916.12,1015.12
ORD005068,CUST00072,2025-08-21,Net Banking,Delivered,79,1121.4,1200.4
ORD005069,CUST00502,2025-11-11,Debit Card,Delivered,79,916.12,995.12
ORD005070,CUST00277,2024-02-29,Credit Card,Delivered,0,7718.29,7718.29
ORD005071,CUST00304,2025-12-03,Net Banking,Delivered,0,2700.73,2700.73
ORD005072,CUST00434,2024-02-13,Credit Card,Delivered,79,657.82,736.82
ORD005073,CUST00172,2025-11-29,UPI,Delivered,79,1440.66,1519.66
ORD005074,CUST00061,2024-03-28,Cash on Delivery,Delivered,0,4051.57,4051.57
ORD005075,CUST00324,2024-10-18,UPI,Delivered,0,5311.32,5311.32
ORD005076,CUST00434,2024-12-24,UPI,Delivered,0,6468.53,6468.53
ORD005077,CUST00371,2025-12-03,Cash on Delivery,Delivered,0,10190.74,10190.74
ORD005078,CUST00588,2025-02-25,Debit Card,Delivered,0,9853.82,9853.82
ORD005079,CUST00486,2025-06-10,Credit Card,Delivered,79,2398.35,2477.35
ORD005080,CUST00286,2025-08-23,Credit Card,Delivered,0,9828.24,9828.24
ORD005081,CUST00465,2025-02-24,Debit Card,Delivered,0,5299.86,5299.86
ORD005082,CUST00448,2024-03-11,Cash on Delivery,Delivered,0,7766.33,7766.33
ORD005083,CUST00338,2025-10-07,Debit Card,Delivered,49,712.76,761.76
ORD005084,CUST00003,2025-09-12,Debit Card,Delivered,0,5878.46,5878.46
ORD005085,CUST00461,2025-02-01,Debit Card,Delivered,79,933.45,1012.45
ORD005086,CUST00474,2025-12-12,Debit Card,Delivered,0,3033.04,3033.04
ORD005087,CUST00005,2025-04-05,Credit Card,Delivered,0,12184.84,12184.84
ORD005088,CUST00463,2025-03-26,Debit Card,Delivered,49,2266.75,2315.75
ORD005089,CUST00068,2024-11-02,Net Banking,Delivered,0,4514.62,4514.62
ORD005090,CUST00357,2025-03-12,UPI,Delivered,0,8578.11,8578.11
ORD005091,CUST00099,2024-09-23,Net Banking,Cancelled,0,4916.05,4916.05
ORD005092,CUST00279,2025-10-16,Credit Card,Returned,0,4071.3,4071.3
ORD005093,CUST00582,2025-06-01,Debit Card,Delivered,49,560.7,609.7
ORD005094,CUST00010,2025-11-23,Cash on Delivery,Delivered,0,11833.78,11833.78
ORD005095,CUST00517,2024-09-05,UPI,Delivered,0,6208.15,6208.15
ORD005096,CUST00100,2025-10-03,Debit Card,Delivered,0,10924.94,10924.94
ORD005097,CUST00030,2024-11-17,Credit Card,Delivered,49,2299.69,2348.69
ORD005098,CUST00053,2024-10-19,UPI,Delivered,0,2593.02,2593.02
ORD005099,CUST00463,2025-08-28,Debit Card,Delivered,0,10272.52,10272.52
ORD005100,CUST00591,2025-12-09,Credit Card,Delivered,79,916.12,995.12
ORD005101,CUST00407,2024-09-14,UPI,Cancelled,0,5245.69,5245.69
ORD005102,CUST00277,2024-12-31,UPI,Cancelled,0,9467.24,9467.24
ORD005103,CUST00049,2025-12-02,Net Banking,Delivered,49,409.84,458.84
ORD005104,CUST00106,2025-01-04,Net Banking,Delivered,0,5281.89,5281.89
ORD005105,CUST00526,2025-02-13,Debit Card,Delivered,0,4586.84,4586.84
ORD005106,CUST00302,2025-08-15,UPI,Delivered,0,3806.76,3806.76
ORD005107,CUST00072,2024-11-04,Credit Card,Delivered,0,8254.78,8254.78
ORD005108,CUST00316,2025-03-18,Credit Card,Delivered,49,771.47,820.47
ORD005109,CUST00299,2025-06-18,UPI,Delivered,79,409.84,488.84
ORD005110,CUST00558,2024-10-23,Wallet,Delivered,0,12831.49,12831.49
ORD005111,CUST00166,2025-04-04,Credit Card,Delivered,79,712.76,791.76
ORD005112,CUST00313,2024-11-24,Credit Card,Delivered,99,2398.35,2497.35
ORD005113,CUST00243,2025-05-08,Debit Card,Delivered,0,2878.65,2878.65
ORD005114,CUST00061,2024-06-07,Credit Card,Delivered,99,2290.14,2389.14
ORD005115,CUST00279,2025-10-21,UPI,Delivered,0,18337.25,18337.25
ORD005116,CUST00370,2025-04-06,Wallet,Delivered,49,311.15,360.15
ORD005117,CUST00500,2025-07-14,Credit Card,Delivered,49,862.99,911.99
ORD005118,CUST00002,2025-06-06,Debit Card,Delivered,0,23552.84,23552.84
ORD005119,CUST00463,2024-01-31,Credit Card,Delivered,49,819.69,868.69
ORD005120,CUST00495,2025-09-02,Credit Card,Delivered,0,7685.84,7685.84
ORD005121,CUST00396,2024-12-20,Net Banking,Delivered,0,4249.06,4249.06
ORD005122,CUST00279,2025-10-25,UPI,Delivered,0,25508.78,25508.78
ORD005123,CUST00364,2025-06-18,UPI,Delivered,0,18904.03,18904.03
ORD005124,CUST00468,2025-01-02,Credit Card,Delivered,49,311.15,360.15
ORD005125,CUST00057,2024-08-19,UPI,Delivered,49,675.24,724.24
ORD005126,CUST00103,2025-11-28,Debit Card,Cancelled,99,591.85,690.85
ORD005127,CUST00279,2025-10-21,Cash on Delivery,Delivered,0,22253.17,22253.17
ORD005128,CUST00374,2025-09-08,Credit Card,Delivered,0,10401.97,10401.97
ORD005129,CUST00421,2024-08-01,Cash on Delivery,Delivered,0,8075.18,8075.18
ORD005130,CUST00505,2025-07-19,UPI,Delivered,0,8294.65,8294.65
ORD005131,CUST00434,2025-10-05,Cash on Delivery,Delivered,99,622.3,721.3
ORD005132,CUST00410,2025-08-04,Wallet,Delivered,0,5045.75,5045.75
ORD005133,CUST00371,2025-12-13,UPI,Delivered,0,3148.62,3148.62
ORD005134,CUST00237,2025-03-22,UPI,Delivered,0,10014.03,10014.03
ORD005135,CUST00376,2025-02-02,Credit Card,Delivered,0,3206.7,3206.7
ORD005136,CUST00236,2024-12-03,Debit Card,Delivered,0,21048.48,21048.48
ORD005137,CUST00080,2025-07-13,Debit Card,Delivered,0,3288.65,3288.65
ORD005138,CUST00502,2024-08-27,UPI,Delivered,99,1521.79,1620.79
ORD005139,CUST00328,2024-04-12,Credit Card,Returned,49,1658.9,1707.9
ORD005140,CUST00410,2025-03-18,Debit Card,Delivered,0,14742.36,14742.36
ORD005141,CUST00315,2025-07-11,Wallet,Delivered,0,8188.36,8188.36
ORD005142,CUST00035,2025-09-01,Cash on Delivery,Delivered,0,4077.2,4077.2
ORD005143,CUST00087,2025-10-02,Credit Card,Delivered,0,3592.9,3592.9
ORD005144,CUST00148,2025-08-27,Cash on Delivery,Delivered,99,750.27,849.27
ORD005145,CUST00130,2025-10-28,UPI,Delivered,99,2374.52,2473.52
ORD005146,CUST00245,2025-01-26,Wallet,Delivered,49,667.68,716.68
ORD005147,CUST00592,2024-11-20,Credit Card,Delivered,0,4944.41,4944.41
ORD005148,CUST00418,2025-03-31,Debit Card,Delivered,0,5975.84,5975.84
ORD005149,CUST00558,2025-04-30,UPI,Delivered,0,6670.11,6670.11
ORD005150,CUST00012,2025-07-23,Credit Card,Delivered,0,8889.49,8889.49
ORD005151,CUST00479,2024-11-15,Cash on Delivery,Delivered,0,3883.73,3883.73
ORD005152,CUST00102,2025-09-29,UPI,Cancelled,0,7574.66,7574.66
ORD005153,CUST00313,2024-04-23,Credit Card,Delivered,0,3247.54,3247.54
ORD005154,CUST00345,2024-07-13,Debit Card,Delivered,49,675.24,724.24
ORD005155,CUST00455,2025-12-13,UPI,Delivered,0,9782.35,9782.35
ORD005156,CUST00279,2025-10-21,UPI,Delivered,79,311.15,390.15
ORD005157,CUST00463,2025-11-01,Credit Card,Delivered,99,647.02,746.02
ORD005158,CUST00315,2025-03-11,Wallet,Cancelled,0,4749.04,4749.04
ORD005159,CUST00463,2024-01-20,Debit Card,Delivered,0,5949.05,5949.05
ORD005160,CUST00063,2024-08-14,UPI,Delivered,0,2784.36,2784.36
ORD005161,CUST00082,2025-11-18,UPI,Delivered,79,750.27,829.27
ORD005162,CUST00391,2025-05-28,UPI,Delivered,99,1380.78,1479.78
ORD005163,CUST00157,2024-06-04,Debit Card,Delivered,0,11477.84,11477.84
ORD005164,CUST00214,2024-10-06,Credit Card,Delivered,99,750.27,849.27
ORD005165,CUST00475,2025-01-27,Credit Card,Delivered,0,20502.48,20502.48
ORD005166,CUST00072,2025-05-18,Debit Card,Cancelled,49,591.18,640.18
ORD005167,CUST00028,2024-02-19,Credit Card,Cancelled,0,21064.68,21064.68
ORD005168,CUST00286,2025-09-01,UPI,Cancelled,0,8024.02,8024.02
ORD005169,CUST00558,2024-02-29,Credit Card,Delivered,79,1821.37,1900.37
ORD005170,CUST00328,2025-12-20,Credit Card,Delivered,0,2755.44,2755.44
ORD005171,CUST00506,2025-09-18,Cash on Delivery,Delivered,0,21820.88,21820.88
ORD005172,CUST00174,2025-04-02,Credit Card,Delivered,49,458.06,507.06
ORD005173,CUST00499,2024-12-08,UPI,Delivered,0,5141.82,5141.82
ORD005174,CUST00470,2024-11-23,Credit Card,Delivered,0,24208.39,24208.39
ORD005175,CUST00345,2024-09-30,UPI,Delivered,0,18343.96,18343.96
ORD005176,CUST00245,2025-12-29,UPI,Delivered,0,4061.73,4061.73
ORD005177,CUST00310,2025-05-18,Debit Card,Delivered,0,4205.88,4205.88
ORD005178,CUST00364,2025-08-31,Credit Card,Delivered,0,6622.92,6622.92
ORD005179,CUST00313,2025-05-24,Credit Card,Delivered,79,458.06,537.06
ORD005180,CUST00191,2025-10-25,Credit Card,Delivered,0,2671.74,2671.74
ORD005181,CUST00374,2025-08-12,Credit Card,Delivered,0,18807.78,18807.78
ORD005182,CUST00232,2024-12-09,Credit Card,Returned,0,5238.25,5238.25
ORD005183,CUST00420,2024-12-26,UPI,Delivered,79,973.31,1052.31
ORD005184,CUST00143,2024-09-09,Credit Card,Delivered,0,4914.12,4914.12
ORD005185,CUST00116,2025-03-24,UPI,Returned,99,2374.52,2473.52
ORD005186,CUST00385,2025-10-20,Credit Card,Delivered,0,4251.03,4251.03
ORD005187,CUST00176,2025-03-19,Wallet,Delivered,0,6455.3,6455.3
ORD005188,CUST00519,2024-02-14,Credit Card,Delivered,0,5776.16,5776.16
ORD005189,CUST00064,2024-03-04,Debit Card,Delivered,0,10714.85,10714.85
ORD005190,CUST00256,2025-05-09,UPI,Delivered,0,6820.0,6820.0
ORD005191,CUST00308,2025-03-26,Credit Card,Delivered,0,7986.89,7986.89
ORD005192,CUST00374,2025-08-16,UPI,Delivered,0,18744.9,18744.9
ORD005193,CUST00453,2024-11-17,Debit Card,Delivered,49,295.59,344.59
ORD005194,CUST00236,2024-11-23,UPI,Cancelled,0,4177.0,4177.0
ORD005195,CUST00408,2024-12-02,UPI,Delivered,0,5527.92,5527.92
ORD005196,CUST00573,2024-03-20,Debit Card,Delivered,0,4381.95,4381.95
ORD005197,CUST00326,2025-08-28,Credit Card,Delivered,99,1500.54,1599.54
ORD005198,CUST00035,2025-09-03,UPI,Refunded,0,11680.42,11680.42
ORD005199,CUST00536,2024-04-20,Net Banking,Cancelled,0,4957.11,4957.11
ORD005200,CUST00313,2024-12-17,Debit Card,Refunded,49,1821.37,1870.37
ORD005201,CUST00367,2025-12-07,UPI,Delivered,0,5362.18,5362.18
ORD005202,CUST00223,2024-12-19,Net Banking,Delivered,0,3929.46,3929.46
ORD005203,CUST00315,2025-12-31,UPI,Delivered,0,6968.17,6968.17
ORD005204,CUST00216,2025-11-29,Credit Card,Delivered,79,622.3,701.3
ORD005205,CUST00573,2024-12-18,UPI,Cancelled,49,1500.54,1549.54
ORD005206,CUST00480,2025-06-22,Debit Card,Returned,0,6115.79,6115.79
ORD005207,CUST00004,2024-08-10,Wallet,Delivered,0,4556.86,4556.86
ORD005208,CUST00304,2025-11-25,Debit Card,Returned,0,2579.04,2579.04
ORD005209,CUST00373,2024-12-06,UPI,Delivered,0,6282.03,6282.03
ORD005210,CUST00208,2025-05-16,Debit Card,Delivered,0,12296.21,12296.21
ORD005211,CUST00575,2024-12-19,Credit Card,Delivered,79,933.32,1012.32
ORD005212,CUST00434,2024-01-26,UPI,Cancelled,0,14790.67,14790.67
ORD005213,CUST00313,2024-05-11,Credit Card,Delivered,0,2871.85,2871.85
ORD005214,CUST00474,2025-10-08,Wallet,Cancelled,0,8154.48,8154.48
ORD005215,CUST00101,2025-11-02,Cash on Delivery,Delivered,0,6834.66,6834.66
ORD005216,CUST00193,2025-11-05,Cash on Delivery,Delivered,0,22374.67,22374.67
ORD005217,CUST00239,2025-06-10,UPI,Delivered,0,3898.89,3898.89
ORD005218,CUST00534,2024-11-05,Credit Card,Delivered,0,6159.55,6159.55
ORD005219,CUST00284,2024-06-05,Wallet,Delivered,0,7803.72,7803.72
ORD005220,CUST00102,2025-08-29,Credit Card,Refunded,79,2137.07,2216.07
ORD005221,CUST00454,2025-10-19,Credit Card,Delivered,0,4796.7,4796.7
ORD005222,CUST00434,2025-04-02,UPI,Delivered,99,458.06,557.06
ORD005223,CUST00058,2025-04-17,Credit Card,Returned,79,482.17,561.17
ORD005224,CUST00365,2024-11-10,UPI,Delivered,0,7103.59,7103.59
ORD005225,CUST00376,2025-02-04,UPI,Returned,49,409.84,458.84
ORD005226,CUST00252,2025-03-01,UPI,Delivered,0,4226.89,4226.89
ORD005227,CUST00170,2025-10-09,UPI,Delivered,49,2330.07,2379.07
ORD005228,CUST00039,2025-06-03,Credit Card,Returned,0,5857.07,5857.07
ORD005229,CUST00313,2025-07-11,UPI,Delivered,0,5340.89,5340.89
ORD005230,CUST00504,2024-01-02,Net Banking,Delivered,0,18128.9,18128.9
ORD005231,CUST00221,2025-11-30,Net Banking,Delivered,0,11826.14,11826.14
ORD005232,CUST00203,2024-05-13,Debit Card,Delivered,0,23600.97,23600.97
ORD005233,CUST00240,2025-10-16,Credit Card,Delivered,0,5942.02,5942.02
ORD005234,CUST00137,2025-03-06,Cash on Delivery,Delivered,79,2018.34,2097.34
ORD005235,CUST00434,2025-01-28,Net Banking,Delivered,0,4273.58,4273.58
ORD005236,CUST00167,2025-10-24,Cash on Delivery,Delivered,99,403.83,502.83
ORD005237,CUST00365,2024-10-30,UPI,Delivered,0,4678.61,4678.61
ORD005238,CUST00449,2024-12-26,UPI,Delivered,79,2018.34,2097.34
ORD005239,CUST00254,2024-12-23,Net Banking,Returned,0,8345.14,8345.14
ORD005240,CUST00020,2024-07-21,Credit Card,Delivered,0,8884.64,8884.64
ORD005241,CUST00480,2025-06-23,Credit Card,Delivered,49,498.4,547.4
ORD005242,CUST00039,2025-05-31,Credit Card,Delivered,0,6395.82,6395.82
ORD005243,CUST00441,2024-12-18,Net Banking,Returned,79,1350.49,1429.49
ORD005244,CUST00020,2024-04-11,UPI,Delivered,0,30869.06,30869.06
ORD005245,CUST00024,2024-09-05,Credit Card,Delivered,79,2121.85,2200.85
ORD005246,CUST00299,2024-12-08,Credit Card,Delivered,99,425.08,524.08
ORD005247,CUST00396,2025-11-21,Debit Card,Cancelled,0,6834.66,6834.66
ORD005248,CUST00273,2024-10-18,Net Banking,Delivered,49,750.27,799.27
ORD005249,CUST00010,2025-05-25,Cash on Delivery,Delivered,99,1250.54,1349.54
ORD005250,CUST00367,2024-12-30,Credit Card,Delivered,0,9993.58,9993.58
ORD005251,CUST00578,2024-03-20,UPI,Delivered,0,4667.32,4667.32
ORD005252,CUST00434,2024-10-24,Credit Card,Cancelled,0,9560.38,9560.38
ORD005253,CUST00043,2024-10-10,Debit Card,Delivered,0,11455.29,11455.29
ORD005254,CUST00517,2024-12-20,UPI,Delivered,0,10668.12,10668.12
ORD005255,CUST00236,2024-11-24,Debit Card,Delivered,0,21957.09,21957.09
ORD005256,CUST00252,2024-11-19,Credit Card,Cancelled,0,7742.74,7742.74
ORD005257,CUST00476,2024-10-21,UPI,Delivered,49,1232.44,1281.44
ORD005258,CUST00434,2025-06-10,Cash on Delivery,Delivered,0,4150.07,4150.07
ORD005259,CUST00204,2025-05-04,Credit Card,Delivered,49,497.84,546.84
ORD005260,CUST00374,2025-09-07,UPI,Delivered,0,5664.39,5664.39
ORD005261,CUST00075,2024-10-18,Wallet,Returned,0,5311.32,5311.32
ORD005262,CUST00373,2025-11-01,Debit Card,Delivered,79,2270.62,2349.62
ORD005263,CUST00004,2024-07-30,Debit Card,Delivered,0,4668.41,4668.41
ORD005264,CUST00526,2024-01-24,Debit Card,Delivered,79,1282.68,1361.68
ORD005265,CUST00445,2024-06-08,Credit Card,Delivered,0,3142.61,3142.61
ORD005266,CUST00279,2025-10-24,Credit Card,Delivered,0,4185.64,4185.64
ORD005267,CUST00317,2025-12-15,UPI,Returned,0,3775.72,3775.72
ORD005268,CUST00248,2024-12-07,UPI,Delivered,0,4375.72,4375.72
ORD005269,CUST00396,2025-01-21,Wallet,Delivered,99,2374.52,2473.52
ORD005270,CUST00309,2024-08-13,UPI,Delivered,0,6496.58,6496.58
ORD005271,CUST00482,2025-08-28,Wallet,Cancelled,79,385.74,464.74
ORD005272,CUST00285,2025-05-19,Cash on Delivery,Delivered,0,3992.31,3992.31
ORD005273,CUST00573,2025-05-29,UPI,Delivered,0,8584.3,8584.3
ORD005274,CUST00425,2025-10-16,Debit Card,Cancelled,0,5224.35,5224.35
ORD005275,CUST00167,2025-10-28,UPI,Cancelled,99,425.08,524.08
ORD005276,CUST00014,2025-11-21,Credit Card,Returned,0,9910.7,9910.7
ORD005277,CUST00463,2025-05-31,Debit Card,Delivered,49,657.82,706.82
ORD005278,CUST00405,2024-11-24,Credit Card,Delivered,0,3154.58,3154.58
ORD005279,CUST00558,2025-12-01,UPI,Delivered,0,2715.6,2715.6
ORD005280,CUST00147,2024-04-18,Cash on Delivery,Delivered,0,4436.44,4436.44
ORD005281,CUST00404,2025-05-08,Credit Card,Returned,49,2278.43,2327.43
ORD005282,CUST00221,2025-10-28,Cash on Delivery,Delivered,0,4147.26,4147.26
ORD005283,CUST00072,2024-10-22,Credit Card,Delivered,0,5949.05,5949.05
ORD005284,CUST00326,2025-12-20,Net Banking,Delivered,0,6106.95,6106.95
ORD005285,CUST00420,2025-07-11,Debit Card,Delivered,79,560.7,639.7
ORD005286,CUST00549,2025-09-11,UPI,Delivered,0,6411.2,6411.2
ORD005287,CUST00445,2024-06-26,Credit Card,Delivered,49,1958.6,2007.6
ORD005288,CUST00572,2024-12-29,UPI,Delivered,99,482.17,581.17
ORD005289,CUST00157,2024-06-17,Cash on Delivery,Refunded,49,1350.49,1399.49
ORD005290,CUST00434,2025-01-22,Debit Card,Delivered,99,2054.77,2153.77
ORD005291,CUST00414,2025-12-21,Credit Card,Delivered,0,9085.28,9085.28
ORD005292,CUST00568,2024-11-24,Debit Card,Delivered,0,8697.36,8697.36
ORD005293,CUST00396,2024-11-18,Cash on Delivery,Delivered,0,4036.68,4036.68
ORD005294,CUST00173,2025-11-28,UPI,Returned,0,8330.85,8330.85
ORD005295,CUST00279,2025-10-02,UPI,Delivered,79,264.48,343.48
ORD005296,CUST00242,2024-09-08,Wallet,Refunded,49,1395.92,1444.92
ORD005297,CUST00562,2024-11-02,UPI,Delivered,0,11456.24,11456.24
ORD005298,CUST00168,2025-11-23,UPI,Delivered,0,4664.95,4664.95
ORD005299,CUST00286,2025-09-05,Debit Card,Returned,0,3773.68,3773.68
ORD005300,CUST00308,2025-09-11,Credit Card,Delivered,0,3418.86,3418.86
ORD005301,CUST00236,2024-12-20,Credit Card,Delivered,0,2535.82,2535.82
ORD005302,CUST00466,2025-03-16,Debit Card,Refunded,0,7654.35,7654.35
ORD005303,CUST00240,2025-11-01,UPI,Delivered,49,2374.52,2423.52
ORD005304,CUST00573,2024-12-27,Net Banking,Refunded,0,9029.24,9029.24
ORD005305,CUST00245,2025-05-05,Net Banking,Delivered,0,12547.3,12547.3
ORD005306,CUST00072,2024-11-09,UPI,Delivered,99,1362.14,1461.14
ORD005307,CUST00448,2025-12-16,Cash on Delivery,Delivered,0,13020.99,13020.99
ORD005308,CUST00025,2024-10-03,UPI,Delivered,49,1666.39,1715.39
ORD005309,CUST00247,2024-12-18,Credit Card,Delivered,49,681.07,730.07
ORD005310,CUST00346,2025-07-26,UPI,Delivered,0,3799.23,3799.23
ORD005311,CUST00285,2025-06-03,Credit Card,Cancelled,0,2978.99,2978.99
ORD005312,CUST00304,2024-02-27,UPI,Delivered,0,2985.33,2985.33
ORD005313,CUST00086,2025-05-27,Debit Card,Delivered,79,529.55,608.55
ORD005314,CUST00226,2024-10-25,UPI,Delivered,99,1573.97,1672.97
ORD005315,CUST00382,2024-09-11,Net Banking,Delivered,99,458.06,557.06
ORD005316,CUST00382,2024-03-26,Credit Card,Delivered,0,8760.34,8760.34
ORD005317,CUST00347,2024-06-27,UPI,Cancelled,0,16711.72,16711.72
ORD005318,CUST00072,2024-10-28,Credit Card,Delivered,0,8925.9,8925.9
ORD005319,CUST00445,2025-12-15,UPI,Returned,79,867.91,946.91
ORD005320,CUST00391,2025-11-19,UPI,Delivered,0,4556.86,4556.86
ORD005321,CUST00209,2024-11-24,UPI,Delivered,0,3624.78,3624.78
ORD005322,CUST00221,2025-12-28,Net Banking,Delivered,0,6892.9,6892.9
ORD005323,CUST00303,2025-11-11,UPI,Delivered,0,11786.86,11786.86
ORD005324,CUST00251,2024-08-20,Debit Card,Delivered,0,2759.37,2759.37
ORD005325,CUST00141,2024-08-26,Debit Card,Cancelled,0,6013.29,6013.29
ORD005326,CUST00119,2025-08-14,Credit Card,Delivered,0,11742.01,11742.01
ORD005327,CUST00068,2025-10-30,Net Banking,Delivered,0,12107.9,12107.9
ORD005328,CUST00072,2024-11-14,UPI,Delivered,0,4317.03,4317.03
ORD005329,CUST00421,2024-01-12,Cash on Delivery,Delivered,0,16836.99,16836.99
ORD005330,CUST00396,2025-12-18,UPI,Delivered,79,2073.63,2152.63
ORD005331,CUST00405,2025-08-08,Net Banking,Delivered,0,3450.65,3450.65
ORD005332,CUST00072,2025-05-28,Debit Card,Delivered,0,3744.9,3744.9
ORD005333,CUST00245,2025-04-12,Credit Card,Cancelled,0,9110.15,9110.15
ORD005334,CUST00286,2025-09-06,Debit Card,Delivered,0,7195.05,7195.05
ORD005335,CUST00050,2025-11-30,Debit Card,Delivered,0,16216.09,16216.09
ORD005336,CUST00532,2025-10-12,Credit Card,Delivered,0,3211.51,3211.51
ORD005337,CUST00329,2025-12-25,UPI,Delivered,49,2324.7,2373.7
ORD005338,CUST00518,2025-04-03,Cash on Delivery,Returned,99,1725.98,1824.98
ORD005339,CUST00315,2024-05-08,UPI,Delivered,79,1246.0,1325.0
ORD005340,CUST00518,2024-07-23,UPI,Delivered,99,1160.04,1259.04
ORD005341,CUST00038,2025-11-03,Credit Card,Delivered,0,5311.32,5311.32
ORD005342,CUST00232,2024-03-13,UPI,Delivered,0,2629.64,2629.64
ORD005343,CUST00463,2024-01-16,UPI,Delivered,0,7032.01,7032.01
ORD005344,CUST00102,2025-12-25,Wallet,Delivered,0,5414.63,5414.63
ORD005345,CUST00184,2025-08-14,Credit Card,Returned,0,3120.69,3120.69
ORD005346,CUST00141,2024-06-14,Cash on Delivery,Delivered,49,2255.79,2304.79
ORD005347,CUST00219,2025-01-10,Wallet,Delivered,0,7898.33,7898.33
ORD005348,CUST00072,2025-09-29,Credit Card,Delivered,0,15957.37,15957.37
ORD005349,CUST00363,2024-10-01,UPI,Delivered,0,23846.61,23846.61
ORD005350,CUST00313,2024-12-11,Debit Card,Delivered,0,13828.26,13828.26
ORD005351,CUST00212,2025-10-07,UPI,Delivered,0,2518.9,2518.9
ORD005352,CUST00468,2025-02-08,UPI,Delivered,0,9171.98,9171.98
ORD005353,CUST00463,2024-09-25,Credit Card,Delivered,49,850.16,899.16
ORD005354,CUST00382,2025-11-15,UPI,Delivered,0,26140.14,26140.14
ORD005355,CUST00293,2025-11-06,UPI,Cancelled,0,7192.09,7192.09
ORD005356,CUST00549,2025-09-09,UPI,Delivered,79,1395.82,1474.82
ORD005357,CUST00434,2024-12-14,UPI,Delivered,79,1100.33,1179.33
ORD005358,CUST00035,2025-08-22,Wallet,Delivered,0,4536.99,4536.99
ORD005359,CUST00434,2025-05-27,Cash on Delivery,Returned,0,16991.76,16991.76
ORD005360,CUST00152,2024-04-19,Debit Card,Returned,0,36098.14,36098.14
ORD005361,CUST00576,2024-01-10,Debit Card,Refunded,0,7181.14,7181.14
ORD005362,CUST00581,2025-04-01,Wallet,Delivered,0,11437.41,11437.41
ORD005363,CUST00575,2025-04-09,Debit Card,Returned,0,10965.36,10965.36
ORD005364,CUST00226,2025-11-27,Credit Card,Returned,0,13064.08,13064.08
ORD005365,CUST00396,2025-12-31,UPI,Delivered,79,2374.52,2453.52
ORD005366,CUST00558,2024-03-18,Credit Card,Delivered,99,690.39,789.39
ORD005367,CUST00112,2025-10-20,Debit Card,Delivered,0,5548.24,5548.24
ORD005368,CUST00125,2024-11-19,UPI,Returned,0,12250.8,12250.8
ORD005369,CUST00286,2025-09-01,Debit Card,Delivered,79,458.06,537.06
ORD005370,CUST00359,2025-12-05,Net Banking,Delivered,0,7630.46,7630.46
ORD005371,CUST00484,2024-11-22,UPI,Delivered,0,3087.28,3087.28
ORD005372,CUST00184,2025-02-13,UPI,Delivered,0,13586.1,13586.1
ORD005373,CUST00279,2025-11-05,Debit Card,Delivered,99,1158.24,1257.24
ORD005374,CUST00031,2025-05-20,Debit Card,Returned,79,2038.6,2117.6
ORD005375,CUST00598,2025-12-13,Wallet,Delivered,0,8087.9,8087.9
ORD005376,CUST00041,2025-02-15,Credit Card,Returned,99,771.47,870.47
ORD005377,CUST00230,2024-12-01,UPI,Delivered,79,793.32,872.32
ORD005378,CUST00434,2024-08-12,Wallet,Delivered,0,4012.02,4012.02
ORD005379,CUST00479,2025-08-25,Cash on Delivery,Delivered,79,623.0,702.0
ORD005380,CUST00512,2025-10-15,UPI,Delivered,0,7194.38,7194.38
ORD005381,CUST00057,2025-03-17,Debit Card,Returned,0,5605.82,5605.82
ORD005382,CUST00024,2025-11-16,UPI,Delivered,49,1494.98,1543.98
ORD005383,CUST00345,2024-04-18,UPI,Returned,49,458.06,507.06
ORD005384,CUST00573,2025-03-28,Cash on Delivery,Delivered,0,14549.59,14549.59
ORD005385,CUST00174,2025-08-27,Credit Card,Delivered,99,1899.62,1998.62
ORD005386,CUST00420,2025-04-20,Debit Card,Delivered,99,458.06,557.06
ORD005387,CUST00573,2025-01-14,Debit Card,Delivered,0,13119.09,13119.09
ORD005388,CUST00007,2024-08-22,Wallet,Delivered,0,24764.02,24764.02
ORD005389,CUST00279,2025-10-04,Credit Card,Delivered,99,1908.84,2007.84
ORD005390,CUST00279,2025-12-28,Wallet,Delivered,0,4734.28,4734.28
ORD005391,CUST00438,2024-07-12,UPI,Delivered,79,2040.88,2119.88
ORD005392,CUST00209,2024-10-31,UPI,Returned,0,8272.95,8272.95
ORD005393,CUST00453,2025-12-14,Credit Card,Delivered,99,1056.95,1155.95
ORD005394,CUST00179,2025-04-07,UPI,Delivered,49,2374.52,2423.52
ORD005395,CUST00434,2024-05-19,UPI,Delivered,0,4904.88,4904.88
ORD005396,CUST00248,2025-11-04,UPI,Returned,0,8226.93,8226.93
ORD005397,CUST00439,2024-07-26,Credit Card,Delivered,0,12368.85,12368.85
ORD005398,CUST00593,2024-02-12,Net Banking,Delivered,99,1988.25,2087.25
ORD005399,CUST00584,2024-10-12,Debit Card,Delivered,0,6326.37,6326.37
ORD005400,CUST00072,2024-11-16,UPI,Returned,49,2278.43,2327.43
ORD005401,CUST00408,2025-02-04,Net Banking,Delivered,0,5311.32,5311.32
ORD005402,CUST00270,2024-09-20,Net Banking,Returned,0,9981.35,9981.35
ORD005403,CUST00507,2025-10-17,Cash on Delivery,Delivered,79,862.99,941.99
ORD005404,CUST00573,2024-03-14,Net Banking,Delivered,0,3488.85,3488.85
ORD005405,CUST00254,2025-06-18,UPI,Delivered,0,8727.2,8727.2
ORD005406,CUST00558,2025-10-01,UPI,Delivered,0,19559.54,19559.54
ORD005407,CUST00090,2025-09-24,UPI,Delivered,0,3327.01,3327.01
ORD005408,CUST00579,2024-12-19,Credit Card,Delivered,0,9120.54,9120.54
ORD005409,CUST00349,2024-02-23,Credit Card,Delivered,0,11669.54,11669.54
ORD005410,CUST00558,2025-09-27,Credit Card,Cancelled,99,2084.83,2183.83
ORD005411,CUST00465,2025-03-11,UPI,Delivered,0,5616.54,5616.54
ORD005412,CUST00309,2025-11-28,Credit Card,Delivered,99,2307.72,2406.72
ORD005413,CUST00390,2025-12-28,Debit Card,Returned,49,2255.79,2304.79
ORD005414,CUST00131,2024-11-15,Credit Card,Delivered,0,3340.76,3340.76
ORD005415,CUST00030,2024-11-13,Wallet,Delivered,79,2255.79,2334.79
ORD005416,CUST00286,2025-08-26,UPI,Delivered,49,482.17,531.17
ORD005417,CUST00209,2024-11-11,UPI,Delivered,0,44611.61,44611.61
ORD005418,CUST00425,2024-05-11,Wallet,Delivered,0,2595.13,2595.13
ORD005419,CUST00049,2024-12-05,UPI,Delivered,0,8759.91,8759.91
ORD005420,CUST00463,2024-07-03,Wallet,Delivered,0,15933.96,15933.96
ORD005421,CUST00278,2024-07-10,Credit Card,Delivered,0,7119.38,7119.38
ORD005422,CUST00445,2024-05-23,Debit Card,Delivered,79,964.34,1043.34
ORD005423,CUST00138,2024-02-21,UPI,Delivered,49,1157.82,1206.82
ORD005424,CUST00169,2024-03-03,Credit Card,Returned,79,1228.28,1307.28
ORD005425,CUST00223,2024-12-21,Net Banking,Delivered,0,5949.64,5949.64
ORD005426,CUST00010,2025-02-13,Net Banking,Delivered,79,1478.08,1557.08
ORD005427,CUST00279,2025-10-05,UPI,Delivered,0,4056.29,4056.29
ORD005428,CUST00035,2025-08-07,Cash on Delivery,Delivered,99,2374.52,2473.52
ORD005429,CUST00229,2024-02-17,Net Banking,Delivered,0,6735.79,6735.79
ORD005430,CUST00502,2024-10-06,Net Banking,Returned,79,2255.79,2334.79
ORD005431,CUST00243,2025-05-14,Credit Card,Cancelled,49,433.95,482.95
ORD005432,CUST00073,2025-05-19,Cash on Delivery,Delivered,0,7713.37,7713.37
ORD005433,CUST00558,2024-05-09,Cash on Delivery,Delivered,0,8877.78,8877.78
ORD005434,CUST00253,2024-09-02,Debit Card,Delivered,0,22418.67,22418.67
ORD005435,CUST00558,2025-05-31,Credit Card,Delivered,0,10390.94,10390.94
ORD005436,CUST00172,2024-07-14,Cash on Delivery,Delivered,0,4177.0,4177.0
ORD005437,CUST00598,2025-07-03,Debit Card,Delivered,99,433.95,532.95
ORD005438,CUST00390,2024-01-21,UPI,Delivered,0,35246.5,35246.5
ORD005439,CUST00559,2025-11-30,Credit Card,Delivered,0,7442.97,7442.97
ORD005440,CUST00221,2025-08-31,Credit Card,Delivered,99,2398.35,2497.35
ORD005441,CUST00093,2024-07-28,Cash on Delivery,Delivered,79,2374.52,2453.52
ORD005442,CUST00042,2024-11-08,Credit Card,Delivered,99,1862.56,1961.56
ORD005443,CUST00313,2025-10-03,Credit Card,Delivered,0,5788.99,5788.99
ORD005444,CUST00358,2024-02-16,Debit Card,Delivered,0,8844.08,8844.08
ORD005445,CUST00216,2024-08-15,Credit Card,Delivered,0,8081.9,8081.9
ORD005446,CUST00153,2025-12-26,Credit Card,Delivered,0,6617.5,6617.5
ORD005447,CUST00401,2025-10-07,Debit Card,Delivered,99,1087.82,1186.82
ORD005448,CUST00053,2025-11-26,UPI,Delivered,0,18342.88,18342.88
ORD005449,CUST00276,2024-03-03,UPI,Delivered,0,8846.63,8846.63
ORD005450,CUST00021,2024-11-20,Credit Card,Delivered,49,1603.35,1652.35
ORD005451,CUST00451,2024-05-19,Wallet,Delivered,49,675.24,724.24
ORD005452,CUST00453,2024-05-22,Debit Card,Cancelled,0,7056.91,7056.91
ORD005453,CUST00313,2024-01-31,Credit Card,Delivered,0,16362.42,16362.42
ORD005454,CUST00060,2024-12-25,Debit Card,Returned,0,6519.7,6519.7
ORD005455,CUST00035,2025-08-11,Wallet,Delivered,99,2299.69,2398.69
ORD005456,CUST00211,2025-06-15,UPI,Returned,79,712.76,791.76
ORD005457,CUST00496,2025-05-15,UPI,Delivered,49,2385.59,2434.59
ORD005458,CUST00494,2024-10-08,Credit Card,Cancelled,79,2018.34,2097.34
ORD005459,CUST00352,2025-08-16,Credit Card,Returned,0,9650.22,9650.22
ORD005460,CUST00446,2025-10-31,Wallet,Delivered,79,482.17,561.17
ORD005461,CUST00251,2024-05-21,Debit Card,Returned,79,2137.07,2216.07
ORD005462,CUST00305,2025-12-04,Debit Card,Delivered,0,4957.06,4957.06
ORD005463,CUST00277,2025-11-22,Cash on Delivery,Delivered,49,560.07,609.07
ORD005464,CUST00595,2024-10-11,Net Banking,Delivered,0,9882.3,9882.3
ORD005465,CUST00463,2024-12-29,Net Banking,Cancelled,0,29554.54,29554.54
ORD005466,CUST00396,2024-11-10,Debit Card,Delivered,0,10579.19,10579.19
ORD005467,CUST00119,2024-01-03,UPI,Delivered,0,10328.12,10328.12
ORD005468,CUST00284,2025-12-02,Debit Card,Returned,79,2278.43,2357.43
ORD005469,CUST00122,2025-10-15,UPI,Delivered,0,14646.03,14646.03
ORD005470,CUST00559,2025-03-20,UPI,Delivered,49,2374.52,2423.52
ORD005471,CUST00313,2025-11-12,Wallet,Delivered,99,1591.36,1690.36
ORD005472,CUST00157,2025-07-31,Debit Card,Delivered,49,311.15,360.15
ORD005473,CUST00423,2025-10-30,UPI,Delivered,0,22791.68,22791.68
ORD005474,CUST00041,2024-10-13,UPI,Delivered,0,6455.43,6455.43
ORD005475,CUST00061,2025-11-06,UPI,Delivered,0,11550.33,11550.33
ORD005476,CUST00299,2024-02-09,UPI,Delivered,0,4772.1,4772.1
ORD005477,CUST00266,2025-11-20,Wallet,Delivered,0,5197.77,5197.77
ORD005478,CUST00045,2024-11-05,Debit Card,Refunded,0,9148.6,9148.6
ORD005479,CUST00279,2025-12-18,Cash on Delivery,Delivered,0,18155.13,18155.13
ORD005480,CUST00329,2025-11-17,UPI,Returned,0,16696.16,16696.16
ORD005481,CUST00053,2024-10-12,Credit Card,Cancelled,0,12536.15,12536.15
ORD005482,CUST00585,2024-11-02,Credit Card,Delivered,0,9171.98,9171.98
ORD005483,CUST00038,2025-12-27,Debit Card,Delivered,0,17140.71,17140.71
ORD005484,CUST00162,2025-08-04,Cash on Delivery,Delivered,0,19289.32,19289.32
ORD005485,CUST00465,2025-06-04,UPI,Delivered,0,3404.46,3404.46
ORD005486,CUST00502,2025-12-07,Credit Card,Delivered,79,750.27,829.27
ORD005487,CUST00409,2024-07-13,Credit Card,Delivered,0,10275.37,10275.37
ORD005488,CUST00248,2024-09-09,Credit Card,Delivered,99,458.06,557.06
ORD005489,CUST00597,2025-12-11,Credit Card,Delivered,79,1443.02,1522.02
ORD005490,CUST00249,2025-03-21,Credit Card,Delivered,49,2398.35,2447.35
ORD005491,CUST00195,2025-11-15,Wallet,Delivered,0,4780.19,4780.19
ORD005492,CUST00379,2024-12-09,Debit Card,Delivered,0,2636.32,2636.32
ORD005493,CUST00196,2025-07-24,Credit Card,Delivered,79,1714.61,1793.61
ORD005494,CUST00326,2025-01-22,UPI,Delivered,0,16941.51,16941.51
ORD005495,CUST00052,2025-11-14,Credit Card,Delivered,0,9171.98,9171.98
ORD005496,CUST00310,2024-10-06,Credit Card,Delivered,79,591.85,670.85
ORD005497,CUST00277,2025-10-19,Cash on Delivery,Refunded,0,4382.22,4382.22
ORD005498,CUST00417,2025-05-24,Credit Card,Returned,99,1229.53,1328.53
ORD005499,CUST00313,2024-11-02,Wallet,Delivered,0,3901.03,3901.03
ORD005500,CUST00148,2025-07-16,Credit Card,Delivered,49,433.95,482.95
ORD005501,CUST00216,2025-03-07,Credit Card,Cancelled,0,2725.7,2725.7
ORD005502,CUST00467,2025-04-24,UPI,Delivered,0,10058.76,10058.76
ORD005503,CUST00326,2025-02-23,UPI,Delivered,79,2374.52,2453.52
ORD005504,CUST00201,2025-07-10,UPI,Delivered,99,637.73,736.73
ORD005505,CUST00473,2025-03-28,Net Banking,Delivered,49,560.7,609.7
ORD005506,CUST00072,2024-11-02,Credit Card,Delivered,49,2158.52,2207.52
ORD005507,CUST00269,2025-12-30,Cash on Delivery,Delivered,0,15583.79,15583.79
ORD005508,CUST00286,2025-08-20,UPI,Delivered,0,2583.6,2583.6
ORD005509,CUST00241,2025-12-31,UPI,Delivered,0,17990.72,17990.72
ORD005510,CUST00299,2025-06-30,Credit Card,Returned,0,2832.3,2832.3
ORD005511,CUST00329,2025-09-13,UPI,Delivered,49,637.73,686.73
ORD005512,CUST00096,2025-12-07,Cash on Delivery,Delivered,49,2038.6,2087.6
ORD005513,CUST00053,2024-08-10,UPI,Delivered,0,11786.77,11786.77
ORD005514,CUST00248,2024-07-18,Debit Card,Delivered,79,1021.34,1100.34
ORD005515,CUST00142,2025-08-11,Debit Card,Delivered,0,12821.01,12821.01
ORD005516,CUST00585,2025-12-05,Net Banking,Delivered,0,5937.76,5937.76
ORD005517,CUST00421,2024-11-08,Credit Card,Delivered,0,5607.75,5607.75
ORD005518,CUST00236,2024-11-29,Debit Card,Cancelled,0,2880.52,2880.52
ORD005519,CUST00347,2024-06-26,Wallet,Delivered,0,8518.94,8518.94
ORD005520,CUST00519,2025-10-18,Credit Card,Delivered,99,1082.39,1181.39
ORD005521,CUST00559,2025-03-26,Debit Card,Delivered,0,20838.6,20838.6
ORD005522,CUST00453,2025-07-18,Credit Card,Delivered,49,1725.98,1774.98
ORD005523,CUST00416,2025-11-05,Credit Card,Delivered,99,1478.08,1577.08
ORD005524,CUST00328,2025-03-22,Wallet,Delivered,0,10131.5,10131.5
ORD005525,CUST00249,2024-02-29,UPI,Cancelled,0,2914.27,2914.27
ORD005526,CUST00526,2025-12-17,UPI,Delivered,0,9471.88,9471.88
ORD005527,CUST00558,2025-01-20,Credit Card,Refunded,0,8396.62,8396.62
ORD005528,CUST00090,2025-11-01,Credit Card,Delivered,0,3314.24,3314.24
ORD005529,CUST00549,2025-09-16,Debit Card,Delivered,99,2308.3,2407.3
ORD005530,CUST00249,2025-12-30,Credit Card,Delivered,99,2374.52,2473.52
ORD005531,CUST00573,2024-04-16,UPI,Returned,99,2018.34,2117.34
ORD005532,CUST00278,2024-07-29,Credit Card,Returned,79,2374.52,2453.52
ORD005533,CUST00463,2024-09-15,UPI,Delivered,0,4461.91,4461.91
ORD005534,CUST00595,2025-05-05,UPI,Returned,0,14558.72,14558.72
ORD005535,CUST00027,2024-12-06,Credit Card,Returned,0,8720.02,8720.02
ORD005536,CUST00045,2024-11-03,Credit Card,Refunded,0,4707.53,4707.53
ORD005537,CUST00162,2025-07-25,Credit Card,Delivered,99,2183.6,2282.6
ORD005538,CUST00135,2025-07-02,UPI,Delivered,0,8010.56,8010.56
ORD005539,CUST00116,2024-03-31,UPI,Delivered,79,2389.67,2468.67
ORD005540,CUST00362,2024-10-24,Net Banking,Delivered,0,5756.04,5756.04
ORD005541,CUST00408,2024-10-04,Credit Card,Refunded,0,12283.75,12283.75
ORD005542,CUST00157,2025-08-11,Cash on Delivery,Delivered,49,2158.52,2207.52
ORD005543,CUST00063,2025-09-19,UPI,Returned,99,1469.28,1568.28
ORD005544,CUST00466,2025-08-12,Net Banking,Delivered,0,9541.06,9541.06
ORD005545,CUST00555,2025-12-17,Credit Card,Cancelled,0,6347.44,6347.44
ORD005546,CUST00424,2025-07-18,Debit Card,Delivered,99,433.95,532.95
ORD005547,CUST00530,2025-01-18,UPI,Delivered,0,5045.75,5045.75
ORD005548,CUST00027,2025-04-02,Debit Card,Delivered,49,2065.84,2114.84
ORD005549,CUST00269,2025-11-07,UPI,Refunded,0,6129.46,6129.46
ORD005550,CUST00130,2025-12-17,Credit Card,Delivered,0,11004.09,11004.09
ORD005551,CUST00299,2025-11-04,Credit Card,Refunded,79,1627.75,1706.75
ORD005552,CUST00382,2024-05-18,Cash on Delivery,Delivered,49,2255.79,2304.79
ORD005553,CUST00309,2024-12-11,UPI,Delivered,0,2535.82,2535.82
ORD005554,CUST00378,2025-06-08,Cash on Delivery,Delivered,79,382.57,461.57
ORD005555,CUST00338,2025-05-04,Credit Card,Delivered,99,1906.79,2005.79
ORD005556,CUST00513,2025-10-22,Cash on Delivery,Returned,0,4796.7,4796.7
ORD005557,CUST00117,2025-08-27,UPI,Delivered,0,6112.81,6112.81
ORD005558,CUST00210,2024-12-31,UPI,Delivered,0,15187.54,15187.54
ORD005559,CUST00236,2024-12-10,Wallet,Delivered,0,9959.87,9959.87
ORD005560,CUST00526,2025-04-30,Debit Card,Delivered,0,13020.99,13020.99
ORD005561,CUST00558,2025-05-07,Credit Card,Delivered,0,10584.29,10584.29
ORD005562,CUST00299,2024-05-20,Credit Card,Delivered,0,7337.58,7337.58
ORD005563,CUST00014,2025-10-30,Cash on Delivery,Delivered,0,4185.64,4185.64
ORD005564,CUST00427,2025-11-29,Net Banking,Delivered,49,1364.75,1413.75
ORD005565,CUST00304,2025-05-29,Cash on Delivery,Delivered,49,1971.0,2020.0
ORD005566,CUST00467,2024-12-11,UPI,Returned,0,5304.79,5304.79
ORD005567,CUST00010,2025-02-27,Cash on Delivery,Delivered,0,14396.84,14396.84
ORD005568,CUST00426,2024-06-18,Debit Card,Delivered,0,8991.93,8991.93
ORD005569,CUST00174,2025-04-03,UPI,Delivered,0,7454.11,7454.11
ORD005570,CUST00299,2025-09-24,Credit Card,Delivered,0,14388.76,14388.76
ORD005571,CUST00313,2025-06-30,Net Banking,Delivered,49,1158.24,1207.24
ORD005572,CUST00335,2025-11-05,Net Banking,Returned,49,1478.08,1527.08
ORD005573,CUST00101,2025-05-23,Credit Card,Delivered,49,1311.58,1360.58
ORD005574,CUST00549,2025-09-02,UPI,Delivered,0,8826.93,8826.93
ORD005575,CUST00251,2025-05-14,Net Banking,Delivered,0,5311.32,5311.32
ORD005576,CUST00248,2025-10-02,Net Banking,Returned,49,2028.43,2077.43
ORD005577,CUST00506,2024-03-16,Net Banking,Delivered,0,12194.93,12194.93
ORD005578,CUST00262,2025-11-09,UPI,Delivered,49,964.6,1013.6
ORD005579,CUST00542,2024-10-14,Cash on Delivery,Delivered,0,5353.63,5353.63
ORD005580,CUST00078,2025-07-18,Credit Card,Delivered,49,867.91,916.91
ORD005581,CUST00133,2025-06-08,Credit Card,Delivered,0,5264.89,5264.89
ORD005582,CUST00283,2025-11-05,Credit Card,Delivered,79,409.84,488.84
ORD005583,CUST00273,2024-11-22,Wallet,Delivered,0,8374.94,8374.94
ORD005584,CUST00072,2024-10-21,Credit Card,Delivered,99,1603.35,1702.35
ORD005585,CUST00243,2025-07-23,UPI,Delivered,99,1229.53,1328.53
ORD005586,CUST00479,2025-04-25,UPI,Delivered,99,2137.07,2236.07
ORD005587,CUST00315,2025-12-13,Credit Card,Cancelled,99,2142.79,2241.79
ORD005588,CUST00286,2025-08-24,Wallet,Delivered,79,1971.0,2050.0
ORD005589,CUST00421,2025-02-22,UPI,Delivered,79,280.03,359.03
ORD005590,CUST00505,2025-01-24,Net Banking,Delivered,0,24764.35,24764.35
ORD005591,CUST00003,2024-11-26,Credit Card,Delivered,0,20117.79,20117.79
ORD005592,CUST00474,2025-01-15,Cash on Delivery,Delivered,0,6835.3,6835.3
ORD005593,CUST00094,2024-12-26,Credit Card,Delivered,0,4572.27,4572.27
ORD005594,CUST00146,2024-07-23,UPI,Delivered,0,6835.3,6835.3
ORD005595,CUST00448,2025-12-02,UPI,Returned,0,2856.41,2856.41
ORD005596,CUST00299,2025-10-09,Credit Card,Delivered,0,9822.91,9822.91
ORD005597,CUST00232,2025-04-25,Debit Card,Delivered,0,30135.67,30135.67
ORD005598,CUST00151,2025-03-12,Debit Card,Delivered,0,6822.67,6822.67
ORD005599,CUST00502,2025-09-12,Debit Card,Delivered,0,3969.9,3969.9
ORD005600,CUST00551,2025-12-31,Debit Card,Delivered,0,5855.82,5855.82
ORD005601,CUST00236,2025-11-24,Debit Card,Delivered,0,4422.33,4422.33
ORD005602,CUST00552,2025-11-11,Debit Card,Delivered,0,4796.7,4796.7
ORD005603,CUST00218,2025-12-06,Debit Card,Delivered,0,3767.08,3767.08
ORD005604,CUST00031,2025-08-11,UPI,Delivered,99,458.06,557.06
ORD005605,CUST00245,2025-08-09,Credit Card,Delivered,0,6909.94,6909.94
ORD005606,CUST00030,2025-03-06,Debit Card,Delivered,0,5403.22,5403.22
ORD005607,CUST00275,2024-12-30,UPI,Delivered,99,964.34,1063.34
ORD005608,CUST00346,2025-07-24,UPI,Delivered,0,2668.95,2668.95
ORD005609,CUST00389,2025-08-27,Net Banking,Delivered,0,6151.32,6151.32
ORD005610,CUST00376,2025-02-09,Credit Card,Delivered,0,18093.54,18093.54
ORD005611,CUST00434,2024-08-13,Credit Card,Delivered,0,7816.47,7816.47
ORD005612,CUST00002,2025-08-19,Credit Card,Delivered,0,14712.68,14712.68
ORD005613,CUST00495,2025-07-25,UPI,Delivered,79,1469.28,1548.28
ORD005614,CUST00348,2025-04-13,Credit Card,Cancelled,0,2678.78,2678.78
ORD005615,CUST00254,2025-04-01,UPI,Delivered,0,6275.92,6275.92
ORD005616,CUST00531,2025-11-07,Credit Card,Delivered,0,15726.77,15726.77
ORD005617,CUST00488,2025-08-16,Debit Card,Cancelled,0,13594.74,13594.74
ORD005618,CUST00434,2024-06-03,UPI,Cancelled,99,750.27,849.27
ORD005619,CUST00270,2024-11-20,UPI,Delivered,0,11354.8,11354.8
ORD005620,CUST00547,2025-10-30,UPI,Delivered,0,5045.75,5045.75
ORD005621,CUST00223,2025-05-29,UPI,Delivered,0,10089.29,10089.29
ORD005622,CUST00158,2025-12-23,Cash on Delivery,Delivered,0,20416.49,20416.49
ORD005623,CUST00035,2025-09-04,UPI,Delivered,99,1928.51,2027.51
ORD005624,CUST00372,2024-12-21,Net Banking,Delivered,0,2765.79,2765.79
ORD005625,CUST00559,2025-03-27,Debit Card,Delivered,0,2989.96,2989.96
ORD005626,CUST00581,2025-07-01,Cash on Delivery,Delivered,0,4273.58,4273.58
ORD005627,CUST00329,2024-05-22,Wallet,Delivered,0,22561.2,22561.2
ORD005628,CUST00453,2024-11-21,Debit Card,Delivered,0,3795.97,3795.97
ORD005629,CUST00573,2025-01-01,Debit Card,Delivered,0,5456.07,5456.07
ORD005630,CUST00267,2025-10-19,UPI,Delivered,0,4805.78,4805.78
ORD005631,CUST00032,2025-06-17,UPI,Delivered,99,311.15,410.15
ORD005632,CUST00021,2025-09-28,UPI,Delivered,0,5698.85,5698.85
ORD005633,CUST00541,2025-09-12,Credit Card,Delivered,0,11274.75,11274.75
ORD005634,CUST00530,2025-12-19,UPI,Delivered,0,14516.81,14516.81
ORD005635,CUST00518,2025-07-09,Credit Card,Delivered,99,560.7,659.7
ORD005636,CUST00395,2025-04-22,UPI,Delivered,0,6005.56,6005.56
ORD005637,CUST00038,2025-04-17,Cash on Delivery,Delivered,0,13183.15,13183.15
ORD005638,CUST00051,2025-02-12,Debit Card,Delivered,0,8354.0,8354.0
ORD005639,CUST00424,2024-02-13,Credit Card,Delivered,0,6909.94,6909.94
ORD005640,CUST00414,2024-04-18,Debit Card,Delivered,99,776.69,875.69
ORD005641,CUST00285,2025-12-28,Debit Card,Delivered,0,27201.95,27201.95
ORD005642,CUST00002,2025-05-27,Debit Card,Delivered,0,19613.89,19613.89
ORD005643,CUST00038,2025-12-25,UPI,Delivered,99,712.76,811.76
ORD005644,CUST00453,2024-10-05,Credit Card,Delivered,0,8139.67,8139.67
ORD005645,CUST00299,2024-07-15,Credit Card,Delivered,99,409.84,508.84
ORD005646,CUST00420,2024-09-08,Cash on Delivery,Delivered,0,14387.1,14387.1
ORD005647,CUST00094,2025-05-16,UPI,Delivered,0,19801.38,19801.38
ORD005648,CUST00119,2024-07-02,Credit Card,Delivered,49,2018.34,2067.34
ORD005649,CUST00222,2025-06-17,Wallet,Delivered,0,15053.51,15053.51
ORD005650,CUST00300,2024-11-23,UPI,Delivered,0,5388.17,5388.17
ORD005651,CUST00082,2025-01-25,Wallet,Delivered,0,4810.05,4810.05
ORD005652,CUST00097,2024-10-28,Credit Card,Delivered,0,2919.68,2919.68
ORD005653,CUST00137,2025-11-21,Credit Card,Delivered,0,6396.67,6396.67
ORD005654,CUST00348,2024-12-06,UPI,Cancelled,49,311.15,360.15
ORD005655,CUST00345,2025-11-09,Debit Card,Returned,0,11285.03,11285.03
ORD005656,CUST00455,2025-10-13,Credit Card,Returned,0,8860.39,8860.39
ORD005657,CUST00090,2025-03-27,Credit Card,Returned,0,5654.83,5654.83
ORD005658,CUST00549,2025-08-29,Net Banking,Delivered,79,916.12,995.12
ORD005659,CUST00014,2025-10-19,UPI,Delivered,49,1507.97,1556.97
ORD005660,CUST00021,2025-05-25,Net Banking,Cancelled,99,560.07,659.07
ORD005661,CUST00359,2025-02-13,Wallet,Refunded,0,4580.46,4580.46
ORD005662,CUST00453,2025-03-06,Debit Card,Delivered,99,1469.28,1568.28
ORD005663,CUST00279,2025-10-09,Credit Card,Delivered,79,750.27,829.27
ORD005664,CUST00408,2024-09-23,Wallet,Returned,0,20411.13,20411.13
ORD005665,CUST00281,2025-03-06,Credit Card,Returned,0,4951.86,4951.86
ORD005666,CUST00428,2024-06-28,UPI,Delivered,0,6918.59,6918.59
ORD005667,CUST00047,2025-11-18,Credit Card,Returned,0,4653.21,4653.21
ORD005668,CUST00411,2025-03-12,Credit Card,Delivered,49,1380.78,1429.78
ORD005669,CUST00038,2025-03-16,Debit Card,Refunded,0,9171.98,9171.98
ORD005670,CUST00232,2024-11-11,UPI,Delivered,0,4796.7,4796.7
ORD005671,CUST00380,2025-06-23,Wallet,Delivered,0,10963.21,10963.21
ORD005672,CUST00410,2025-02-19,UPI,Delivered,99,409.84,508.84
ORD005673,CUST00277,2024-10-30,Wallet,Delivered,0,3460.38,3460.38
ORD005674,CUST00444,2024-06-05,Credit Card,Delivered,0,8713.38,8713.38
ORD005675,CUST00282,2024-03-12,UPI,Delivered,79,862.99,941.99
ORD005676,CUST00072,2025-09-02,Cash on Delivery,Delivered,0,6637.99,6637.99
ORD005677,CUST00338,2025-10-23,Debit Card,Delivered,0,18255.32,18255.32
ORD005678,CUST00468,2024-06-20,UPI,Returned,49,1489.45,1538.45
ORD005679,CUST00538,2025-06-12,Credit Card,Delivered,99,622.3,721.3
ORD005680,CUST00198,2025-05-02,Debit Card,Delivered,0,5942.02,5942.02
ORD005681,CUST00231,2025-10-27,Net Banking,Delivered,0,6068.0,6068.0
ORD005682,CUST00558,2025-12-25,Net Banking,Delivered,99,2374.52,2473.52
ORD005683,CUST00221,2024-06-17,Credit Card,Delivered,0,3266.88,3266.88
ORD005684,CUST00565,2024-12-04,Credit Card,Delivered,49,750.27,799.27
ORD005685,CUST00168,2025-04-25,Credit Card,Delivered,0,4186.92,4186.92
ORD005686,CUST00279,2025-12-09,Credit Card,Delivered,0,3382.93,3382.93
ORD005687,CUST00502,2025-11-02,Wallet,Delivered,0,7062.93,7062.93
ORD005688,CUST00062,2024-08-11,UPI,Delivered,49,637.73,686.73
ORD005689,CUST00286,2025-09-03,UPI,Delivered,0,3920.09,3920.09
ORD005690,CUST00410,2025-03-08,Debit Card,Delivered,0,2688.27,2688.27
ORD005691,CUST00317,2024-11-21,Credit Card,Refunded,0,20503.98,20503.98
ORD005692,CUST00078,2025-11-01,Debit Card,Delivered,99,2489.21,2588.21
ORD005693,CUST00072,2024-11-04,Wallet,Delivered,0,3480.34,3480.34
ORD005694,CUST00434,2024-01-16,Debit Card,Delivered,79,916.12,995.12
ORD005695,CUST00299,2024-11-26,Wallet,Delivered,0,6767.38,6767.38
ORD005696,CUST00130,2025-11-09,Credit Card,Cancelled,0,7195.05,7195.05
ORD005697,CUST00332,2025-11-18,UPI,Delivered,0,3275.98,3275.98
ORD005698,CUST00266,2025-01-04,UPI,Returned,0,9959.13,9959.13
ORD005699,CUST00315,2025-05-16,Net Banking,Delivered,49,2073.63,2122.63
ORD005700,CUST00557,2025-12-01,UPI,Delivered,49,916.12,965.12
ORD005701,CUST00292,2025-12-20,UPI,Delivered,0,4433.41,4433.41
ORD005702,CUST00434,2025-07-17,Wallet,Delivered,0,24495.58,24495.58
ORD005703,CUST00417,2025-11-20,UPI,Delivered,0,3388.88,3388.88
ORD005704,CUST00272,2025-06-20,Wallet,Delivered,0,4780.26,4780.26
ORD005705,CUST00325,2025-08-18,Credit Card,Returned,0,4131.41,4131.41
ORD005706,CUST00239,2025-12-01,Debit Card,Delivered,0,32883.15,32883.15
ORD005707,CUST00573,2025-07-16,Credit Card,Delivered,0,4699.43,4699.43
ORD005708,CUST00504,2025-11-17,Wallet,Delivered,79,1362.85,1441.85
ORD005709,CUST00021,2025-12-26,Credit Card,Cancelled,0,3257.5,3257.5
ORD005710,CUST00228,2025-10-30,UPI,Delivered,0,11274.11,11274.11
ORD005711,CUST00410,2025-05-06,UPI,Delivered,79,1431.34,1510.34
ORD005712,CUST00078,2025-07-13,Credit Card,Delivered,0,14429.98,14429.98
ORD005713,CUST00201,2024-11-13,Credit Card,Delivered,0,13424.0,13424.0
ORD005714,CUST00142,2025-04-12,Credit Card,Delivered,0,2857.83,2857.83
ORD005715,CUST00580,2025-06-23,UPI,Delivered,0,11010.36,11010.36
ORD005716,CUST00157,2024-07-07,Credit Card,Returned,79,2398.35,2477.35
ORD005717,CUST00158,2025-06-20,Wallet,Delivered,99,2038.6,2137.6
ORD005718,CUST00035,2025-10-15,UPI,Delivered,0,11249.33,11249.33
ORD005719,CUST00244,2025-07-30,Credit Card,Returned,79,1119.9,1198.9
ORD005720,CUST00299,2025-08-13,UPI,Delivered,0,15179.5,15179.5
ORD005721,CUST00382,2024-12-16,Credit Card,Delivered,0,6024.98,6024.98
ORD005722,CUST00051,2024-10-17,Debit Card,Returned,0,4545.8,4545.8
ORD005723,CUST00406,2025-05-28,UPI,Delivered,0,6868.83,6868.83
ORD005724,CUST00161,2024-10-07,UPI,Delivered,79,1362.85,1441.85
ORD005725,CUST00587,2024-12-17,Wallet,Returned,79,2067.84,2146.84
ORD005726,CUST00299,2025-11-08,UPI,Delivered,0,4749.04,4749.04
ORD005727,CUST00390,2024-03-11,UPI,Delivered,0,3009.53,3009.53
ORD005728,CUST00502,2024-12-23,Credit Card,Delivered,0,9796.26,9796.26
ORD005729,CUST00236,2025-02-02,Cash on Delivery,Delivered,0,8095.68,8095.68
ORD005730,CUST00499,2024-10-01,Debit Card,Refunded,79,2389.68,2468.68
ORD005731,CUST00562,2025-02-02,UPI,Delivered,0,6835.3,6835.3
ORD005732,CUST00459,2025-12-18,Credit Card,Delivered,0,3897.7,3897.7
ORD005733,CUST00286,2025-08-25,Credit Card,Delivered,0,7958.01,7958.01
ORD005734,CUST00346,2025-07-20,Debit Card,Delivered,0,2794.94,2794.94
ORD005735,CUST00556,2024-11-20,UPI,Delivered,0,13093.44,13093.44
ORD005736,CUST00448,2025-11-08,Debit Card,Delivered,49,2278.43,2327.43
ORD005737,CUST00356,2024-07-24,Credit Card,Delivered,0,9671.18,9671.18
ORD005738,CUST00194,2025-01-15,UPI,Delivered,0,6034.65,6034.65
ORD005739,CUST00461,2025-12-13,Cash on Delivery,Delivered,0,6651.69,6651.69
ORD005740,CUST00442,2024-09-08,Credit Card,Delivered,49,385.74,434.74
ORD005741,CUST00212,2024-12-07,Cash on Delivery,Delivered,0,16287.57,16287.57
ORD005742,CUST00432,2025-07-31,Debit Card,Delivered,0,6012.31,6012.31
ORD005743,CUST00147,2025-12-30,Credit Card,Delivered,0,5888.5,5888.5
ORD005744,CUST00385,2025-11-10,Net Banking,Delivered,0,7285.74,7285.74
ORD005745,CUST00039,2025-05-27,Net Banking,Returned,0,2729.5,2729.5
ORD005746,CUST00312,2025-10-13,Net Banking,Delivered,0,5599.66,5599.66
ORD005747,CUST00248,2025-04-15,Debit Card,Delivered,79,2398.35,2477.35
ORD005748,CUST00547,2025-10-13,UPI,Delivered,0,7266.82,7266.82
ORD005749,CUST00223,2024-12-18,UPI,Delivered,0,4300.66,4300.66
ORD005750,CUST00136,2025-11-09,Debit Card,Cancelled,0,9079.17,9079.17
ORD005751,CUST00277,2024-11-14,Credit Card,Delivered,99,1073.6,1172.6
ORD005752,CUST00313,2024-06-19,UPI,Delivered,79,2374.52,2453.52
ORD005753,CUST00428,2024-10-22,Credit Card,Delivered,79,1800.65,1879.65
ORD005754,CUST00573,2025-09-15,Credit Card,Returned,49,403.83,452.83
ORD005755,CUST00249,2025-07-15,Wallet,Delivered,99,750.27,849.27
ORD005756,CUST00410,2025-08-09,Wallet,Delivered,79,1158.24,1237.24
ORD005757,CUST00581,2025-11-25,Cash on Delivery,Delivered,0,5023.31,5023.31
ORD005758,CUST00398,2025-04-20,Net Banking,Delivered,79,2278.43,2357.43
ORD005759,CUST00231,2025-11-06,Wallet,Delivered,79,458.06,537.06
ORD005760,CUST00445,2024-11-27,Debit Card,Refunded,0,7817.38,7817.38
ORD005761,CUST00531,2024-01-25,Cash on Delivery,Delivered,99,1145.07,1244.07
ORD005762,CUST00392,2025-11-04,UPI,Delivered,0,2956.19,2956.19
ORD005763,CUST00223,2025-01-12,Net Banking,Delivered,49,1576.8,1625.8
ORD005764,CUST00547,2025-10-05,Wallet,Delivered,0,8575.35,8575.35
ORD005765,CUST00326,2025-03-19,UPI,Delivered,79,2338.78,2417.78
ORD005766,CUST00279,2025-12-07,Credit Card,Delivered,0,4273.58,4273.58
ORD005767,CUST00248,2024-03-16,Credit Card,Delivered,0,5045.75,5045.75
ORD005768,CUST00067,2025-01-15,Cash on Delivery,Delivered,0,9727.51,9727.51
ORD005769,CUST00113,2024-03-25,Cash on Delivery,Delivered,0,12717.35,12717.35
ORD005770,CUST00267,2025-12-08,Debit Card,Delivered,49,2374.52,2423.52
ORD005771,CUST00014,2025-10-25,Credit Card,Delivered,0,5478.96,5478.96
ORD005772,CUST00422,2024-06-22,Credit Card,Returned,99,2038.6,2137.6
ORD005773,CUST00021,2025-08-18,Cash on Delivery,Delivered,0,4317.03,4317.03
ORD005774,CUST00142,2025-01-04,Credit Card,Returned,0,7609.65,7609.65
ORD005775,CUST00197,2024-08-16,Net Banking,Delivered,0,12169.31,12169.31
ORD005776,CUST00563,2025-08-07,Debit Card,Delivered,0,10788.84,10788.84
ORD005777,CUST00038,2025-12-02,Credit Card,Delivered,0,10091.51,10091.51
ORD005778,CUST00337,2025-11-23,Debit Card,Delivered,0,9828.24,9828.24
ORD005779,CUST00434,2024-12-31,UPI,Delivered,0,2514.09,2514.09
ORD005780,CUST00595,2025-10-11,UPI,Delivered,0,13852.34,13852.34
ORD005781,CUST00453,2025-12-09,Cash on Delivery,Delivered,0,6474.94,6474.94
ORD005782,CUST00279,2025-10-29,Debit Card,Delivered,0,29554.54,29554.54
ORD005783,CUST00041,2025-10-20,UPI,Delivered,0,8351.97,8351.97
ORD005784,CUST00232,2025-10-28,Debit Card,Delivered,49,819.84,868.84
ORD005785,CUST00254,2024-09-12,Net Banking,Delivered,79,2073.63,2152.63
ORD005786,CUST00558,2025-08-23,Credit Card,Delivered,99,1157.21,1256.21
ORD005787,CUST00598,2025-06-19,UPI,Delivered,79,482.17,561.17
ORD005788,CUST00424,2024-10-04,Wallet,Delivered,0,3009.53,3009.53
ORD005789,CUST00119,2025-01-01,Net Banking,Returned,0,2620.18,2620.18
ORD005790,CUST00267,2025-01-23,Credit Card,Delivered,49,2316.48,2365.48
ORD005791,CUST00538,2024-05-27,Credit Card,Delivered,99,1050.01,1149.01
ORD005792,CUST00534,2025-10-13,UPI,Delivered,0,5840.84,5840.84
ORD005793,CUST00328,2025-06-18,UPI,Delivered,0,19544.39,19544.39
ORD005794,CUST00068,2024-11-18,Net Banking,Delivered,0,13107.76,13107.76
ORD005795,CUST00054,2025-12-25,UPI,Delivered,99,528.95,627.95
ORD005796,CUST00193,2024-12-18,UPI,Delivered,0,3931.3,3931.3
ORD005797,CUST00036,2025-10-20,Cash on Delivery,Delivered,99,425.08,524.08
ORD005798,CUST00425,2025-11-04,Credit Card,Delivered,99,433.95,532.95
ORD005799,CUST00539,2025-05-25,Credit Card,Delivered,0,7345.36,7345.36
ORD005800,CUST00128,2024-08-24,Net Banking,Delivered,79,2250.81,2329.81
ORD005801,CUST00580,2025-02-15,Credit Card,Delivered,79,482.17,561.17
ORD005802,CUST00240,2025-10-06,Debit Card,Delivered,49,712.76,761.76
ORD005803,CUST00068,2025-12-28,Cash on Delivery,Delivered,79,409.84,488.84
ORD005804,CUST00049,2024-11-25,UPI,Delivered,0,4227.22,4227.22
ORD005805,CUST00399,2025-12-13,UPI,Delivered,79,861.75,940.75
ORD005806,CUST00249,2024-08-09,Debit Card,Delivered,0,9024.16,9024.16
ORD005807,CUST00024,2025-07-24,UPI,Delivered,0,4918.81,4918.81
ORD005808,CUST00021,2024-06-17,Debit Card,Delivered,99,1762.59,1861.59
ORD005809,CUST00434,2025-10-24,UPI,Delivered,0,12493.33,12493.33
ORD005810,CUST00486,2025-01-09,Debit Card,Delivered,0,5365.22,5365.22
ORD005811,CUST00061,2024-08-25,Debit Card,Cancelled,0,12069.15,12069.15
ORD005812,CUST00210,2025-08-11,Wallet,Delivered,49,2043.6,2092.6
ORD005813,CUST00445,2024-06-20,Credit Card,Returned,0,2828.35,2828.35
ORD005814,CUST00024,2025-03-22,Credit Card,Delivered,0,7170.45,7170.45
ORD005815,CUST00221,2025-09-10,Net Banking,Returned,0,5769.38,5769.38
ORD005816,CUST00275,2025-04-13,Debit Card,Delivered,0,10850.25,10850.25
ORD005817,CUST00459,2025-08-18,Credit Card,Delivered,49,458.06,507.06
ORD005818,CUST00072,2024-12-08,Credit Card,Returned,0,6090.53,6090.53
ORD005819,CUST00313,2024-10-02,Credit Card,Delivered,0,4980.44,4980.44
ORD005820,CUST00531,2024-02-01,UPI,Delivered,49,311.15,360.15
ORD005821,CUST00375,2025-08-29,UPI,Delivered,0,9842.15,9842.15
ORD005822,CUST00221,2025-08-15,Credit Card,Delivered,0,11807.41,11807.41
ORD005823,CUST00202,2024-09-19,Wallet,Delivered,79,1160.11,1239.11
ORD005824,CUST00156,2025-10-12,Credit Card,Delivered,99,1364.75,1463.75
ORD005825,CUST00536,2025-10-28,UPI,Delivered,0,13585.89,13585.89
ORD005826,CUST00558,2024-11-20,Debit Card,Delivered,0,4247.33,4247.33
ORD005827,CUST00191,2024-12-18,Credit Card,Cancelled,0,29008.8,29008.8
ORD005828,CUST00299,2024-04-13,Credit Card,Delivered,0,7192.87,7192.87
ORD005829,CUST00094,2024-02-21,Wallet,Delivered,49,2158.52,2207.52
ORD005830,CUST00329,2024-07-18,Wallet,Delivered,0,8908.88,8908.88
ORD005831,CUST00256,2025-05-25,UPI,Delivered,79,1246.0,1325.0
ORD005832,CUST00316,2025-09-30,UPI,Delivered,0,20727.46,20727.46
ORD005833,CUST00531,2024-07-18,Cash on Delivery,Delivered,79,311.15,390.15
ORD005834,CUST00286,2025-09-08,Credit Card,Returned,0,2880.52,2880.52
ORD005835,CUST00448,2024-09-22,Credit Card,Delivered,0,3793.17,3793.17
ORD005836,CUST00558,2025-12-29,UPI,Delivered,79,1121.4,1200.4
ORD005837,CUST00279,2025-10-28,Credit Card,Delivered,0,3350.7,3350.7
ORD005838,CUST00327,2024-12-11,UPI,Delivered,99,964.34,1063.34
ORD005839,CUST00555,2025-09-05,UPI,Delivered,79,433.95,512.95
ORD005840,CUST00076,2025-05-14,Wallet,Delivered,99,964.34,1063.34
ORD005841,CUST00055,2025-05-18,Credit Card,Delivered,0,16846.47,16846.47
ORD005842,CUST00045,2024-11-24,Credit Card,Cancelled,0,7783.13,7783.13
ORD005843,CUST00080,2025-07-11,Wallet,Delivered,79,712.76,791.76
ORD005844,CUST00396,2025-10-08,Net Banking,Delivered,79,2025.73,2104.73
ORD005845,CUST00313,2025-11-26,Net Banking,Delivered,79,2142.79,2221.79
ORD005846,CUST00429,2024-11-04,UPI,Delivered,0,6087.61,6087.61
ORD005847,CUST00248,2024-10-09,Cash on Delivery,Delivered,0,2830.04,2830.04
ORD005848,CUST00014,2025-11-18,Wallet,Delivered,0,16657.88,16657.88
ORD005849,CUST00537,2024-06-13,Credit Card,Delivered,0,7590.89,7590.89
ORD005850,CUST00335,2025-10-19,UPI,Cancelled,99,2255.79,2354.79
ORD005851,CUST00002,2025-08-12,Credit Card,Returned,0,2959.05,2959.05
ORD005852,CUST00346,2025-07-17,Cash on Delivery,Delivered,49,482.17,531.17
ORD005853,CUST00348,2025-08-01,Debit Card,Delivered,0,3076.5,3076.5
ORD005854,CUST00327,2025-12-22,Debit Card,Delivered,0,7671.77,7671.77
ORD005855,CUST00115,2024-09-01,Credit Card,Delivered,99,1616.3,1715.3
ORD005856,CUST00519,2024-07-19,UPI,Delivered,49,750.27,799.27
ORD005857,CUST00240,2025-10-17,Credit Card,Returned,0,7194.38,7194.38
ORD005858,CUST00074,2025-02-26,UPI,Delivered,49,1011.72,1060.72
ORD005859,CUST00434,2024-01-17,UPI,Delivered,0,4810.74,4810.74
ORD005860,CUST00580,2025-02-26,UPI,Delivered,0,11451.73,11451.73
ORD005861,CUST00573,2024-12-28,Credit Card,Delivered,0,19438.9,19438.9
ORD005862,CUST00388,2025-03-03,Net Banking,Delivered,79,1269.06,1348.06
ORD005863,CUST00005,2024-08-22,Credit Card,Delivered,99,1446.51,1545.51
ORD005864,CUST00445,2025-06-06,Cash on Delivery,Refunded,0,2886.03,2886.03
ORD005865,CUST00053,2024-12-30,UPI,Delivered,0,4681.29,4681.29
ORD005866,CUST00580,2025-02-10,UPI,Delivered,0,9713.96,9713.96
ORD005867,CUST00528,2025-06-02,Debit Card,Delivered,99,2398.35,2497.35
ORD005868,CUST00004,2024-07-24,UPI,Delivered,99,2344.0,2443.0
ORD005869,CUST00595,2025-05-24,Wallet,Returned,0,6277.07,6277.07
ORD005870,CUST00600,2024-02-27,Credit Card,Delivered,79,1500.54,1579.54
ORD005871,CUST00072,2024-11-20,UPI,Delivered,0,5537.11,5537.11
ORD005872,CUST00076,2025-12-22,Net Banking,Delivered,49,1478.08,1527.08
ORD005873,CUST00135,2025-10-03,Credit Card,Delivered,0,6051.91,6051.91
ORD005874,CUST00420,2024-10-10,UPI,Delivered,0,13543.87,13543.87
ORD005875,CUST00278,2025-07-18,Credit Card,Delivered,0,7490.34,7490.34
ORD005876,CUST00346,2025-12-02,Cash on Delivery,Delivered,0,6822.61,6822.61
ORD005877,CUST00038,2025-02-16,UPI,Delivered,99,1042.42,1141.42
ORD005878,CUST00348,2024-01-15,Cash on Delivery,Delivered,49,2374.52,2423.52
ORD005879,CUST00061,2025-01-21,Credit Card,Delivered,49,1866.27,1915.27
ORD005880,CUST00236,2024-12-06,Credit Card,Delivered,0,4807.25,4807.25
ORD005881,CUST00048,2025-02-17,Wallet,Delivered,0,3246.93,3246.93
ORD005882,CUST00292,2024-02-16,Net Banking,Delivered,99,591.85,690.85
ORD005883,CUST00434,2025-11-22,UPI,Delivered,0,14742.36,14742.36
ORD005884,CUST00362,2025-07-15,Credit Card,Delivered,0,7074.08,7074.08
ORD005885,CUST00162,2025-12-17,Net Banking,Returned,0,3703.31,3703.31
ORD005886,CUST00279,2025-12-25,Debit Card,Cancelled,99,1158.24,1257.24
ORD005887,CUST00236,2024-11-23,UPI,Delivered,99,1846.92,1945.92
ORD005888,CUST00299,2024-09-29,UPI,Delivered,79,560.7,639.7
ORD005889,CUST00384,2025-12-28,Credit Card,Cancelled,49,2278.43,2327.43
ORD005890,CUST00411,2024-09-25,Debit Card,Delivered,0,22869.7,22869.7
ORD005891,CUST00575,2025-07-17,UPI,Delivered,79,2042.68,2121.68
ORD005892,CUST00016,2025-07-05,Credit Card,Delivered,0,8529.43,8529.43
ORD005893,CUST00388,2024-06-10,Credit Card,Delivered,0,9265.1,9265.1
ORD005894,CUST00131,2024-10-19,Debit Card,Delivered,79,2208.15,2287.15
ORD005895,CUST00299,2024-03-13,Debit Card,Delivered,99,1425.51,1524.51
ORD005896,CUST00405,2025-03-09,Credit Card,Returned,99,1280.18,1379.18
ORD005897,CUST00085,2025-05-23,UPI,Delivered,0,3179.49,3179.49
ORD005898,CUST00279,2025-10-11,UPI,Cancelled,79,2070.23,2149.23
ORD005899,CUST00285,2025-07-14,Credit Card,Delivered,0,4437.45,4437.45
ORD005900,CUST00559,2025-04-24,UPI,Delivered,0,18554.57,18554.57
ORD005901,CUST00286,2025-08-12,UPI,Returned,0,3046.36,3046.36
ORD005902,CUST00454,2025-10-13,UPI,Delivered,79,1362.85,1441.85
ORD005903,CUST00453,2025-08-11,Cash on Delivery,Returned,49,2038.6,2087.6
ORD005904,CUST00232,2025-01-12,UPI,Delivered,99,2398.35,2497.35
ORD005905,CUST00301,2025-09-10,Debit Card,Delivered,0,5418.68,5418.68
ORD005906,CUST00366,2025-09-24,UPI,Delivered,0,3233.98,3233.98
ORD005907,CUST00223,2025-01-04,Credit Card,Delivered,0,4780.19,4780.19
ORD005908,CUST00253,2025-08-26,Cash on Delivery,Refunded,79,2137.07,2216.07
ORD005909,CUST00147,2024-06-26,Credit Card,Delivered,79,311.15,390.15
ORD005910,CUST00248,2024-01-24,Credit Card,Returned,0,32762.61,32762.61
ORD005911,CUST00050,2025-02-25,Debit Card,Delivered,79,2398.35,2477.35
ORD005912,CUST00256,2025-05-20,Debit Card,Delivered,0,4130.05,4130.05
ORD005913,CUST00279,2025-12-05,Credit Card,Refunded,99,862.99,961.99
ORD005914,CUST00197,2024-07-09,Cash on Delivery,Delivered,79,560.07,639.07
ORD005915,CUST00420,2024-11-12,Credit Card,Delivered,0,7194.38,7194.38
ORD005916,CUST00027,2025-03-01,Debit Card,Delivered,99,837.78,936.78
ORD005917,CUST00559,2025-03-07,Debit Card,Delivered,0,7983.76,7983.76
ORD005918,CUST00230,2024-11-11,UPI,Delivered,0,5418.72,5418.72
ORD005919,CUST00570,2024-08-15,Debit Card,Delivered,0,7178.43,7178.43
ORD005920,CUST00468,2025-12-13,UPI,Delivered,0,27014.23,27014.23
ORD005921,CUST00315,2025-10-29,UPI,Delivered,0,3314.5,3314.5
ORD005922,CUST00442,2024-12-21,UPI,Cancelled,0,6987.36,6987.36
ORD005923,CUST00017,2025-08-04,Credit Card,Delivered,49,2009.13,2058.13
ORD005924,CUST00173,2024-12-05,Credit Card,Delivered,0,4514.62,4514.62
ORD005925,CUST00550,2025-02-27,Credit Card,Delivered,99,750.27,849.27
ORD005926,CUST00035,2025-08-26,UPI,Cancelled,0,4274.14,4274.14
ORD005927,CUST00541,2025-07-24,Credit Card,Returned,0,11427.77,11427.77
ORD005928,CUST00567,2024-11-11,Cash on Delivery,Refunded,0,10549.57,10549.57
ORD005929,CUST00365,2024-11-02,Debit Card,Cancelled,79,1111.28,1190.28
ORD005930,CUST00072,2024-11-06,Debit Card,Delivered,0,7591.71,7591.71
ORD005931,CUST00549,2025-09-24,Credit Card,Delivered,0,4219.72,4219.72
ORD005932,CUST00038,2025-11-07,UPI,Delivered,0,2978.99,2978.99
ORD005933,CUST00067,2024-12-11,Debit Card,Delivered,0,17387.21,17387.21
ORD005934,CUST00324,2024-08-06,Wallet,Delivered,0,7828.38,7828.38
ORD005935,CUST00262,2025-05-01,UPI,Delivered,0,8617.53,8617.53
ORD005936,CUST00168,2025-12-20,Wallet,Delivered,0,2728.26,2728.26
ORD005937,CUST00326,2025-08-12,Debit Card,Delivered,0,7469.84,7469.84
ORD005938,CUST00082,2025-10-02,UPI,Delivered,79,675.24,754.24
ORD005939,CUST00420,2025-11-28,UPI,Delivered,0,9816.52,9816.52
ORD005940,CUST00085,2025-05-29,Credit Card,Delivered,99,1710.99,1809.99
ORD005941,CUST00098,2024-11-06,Credit Card,Delivered,79,2137.07,2216.07
ORD005942,CUST00084,2024-11-24,UPI,Delivered,79,2125.62,2204.62
ORD005943,CUST00429,2024-11-10,Net Banking,Delivered,0,4014.93,4014.93
ORD005944,CUST00145,2025-02-23,Net Banking,Delivered,0,7139.69,7139.69
ORD005945,CUST00231,2025-11-22,Debit Card,Delivered,99,819.84,918.84
ORD005946,CUST00243,2025-04-23,Cash on Delivery,Delivered,0,11023.37,11023.37
ORD005947,CUST00422,2025-09-05,UPI,Delivered,0,11697.04,11697.04
ORD005948,CUST00309,2024-05-04,Credit Card,Delivered,49,1805.97,1854.97
ORD005949,CUST00279,2025-10-07,Credit Card,Delivered,79,1059.1,1138.1
ORD005950,CUST00310,2024-02-11,UPI,Delivered,0,8457.86,8457.86
ORD005951,CUST00573,2024-08-23,Cash on Delivery,Cancelled,0,3640.05,3640.05
ORD005952,CUST00345,2024-04-07,Credit Card,Delivered,79,1639.68,1718.68
ORD005953,CUST00451,2024-06-03,Debit Card,Delivered,79,1111.28,1190.28
ORD005954,CUST00518,2025-09-11,UPI,Delivered,0,4317.03,4317.03
ORD005955,CUST00097,2025-05-22,Cash on Delivery,Delivered,79,2448.44,2527.44
ORD005956,CUST00117,2025-09-04,Debit Card,Delivered,0,4234.29,4234.29
ORD005957,CUST00529,2025-12-29,UPI,Delivered,0,22498.25,22498.25
ORD005958,CUST00449,2024-09-23,Credit Card,Cancelled,0,7806.01,7806.01
ORD005959,CUST00072,2024-11-19,Debit Card,Delivered,0,7420.27,7420.27
ORD005960,CUST00218,2025-06-28,Credit Card,Delivered,0,4914.12,4914.12
ORD005961,CUST00101,2025-07-26,Debit Card,Delivered,0,3739.27,3739.27
ORD005962,CUST00575,2025-06-02,Debit Card,Delivered,99,1682.1,1781.1
ORD005963,CUST00247,2024-06-11,Debit Card,Delivered,0,5311.32,5311.32
ORD005964,CUST00329,2025-06-03,Cash on Delivery,Delivered,0,8858.31,8858.31
ORD005965,CUST00068,2025-08-15,Debit Card,Delivered,0,6060.75,6060.75
ORD005966,CUST00034,2024-11-30,Wallet,Delivered,49,681.07,730.07
ORD005967,CUST00236,2024-11-30,Credit Card,Delivered,0,3142.61,3142.61
ORD005968,CUST00010,2025-11-07,Wallet,Delivered,0,3664.29,3664.29
ORD005969,CUST00131,2024-11-28,UPI,Delivered,79,862.99,941.99
ORD005970,CUST00566,2025-05-29,UPI,Delivered,0,8845.42,8845.42
ORD005971,CUST00279,2025-10-10,Debit Card,Returned,0,4718.77,4718.77
ORD005972,CUST00299,2024-08-12,Wallet,Delivered,0,5475.93,5475.93
ORD005973,CUST00248,2024-11-15,Credit Card,Delivered,0,9071.81,9071.81
ORD005974,CUST00313,2024-10-13,Cash on Delivery,Delivered,0,2906.51,2906.51
ORD005975,CUST00094,2024-01-29,Debit Card,Delivered,0,3462.65,3462.65
ORD005976,CUST00036,2024-06-10,Cash on Delivery,Delivered,0,19753.71,19753.71
ORD005977,CUST00172,2025-08-04,Cash on Delivery,Delivered,49,623.0,672.0
ORD005978,CUST00445,2025-10-08,Cash on Delivery,Delivered,0,4273.58,4273.58
ORD005979,CUST00045,2025-03-10,Net Banking,Delivered,0,15871.41,15871.41
ORD005980,CUST00573,2024-12-21,Debit Card,Delivered,0,6987.36,6987.36
ORD005981,CUST00279,2025-10-26,Credit Card,Delivered,0,5848.55,5848.55
ORD005982,CUST00334,2025-05-03,Net Banking,Delivered,0,7420.27,7420.27
ORD005983,CUST00414,2024-07-26,UPI,Cancelled,0,2737.96,2737.96
ORD005984,CUST00329,2024-07-06,Debit Card,Delivered,49,482.17,531.17
ORD005985,CUST00066,2025-11-22,Credit Card,Delivered,0,2856.69,2856.69
ORD005986,CUST00385,2025-12-13,Credit Card,Delivered,0,4392.35,4392.35
ORD005987,CUST00496,2025-05-01,Debit Card,Delivered,0,29867.71,29867.71
ORD005988,CUST00094,2024-07-08,UPI,Delivered,0,3643.33,3643.33
ORD005989,CUST00097,2025-11-09,Credit Card,Delivered,0,5135.12,5135.12
ORD005990,CUST00279,2025-10-22,Credit Card,Delivered,0,3644.87,3644.87
ORD005991,CUST00434,2024-06-13,Cash on Delivery,Returned,99,1061.42,1160.42
ORD005992,CUST00405,2025-01-22,UPI,Delivered,49,1362.14,1411.14
ORD005993,CUST00405,2025-07-17,UPI,Returned,0,7928.75,7928.75
ORD005994,CUST00421,2025-06-02,Credit Card,Delivered,49,2348.98,2397.98
ORD005995,CUST00033,2024-01-10,UPI,Delivered,0,9716.24,9716.24
ORD005996,CUST00248,2025-11-04,Debit Card,Delivered,99,916.12,1015.12
ORD005997,CUST00549,2025-09-14,Credit Card,Delivered,0,14880.94,14880.94
ORD005998,CUST00499,2025-07-08,Credit Card,Delivered,0,3942.0,3942.0
ORD005999,CUST00118,2024-11-08,Credit Card,Delivered,79,1523.18,1602.18
ORD006000,CUST00434,2025-03-09,UPI,Delivered,0,7628.33,7628.33
ORD006001,CUST00561,2025-11-03,Debit Card,Delivered,49,1000.43,1049.43
ORD006002,CUST00414,2025-10-25,Cash on Delivery,Delivered,0,9523.83,9523.83
ORD006003,CUST00287,2024-12-22,UPI,Delivered,0,6987.36,6987.36
ORD006004,CUST00220,2025-01-14,Net Banking,Delivered,0,3569.35,3569.35
ORD006005,CUST00421,2025-06-01,UPI,Delivered,0,5817.73,5817.73
ORD006006,CUST00173,2024-12-16,UPI,Returned,49,2398.35,2447.35
ORD006007,CUST00285,2025-10-29,UPI,Delivered,0,5348.07,5348.07
ORD006008,CUST00147,2025-05-16,Credit Card,Delivered,0,14718.57,14718.57
ORD006009,CUST00305,2025-08-22,Debit Card,Delivered,0,12230.45,12230.45
ORD006010,CUST00122,2025-04-10,Net Banking,Returned,99,1928.38,2027.38
ORD006011,CUST00287,2025-08-03,UPI,Returned,0,3340.76,3340.76
ORD006012,CUST00374,2025-08-15,UPI,Delivered,79,458.06,537.06
ORD006013,CUST00286,2025-08-31,UPI,Delivered,0,11124.6,11124.6
ORD006014,CUST00157,2024-06-03,UPI,Refunded,99,1725.98,1824.98
ORD006015,CUST00329,2024-08-13,UPI,Delivered,0,4177.0,4177.0
ORD006016,CUST00243,2025-05-10,Credit Card,Delivered,0,5347.33,5347.33
ORD006017,CUST00059,2025-05-04,Credit Card,Delivered,0,6294.42,6294.42
ORD006018,CUST00313,2025-07-29,UPI,Delivered,79,1913.19,1992.19
ORD006019,CUST00150,2025-12-09,Cash on Delivery,Delivered,0,7158.63,7158.63
ORD006020,CUST00130,2025-10-12,Credit Card,Returned,0,3604.66,3604.66
ORD006021,CUST00175,2024-10-27,Debit Card,Delivered,0,6596.36,6596.36
ORD006022,CUST00466,2025-11-24,Wallet,Delivered,0,2832.58,2832.58
ORD006023,CUST00313,2024-12-11,Credit Card,Cancelled,0,4009.6,4009.6
ORD006024,CUST00407,2025-08-09,Credit Card,Delivered,49,657.82,706.82
ORD006025,CUST00595,2025-06-22,Net Banking,Cancelled,99,964.34,1063.34
ORD006026,CUST00558,2024-02-20,Net Banking,Delivered,0,7117.58,7117.58
ORD006027,CUST00540,2025-03-03,Wallet,Delivered,0,2914.27,2914.27
ORD006028,CUST00122,2025-12-18,Cash on Delivery,Returned,0,15933.96,15933.96
ORD006029,CUST00266,2025-01-01,Credit Card,Delivered,0,3220.13,3220.13
ORD006030,CUST00162,2025-02-05,UPI,Delivered,49,2483.47,2532.47
ORD006031,CUST00231,2025-10-27,Cash on Delivery,Delivered,0,21960.12,21960.12
ORD006032,CUST00454,2025-10-17,Net Banking,Delivered,0,20747.42,20747.42
ORD006033,CUST00248,2024-08-09,UPI,Delivered,0,6474.94,6474.94
ORD006034,CUST00194,2024-10-28,Wallet,Delivered,99,403.83,502.83
ORD006035,CUST00248,2025-07-02,UPI,Delivered,0,36232.13,36232.13
ORD006036,CUST00072,2025-12-01,Cash on Delivery,Delivered,99,1500.54,1599.54
ORD006037,CUST00574,2024-10-15,Debit Card,Delivered,0,2693.94,2693.94
ORD006038,CUST00094,2025-12-29,Net Banking,Delivered,0,2942.04,2942.04
ORD006039,CUST00537,2025-10-24,Wallet,Cancelled,0,6213.78,6213.78
ORD006040,CUST00401,2025-02-23,Cash on Delivery,Delivered,0,3507.92,3507.92
ORD006041,CUST00002,2025-06-12,UPI,Delivered,0,4274.14,4274.14
ORD006042,CUST00196,2025-10-29,UPI,Delivered,49,2255.79,2304.79
ORD006043,CUST00157,2024-07-23,Debit Card,Delivered,0,5431.64,5431.64
ORD006044,CUST00270,2025-12-08,UPI,Delivered,79,2018.34,2097.34
ORD006045,CUST00396,2024-11-16,Credit Card,Delivered,0,2856.69,2856.69
ORD006046,CUST00134,2025-06-11,UPI,Refunded,79,1157.41,1236.41
ORD006047,CUST00595,2024-11-25,UPI,Delivered,0,23589.66,23589.66
ORD006048,CUST00237,2025-10-14,UPI,Delivered,0,16900.41,16900.41
ORD006049,CUST00035,2025-12-14,Credit Card,Delivered,49,862.99,911.99
ORD006050,CUST00116,2024-09-23,Credit Card,Delivered,0,17245.17,17245.17
ORD006051,CUST00389,2025-08-01,Net Banking,Delivered,49,1500.54,1549.54
ORD006052,CUST00068,2025-12-08,UPI,Delivered,0,7924.37,7924.37
ORD006053,CUST00346,2025-07-10,Net Banking,Delivered,0,12014.88,12014.88
ORD006054,CUST00316,2025-12-01,UPI,Delivered,0,40234.28,40234.28
ORD006055,CUST00277,2024-07-12,Debit Card,Delivered,0,4796.7,4796.7
ORD006056,CUST00506,2025-10-12,Credit Card,Delivered,99,2398.35,2497.35
ORD006057,CUST00502,2025-04-13,Credit Card,Delivered,0,14102.3,14102.3
ORD006058,CUST00007,2024-02-25,Credit Card,Delivered,0,14787.06,14787.06
ORD006059,CUST00191,2024-10-14,Credit Card,Cancelled,49,750.27,799.27
ORD006060,CUST00130,2025-10-12,UPI,Delivered,49,2416.82,2465.82
ORD006061,CUST00072,2024-12-10,UPI,Delivered,0,4300.66,4300.66
ORD006062,CUST00091,2025-08-26,Debit Card,Delivered,99,1229.53,1328.53
ORD006063,CUST00412,2025-12-15,UPI,Delivered,0,7301.38,7301.38
ORD006064,CUST00286,2025-08-27,UPI,Delivered,0,4274.14,4274.14
ORD006065,CUST00279,2025-10-08,Credit Card,Delivered,0,15933.96,15933.96
ORD006066,CUST00021,2025-11-15,Debit Card,Delivered,0,2560.85,2560.85
ORD006067,CUST00299,2025-08-29,Credit Card,Cancelled,0,7261.34,7261.34
ORD006068,CUST00377,2025-07-11,UPI,Delivered,0,2757.65,2757.65
ORD006069,CUST00569,2024-03-13,Credit Card,Delivered,79,1228.28,1307.28
ORD006070,CUST00439,2025-07-14,Debit Card,Delivered,99,458.06,557.06
ORD006071,CUST00484,2024-12-02,Credit Card,Delivered,99,482.17,581.17
ORD006072,CUST00139,2025-11-15,UPI,Delivered,0,23002.8,23002.8
ORD006073,CUST00461,2025-01-31,Net Banking,Delivered,99,482.17,581.17
ORD006074,CUST00157,2025-02-10,Credit Card,Delivered,0,4005.41,4005.41
ORD006075,CUST00470,2024-10-06,Credit Card,Delivered,0,6558.91,6558.91
ORD006076,CUST00371,2025-01-07,UPI,Delivered,49,750.27,799.27
ORD006077,CUST00310,2025-05-22,UPI,Delivered,0,4094.25,4094.25
ORD006078,CUST00370,2025-03-05,Wallet,Delivered,0,19241.21,19241.21
ORD006079,CUST00254,2025-06-15,Cash on Delivery,Delivered,99,2222.56,2321.56
ORD006080,CUST00299,2024-04-24,Debit Card,Cancelled,79,712.76,791.76
ORD006081,CUST00405,2024-11-01,UPI,Delivered,0,24439.91,24439.91
ORD006082,CUST00299,2025-03-23,Debit Card,Delivered,0,5257.42,5257.42
ORD006083,CUST00240,2025-10-19,Credit Card,Delivered,0,3857.18,3857.18
ORD006084,CUST00329,2025-11-29,Debit Card,Delivered,0,4056.29,4056.29
ORD006085,CUST00326,2025-08-19,Credit Card,Returned,49,1500.54,1549.54
ORD006086,CUST00486,2025-01-15,UPI,Delivered,0,4302.23,4302.23
ORD006087,CUST00267,2025-11-02,Credit Card,Delivered,0,2729.5,2729.5
ORD006088,CUST00286,2025-11-14,Wallet,Delivered,0,5239.54,5239.54
ORD006089,CUST00315,2024-10-04,Debit Card,Delivered,0,9974.31,9974.31
ORD006090,CUST00072,2024-12-06,UPI,Delivered,0,6892.44,6892.44
ORD006091,CUST00461,2025-10-12,UPI,Delivered,0,6100.89,6100.89
ORD006092,CUST00352,2025-11-26,Credit Card,Delivered,0,4780.19,4780.19
ORD006093,CUST00101,2025-11-29,Cash on Delivery,Delivered,79,1902.22,1981.22
ORD006094,CUST00377,2024-10-17,Credit Card,Delivered,0,5246.37,5246.37
ORD006095,CUST00559,2025-03-07,Credit Card,Delivered,49,2448.22,2497.22
ORD006096,CUST00538,2024-10-14,Debit Card,Delivered,0,24651.32,24651.32
ORD006097,CUST00434,2024-02-06,Cash on Delivery,Delivered,0,6656.8,6656.8
ORD006098,CUST00050,2025-10-08,Debit Card,Delivered,0,19168.95,19168.95
ORD006099,CUST00083,2024-09-30,Cash on Delivery,Delivered,0,10466.01,10466.01
ORD006100,CUST00172,2024-12-01,UPI,Returned,99,1032.84,1131.84
ORD006101,CUST00600,2024-07-08,UPI,Delivered,0,10091.51,10091.51
ORD006102,CUST00403,2024-07-23,Credit Card,Delivered,99,2374.52,2473.52
ORD006103,CUST00248,2025-10-04,UPI,Delivered,99,2038.6,2137.6
ORD006104,CUST00279,2025-11-14,UPI,Returned,0,10969.36,10969.36
ORD006105,CUST00410,2025-02-26,Credit Card,Delivered,99,2398.35,2497.35
ORD006106,CUST00172,2024-08-11,UPI,Returned,99,862.99,961.99
ORD006107,CUST00376,2025-02-07,Debit Card,Delivered,0,4077.2,4077.2
ORD006108,CUST00035,2025-09-02,Credit Card,Delivered,0,16318.23,16318.23
ORD006109,CUST00558,2024-06-05,UPI,Delivered,99,1497.66,1596.66
ORD006110,CUST00223,2025-05-30,UPI,Delivered,99,2278.43,2377.43
ORD006111,CUST00439,2024-09-20,Credit Card,Delivered,0,5515.3,5515.3
ORD006112,CUST00558,2025-05-13,Debit Card,Returned,0,8735.19,8735.19
ORD006113,CUST00467,2024-04-18,Debit Card,Delivered,99,264.48,363.48
ORD006114,CUST00374,2025-08-30,Net Banking,Delivered,0,6019.39,6019.39
ORD006115,CUST00346,2025-07-20,Credit Card,Delivered,49,2362.21,2411.21
ORD006116,CUST00157,2025-08-02,Debit Card,Delivered,0,10622.64,10622.64
ORD006117,CUST00542,2025-03-23,Credit Card,Cancelled,79,2255.79,2334.79
ORD006118,CUST00329,2025-10-07,Credit Card,Delivered,0,5828.54,5828.54
ORD006119,CUST00033,2024-08-24,Wallet,Returned,0,2623.15,2623.15
ORD006120,CUST00072,2024-11-09,UPI,Delivered,49,385.74,434.74
ORD006121,CUST00488,2025-06-20,Credit Card,Refunded,79,1091.8,1170.8
ORD006122,CUST00299,2024-09-28,Credit Card,Delivered,0,8194.37,8194.37
ORD006123,CUST00149,2025-12-13,Debit Card,Delivered,99,2398.35,2497.35
ORD006124,CUST00257,2024-02-16,Cash on Delivery,Delivered,99,1886.28,1985.28
ORD006125,CUST00370,2024-03-27,Wallet,Delivered,0,3681.7,3681.7
ORD006126,CUST00035,2025-09-03,Wallet,Returned,0,10828.67,10828.67
ORD006127,CUST00518,2025-05-15,UPI,Delivered,79,1134.82,1213.82
ORD006128,CUST00558,2024-12-01,Credit Card,Delivered,0,3539.14,3539.14
ORD006129,CUST00536,2025-12-18,Wallet,Delivered,99,705.11,804.11
ORD006130,CUST00434,2024-09-01,UPI,Delivered,0,11489.57,11489.57
ORD006131,CUST00246,2025-03-22,Net Banking,Delivered,49,2386.05,2435.05
ORD006132,CUST00068,2025-08-12,Credit Card,Delivered,49,482.17,531.17
ORD006133,CUST00559,2025-06-01,Cash on Delivery,Delivered,49,720.99,769.99
ORD006134,CUST00168,2024-09-22,UPI,Returned,99,2156.16,2255.16
ORD006135,CUST00279,2025-11-03,Credit Card,Delivered,49,622.3,671.3
ORD006136,CUST00210,2024-08-04,Cash on Delivery,Delivered,79,2073.74,2152.74
ORD006137,CUST00553,2025-05-17,UPI,Delivered,79,1315.64,1394.64
ORD006138,CUST00367,2025-06-17,Credit Card,Returned,0,3111.11,3111.11
ORD006139,CUST00276,2024-01-24,UPI,Delivered,0,7032.34,7032.34
ORD006140,CUST00421,2025-08-01,Debit Card,Delivered,0,2542.51,2542.51
ORD006141,CUST00168,2025-02-06,UPI,Delivered,99,1071.68,1170.68
ORD006142,CUST00142,2024-12-26,Credit Card,Delivered,0,10481.04,10481.04
ORD006143,CUST00355,2025-01-04,Wallet,Delivered,0,12498.09,12498.09
ORD006144,CUST00078,2025-06-04,UPI,Returned,0,7054.46,7054.46
ORD006145,CUST00268,2025-11-26,UPI,Delivered,79,433.95,512.95
ORD006146,CUST00566,2024-04-29,Debit Card,Delivered,79,1111.28,1190.28
ORD006147,CUST00378,2024-02-19,Net Banking,Delivered,0,11934.9,11934.9
ORD006148,CUST00573,2025-05-11,Net Banking,Returned,0,5755.5,5755.5
ORD006149,CUST00453,2025-12-14,Net Banking,Delivered,0,8342.77,8342.77
ORD006150,CUST00390,2024-09-23,Debit Card,Delivered,49,2398.35,2447.35
ORD006151,CUST00126,2025-04-29,Net Banking,Delivered,79,675.24,754.24
ORD006152,CUST00227,2025-07-03,Debit Card,Delivered,79,1246.0,1325.0
ORD006153,CUST00461,2025-02-03,Debit Card,Delivered,0,9209.1,9209.1
ORD006154,CUST00248,2024-01-13,Credit Card,Returned,79,482.17,561.17
ORD006155,CUST00237,2025-06-05,Debit Card,Delivered,0,7058.05,7058.05
ORD006156,CUST00391,2025-03-08,Cash on Delivery,Delivered,0,6021.82,6021.82
ORD006157,CUST00329,2024-11-20,Debit Card,Delivered,99,2073.63,2172.63
ORD006158,CUST00309,2025-08-10,Cash on Delivery,Delivered,0,6819.65,6819.65
ORD006159,CUST00286,2025-09-03,Cash on Delivery,Delivered,49,482.17,531.17
ORD006160,CUST00374,2025-09-01,UPI,Delivered,99,1541.27,1640.27
ORD006161,CUST00067,2025-05-10,UPI,Delivered,49,1467.08,1516.08
ORD006162,CUST00407,2025-05-23,Wallet,Delivered,99,2073.63,2172.63
ORD006163,CUST00082,2025-08-31,Wallet,Cancelled,49,1274.05,1323.05
ORD006164,CUST00519,2025-09-20,Debit Card,Delivered,0,5532.23,5532.23
ORD006165,CUST00240,2025-10-07,Credit Card,Delivered,99,793.43,892.43
ORD006166,CUST00399,2025-06-02,Credit Card,Refunded,0,2725.7,2725.7
ORD006167,CUST00156,2025-10-12,Debit Card,Delivered,0,14571.78,14571.78
ORD006168,CUST00453,2025-05-08,Credit Card,Delivered,0,12736.21,12736.21
ORD006169,CUST00291,2024-03-22,Net Banking,Delivered,99,425.08,524.08
ORD006170,CUST00425,2024-10-19,Debit Card,Delivered,0,2500.51,2500.51
ORD006171,CUST00104,2024-08-05,Cash on Delivery,Delivered,0,6646.46,6646.46
ORD006172,CUST00342,2025-04-26,Credit Card,Delivered,99,2374.52,2473.52
ORD006173,CUST00068,2024-10-06,Debit Card,Delivered,0,8488.47,8488.47
ORD006174,CUST00420,2025-08-06,UPI,Delivered,99,2035.65,2134.65
ORD006175,CUST00367,2025-08-04,Net Banking,Delivered,0,4285.58,4285.58
ORD006176,CUST00228,2024-12-09,Cash on Delivery,Delivered,0,5302.15,5302.15
ORD006177,CUST00253,2025-06-23,UPI,Delivered,0,4537.29,4537.29
ORD006178,CUST00251,2024-09-21,Credit Card,Delivered,0,8638.19,8638.19
ORD006179,CUST00332,2024-03-26,Wallet,Delivered,0,8547.16,8547.16
ORD006180,CUST00326,2024-11-16,Credit Card,Delivered,0,5892.03,5892.03
ORD006181,CUST00442,2025-12-21,Debit Card,Delivered,0,7677.22,7677.22
ORD006182,CUST00251,2025-11-20,UPI,Delivered,0,4317.03,4317.03
ORD006183,CUST00502,2024-12-17,Net Banking,Refunded,99,280.03,379.03
ORD006184,CUST00078,2025-06-08,UPI,Delivered,0,21156.6,21156.6
ORD006185,CUST00332,2025-11-21,Net Banking,Delivered,0,7685.84,7685.84
ORD006186,CUST00434,2025-11-26,UPI,Delivered,99,529.55,628.55
ORD006187,CUST00236,2025-09-28,Cash on Delivery,Delivered,0,7395.36,7395.36
ORD006188,CUST00390,2025-04-25,UPI,Delivered,0,9675.72,9675.72
ORD006189,CUST00178,2025-07-10,Net Banking,Delivered,49,482.17,531.17
ORD006190,CUST00279,2025-10-19,Credit Card,Delivered,0,3418.86,3418.86
ORD006191,CUST00279,2025-10-22,Credit Card,Delivered,0,7686.44,7686.44
ORD006192,CUST00434,2024-11-01,Credit Card,Delivered,99,750.27,849.27
ORD006193,CUST00231,2025-11-05,Credit Card,Delivered,0,4450.82,4450.82
ORD006194,CUST00059,2025-05-07,Debit Card,Delivered,0,12117.24,12117.24
ORD006195,CUST00280,2025-12-16,Cash on Delivery,Delivered,0,3621.69,3621.69
ORD006196,CUST00157,2024-01-27,Debit Card,Delivered,49,750.27,799.27
ORD006197,CUST00072,2025-11-10,Debit Card,Delivered,0,16229.73,16229.73
ORD006198,CUST00359,2024-06-29,UPI,Delivered,99,1684.42,1783.42
ORD006199,CUST00408,2024-09-25,UPI,Delivered,49,862.99,911.99
ORD006200,CUST00374,2025-08-23,Wallet,Delivered,0,3632.54,3632.54
ORD006201,CUST00135,2024-12-07,UPI,Delivered,0,15632.89,15632.89
ORD006202,CUST00072,2025-12-26,Debit Card,Delivered,0,3698.83,3698.83
ORD006203,CUST00284,2025-05-25,Credit Card,Delivered,0,4590.79,4590.79
ORD006204,CUST00295,2025-08-06,Credit Card,Delivered,0,14182.25,14182.25
ORD006205,CUST00367,2024-10-02,UPI,Delivered,79,1971.0,2050.0
ORD006206,CUST00237,2025-04-06,Net Banking,Delivered,0,7202.21,7202.21
ORD006207,CUST00008,2025-08-21,UPI,Delivered,0,6271.93,6271.93
ORD006208,CUST00595,2025-05-13,UPI,Returned,0,9516.64,9516.64
ORD006209,CUST00411,2024-09-11,Credit Card,Delivered,0,14719.77,14719.77
ORD006210,CUST00542,2025-02-14,Net Banking,Delivered,0,10775.96,10775.96
ORD006211,CUST00145,2024-10-20,Cash on Delivery,Refunded,49,2184.71,2233.71
ORD006212,CUST00483,2024-06-23,Debit Card,Delivered,99,433.95,532.95
ORD006213,CUST00251,2024-12-29,Credit Card,Returned,99,1082.39,1181.39
ORD006214,CUST00600,2024-12-15,Cash on Delivery,Delivered,0,15836.9,15836.9
ORD006215,CUST00408,2025-03-09,Debit Card,Cancelled,0,15045.35,15045.35
ORD006216,CUST00434,2024-01-30,Credit Card,Delivered,0,12174.15,12174.15
ORD006217,CUST00549,2025-08-30,Credit Card,Delivered,0,5858.74,5858.74
ORD006218,CUST00157,2024-06-17,UPI,Delivered,0,4274.14,4274.14
ORD006219,CUST00194,2024-12-31,Net Banking,Delivered,49,1478.08,1527.08
ORD006220,CUST00072,2025-07-10,Debit Card,Delivered,0,7163.69,7163.69
ORD006221,CUST00538,2025-10-29,UPI,Delivered,99,1010.06,1109.06
ORD006222,CUST00331,2024-04-27,Credit Card,Delivered,79,2374.52,2453.52
ORD006223,CUST00304,2024-10-24,Cash on Delivery,Delivered,0,2964.06,2964.06
ORD006224,CUST00488,2024-08-26,Net Banking,Cancelled,0,7316.83,7316.83
ORD006225,CUST00263,2025-08-27,Credit Card,Returned,0,5126.94,5126.94
ORD006226,CUST00236,2024-11-19,Credit Card,Delivered,0,14820.75,14820.75
ORD006227,CUST00383,2025-05-04,Debit Card,Delivered,79,1275.24,1354.24
ORD006228,CUST00098,2024-12-19,Net Banking,Delivered,0,26560.64,26560.64
ORD006229,CUST00279,2025-10-09,Cash on Delivery,Delivered,49,482.17,531.17
ORD006230,CUST00072,2025-02-21,Wallet,Delivered,0,5803.87,5803.87
ORD006231,CUST00285,2025-05-06,Net Banking,Delivered,79,1750.49,1829.49
ORD006232,CUST00072,2025-01-25,Credit Card,Delivered,0,15040.89,15040.89
ORD006233,CUST00090,2025-03-21,Debit Card,Delivered,0,4517.31,4517.31
ORD006234,CUST00568,2025-09-11,Cash on Delivery,Delivered,49,1208.33,1257.33
ORD006235,CUST00326,2024-12-21,Credit Card,Delivered,0,4778.51,4778.51
ORD006236,CUST00050,2025-06-21,Net Banking,Delivered,0,5227.55,5227.55
ORD006237,CUST00341,2025-10-01,Credit Card,Delivered,79,622.3,701.3
ORD006238,CUST00374,2025-12-01,Net Banking,Delivered,0,5949.05,5949.05
ORD006239,CUST00538,2025-05-10,Net Banking,Delivered,99,1593.83,1692.83
ORD006240,CUST00273,2025-07-15,Wallet,Delivered,0,17748.77,17748.77
ORD006241,CUST00236,2025-02-03,UPI,Delivered,0,4708.09,4708.09
ORD006242,CUST00059,2025-12-01,UPI,Delivered,0,13405.6,13405.6
ORD006243,CUST00130,2025-11-04,Debit Card,Delivered,0,3289.14,3289.14
ORD006244,CUST00252,2024-12-15,Cash on Delivery,Delivered,49,425.08,474.08
ORD006245,CUST00573,2024-04-03,Credit Card,Returned,0,16525.15,16525.15
ORD006246,CUST00553,2025-05-27,Net Banking,Delivered,0,3206.7,3206.7
ORD006247,CUST00034,2024-06-04,UPI,Delivered,99,1055.72,1154.72
ORD006248,CUST00472,2025-04-28,UPI,Delivered,0,31015.29,31015.29
ORD006249,CUST00408,2024-09-05,Credit Card,Delivered,0,7266.88,7266.88
ORD006250,CUST00173,2024-11-24,Credit Card,Delivered,99,433.95,532.95
ORD006251,CUST00237,2025-08-16,Net Banking,Delivered,79,637.73,716.73
ORD006252,CUST00453,2025-06-19,Debit Card,Delivered,99,529.55,628.55
ORD006253,CUST00366,2025-10-11,UPI,Delivered,79,458.06,537.06
ORD006254,CUST00023,2024-12-29,Debit Card,Delivered,0,13133.95,13133.95
ORD006255,CUST00445,2024-06-11,Credit Card,Delivered,99,2374.52,2473.52
ORD006256,CUST00434,2025-08-15,Debit Card,Delivered,49,1532.0,1581.0
ORD006257,CUST00432,2025-07-14,UPI,Delivered,79,385.74,464.74
ORD006258,CUST00200,2025-06-28,UPI,Delivered,0,9171.98,9171.98
ORD006259,CUST00434,2024-12-11,Net Banking,Delivered,0,36932.19,36932.19
ORD006260,CUST00329,2025-07-31,Wallet,Delivered,79,1061.42,1140.42
ORD006261,CUST00469,2025-10-29,Debit Card,Delivered,79,2374.52,2453.52
ORD006262,CUST00406,2024-06-04,Debit Card,Delivered,79,1500.54,1579.54
ORD006263,CUST00251,2024-10-19,Wallet,Delivered,49,2398.35,2447.35
ORD006264,CUST00570,2024-12-09,UPI,Delivered,0,19621.13,19621.13
ORD006265,CUST00063,2024-08-15,UPI,Returned,0,6428.37,6428.37
ORD006266,CUST00573,2025-10-26,Credit Card,Delivered,49,1971.0,2020.0
ORD006267,CUST00097,2025-11-21,UPI,Delivered,0,8659.74,8659.74
ORD006268,CUST00157,2024-06-15,UPI,Delivered,0,4780.19,4780.19
ORD006269,CUST00279,2025-12-06,UPI,Delivered,99,2386.05,2485.05
ORD006270,CUST00565,2025-09-03,UPI,Delivered,0,9142.64,9142.64
ORD006271,CUST00303,2025-10-31,Net Banking,Delivered,79,1954.79,2033.79
ORD006272,CUST00347,2025-04-17,Net Banking,Delivered,0,8072.96,8072.96
ORD006273,CUST00304,2025-04-09,Wallet,Delivered,0,3298.03,3298.03
ORD006274,CUST00232,2024-11-04,Credit Card,Delivered,0,12374.91,12374.91
ORD006275,CUST00526,2025-10-19,UPI,Returned,0,6113.04,6113.04
ORD006276,CUST00010,2025-01-31,Credit Card,Delivered,0,17426.76,17426.76
ORD006277,CUST00245,2025-05-26,Credit Card,Delivered,0,2777.95,2777.95
ORD006278,CUST00019,2024-12-22,UPI,Delivered,0,5508.38,5508.38
ORD006279,CUST00473,2025-03-14,UPI,Cancelled,0,4174.27,4174.27
ORD006280,CUST00279,2025-10-10,Credit Card,Delivered,0,8869.8,8869.8
ORD006281,CUST00145,2025-12-06,UPI,Cancelled,0,4273.58,4273.58
ORD006282,CUST00162,2024-10-10,UPI,Delivered,0,3236.25,3236.25
ORD006283,CUST00117,2025-09-05,Credit Card,Delivered,99,675.24,774.24
ORD006284,CUST00496,2025-04-28,Debit Card,Delivered,99,675.24,774.24
ORD006285,CUST00470,2025-03-03,UPI,Cancelled,0,12032.72,12032.72
ORD006286,CUST00236,2024-11-26,Net Banking,Delivered,0,9079.17,9079.17
ORD006287,CUST00008,2025-10-14,Debit Card,Delivered,49,2111.43,2160.43
ORD006288,CUST00592,2024-12-17,Credit Card,Delivered,0,3823.6,3823.6
ORD006289,CUST00357,2025-11-10,UPI,Delivered,0,14662.4,14662.4
ORD006290,CUST00103,2025-10-17,Credit Card,Delivered,49,2374.52,2423.52
ORD006291,CUST00154,2025-09-03,Credit Card,Delivered,99,1603.35,1702.35
ORD006292,CUST00232,2025-07-27,UPI,Delivered,0,3292.86,3292.86
ORD006293,CUST00222,2024-02-25,Wallet,Delivered,0,7366.45,7366.45
ORD006294,CUST00507,2025-03-25,Debit Card,Delivered,0,6834.66,6834.66
ORD006295,CUST00067,2024-06-24,Credit Card,Delivered,0,6548.82,6548.82
ORD006296,CUST00434,2024-08-01,UPI,Delivered,99,2374.52,2473.52
ORD006297,CUST00448,2025-11-18,Credit Card,Delivered,0,2537.35,2537.35
ORD006298,CUST00511,2024-09-27,Cash on Delivery,Delivered,0,10492.11,10492.11
ORD006299,CUST00118,2025-11-10,Cash on Delivery,Delivered,0,13594.81,13594.81
ORD006300,CUST00290,2024-11-02,Cash on Delivery,Delivered,0,4641.27,4641.27
ORD006301,CUST00302,2025-08-16,Debit Card,Delivered,0,2785.34,2785.34
ORD006302,CUST00576,2025-05-24,Credit Card,Delivered,0,3194.21,3194.21
ORD006303,CUST00549,2025-08-27,Credit Card,Delivered,0,3340.76,3340.76
ORD006304,CUST00510,2025-07-16,UPI,Delivered,0,4914.12,4914.12
ORD006305,CUST00206,2024-08-09,Net Banking,Delivered,79,1603.35,1682.35
ORD006306,CUST00329,2024-07-03,UPI,Delivered,0,11455.5,11455.5
ORD006307,CUST00321,2025-04-04,Net Banking,Delivered,0,7147.39,7147.39
ORD006308,CUST00157,2025-11-24,Wallet,Delivered,79,637.73,716.73
ORD006309,CUST00087,2025-11-08,Net Banking,Delivered,0,24343.4,24343.4
ORD006310,CUST00478,2025-08-11,Credit Card,Cancelled,99,311.15,410.15
ORD006311,CUST00581,2025-04-10,Debit Card,Delivered,0,4285.58,4285.58
ORD006312,CUST00385,2025-10-15,Credit Card,Delivered,0,6726.75,6726.75
ORD006313,CUST00395,2025-04-03,UPI,Delivered,0,21671.17,21671.17
ORD006314,CUST00299,2024-10-27,UPI,Delivered,0,16146.46,16146.46
ORD006315,CUST00313,2025-09-02,UPI,Delivered,0,11793.89,11793.89
ORD006316,CUST00434,2024-12-24,Debit Card,Delivered,0,7163.69,7163.69
ORD006317,CUST00313,2024-08-27,Cash on Delivery,Delivered,99,482.17,581.17
ORD006318,CUST00376,2025-09-13,Debit Card,Delivered,0,4914.12,4914.12
ORD006319,CUST00434,2024-08-03,Cash on Delivery,Delivered,49,295.59,344.59
ORD006320,CUST00313,2024-05-18,Net Banking,Returned,0,9110.44,9110.44
ORD006321,CUST00289,2025-08-11,Debit Card,Delivered,0,4780.19,4780.19
ORD006322,CUST00475,2025-02-17,Cash on Delivery,Delivered,79,675.24,754.24
ORD006323,CUST00559,2025-04-02,UPI,Delivered,0,8449.89,8449.89
ORD006324,CUST00327,2024-07-28,Credit Card,Delivered,0,4177.0,4177.0
ORD006325,CUST00313,2025-05-18,UPI,Returned,79,600.22,679.22
ORD006326,CUST00581,2025-04-10,UPI,Delivered,0,10343.4,10343.4
ORD006327,CUST00558,2024-04-06,UPI,Delivered,0,3335.94,3335.94
ORD006328,CUST00027,2025-10-11,Credit Card,Delivered,0,4707.12,4707.12
ORD006329,CUST00230,2025-01-16,Debit Card,Delivered,0,2512.74,2512.74
ORD006330,CUST00559,2025-03-18,UPI,Delivered,0,4336.02,4336.02
ORD006331,CUST00034,2024-06-11,UPI,Delivered,79,1639.68,1718.68
ORD006332,CUST00445,2024-09-01,UPI,Returned,0,3967.69,3967.69
ORD006333,CUST00173,2024-12-13,UPI,Refunded,0,7920.8,7920.8
ORD006334,CUST00453,2025-05-27,UPI,Delivered,0,17038.07,17038.07
ORD006335,CUST00238,2024-11-14,UPI,Delivered,79,623.0,702.0
ORD006336,CUST00332,2024-12-12,Credit Card,Delivered,99,2137.07,2236.07
ORD006337,CUST00302,2025-09-06,Credit Card,Cancelled,0,4426.49,4426.49
ORD006338,CUST00313,2025-06-02,Cash on Delivery,Delivered,99,1121.4,1220.4
ORD006339,CUST00592,2024-10-14,Debit Card,Returned,0,10317.8,10317.8
ORD006340,CUST00308,2025-09-27,UPI,Delivered,0,7479.97,7479.97
ORD006341,CUST00435,2025-08-24,Wallet,Delivered,99,433.95,532.95
ORD006342,CUST00518,2024-04-20,Credit Card,Delivered,49,311.15,360.15
ORD006343,CUST00373,2024-04-02,Debit Card,Delivered,99,1971.0,2070.0
ORD006344,CUST00475,2025-02-04,Debit Card,Delivered,0,12563.22,12563.22
ORD006345,CUST00273,2025-10-03,UPI,Delivered,0,3242.77,3242.77
ORD006346,CUST00547,2025-10-08,Cash on Delivery,Delivered,0,10622.64,10622.64
ORD006347,CUST00179,2024-01-11,UPI,Delivered,0,13124.64,13124.64
ORD006348,CUST00236,2025-05-03,Debit Card,Cancelled,0,5045.75,5045.75
ORD006349,CUST00442,2025-10-21,UPI,Returned,0,2927.3,2927.3
ORD006350,CUST00072,2024-11-05,Debit Card,Delivered,79,1275.46,1354.46
ORD006351,CUST00580,2025-03-12,Wallet,Delivered,49,311.15,360.15
ORD006352,CUST00252,2025-10-03,Credit Card,Delivered,0,4514.62,4514.62
ORD006353,CUST00434,2024-02-13,UPI,Delivered,0,14411.52,14411.52
ORD006354,CUST00494,2025-07-18,Debit Card,Delivered,0,10246.81,10246.81
ORD006355,CUST00328,2025-11-03,UPI,Returned,0,4294.89,4294.89
ORD006356,CUST00040,2025-08-07,Credit Card,Delivered,0,10697.31,10697.31
ORD006357,CUST00558,2024-01-15,UPI,Delivered,0,3173.72,3173.72
ORD006358,CUST00427,2025-07-26,Wallet,Delivered,0,8787.33,8787.33
ORD006359,CUST00526,2024-04-11,Net Banking,Delivered,0,5906.92,5906.92
ORD006360,CUST00201,2024-11-27,Credit Card,Delivered,79,1364.75,1443.75
ORD006361,CUST00453,2025-10-31,UPI,Delivered,0,2532.14,2532.14
ORD006362,CUST00462,2024-11-20,UPI,Delivered,49,433.95,482.95
ORD006363,CUST00562,2024-10-29,UPI,Delivered,49,2142.79,2191.79
ORD006364,CUST00194,2025-02-02,Wallet,Delivered,0,5972.12,5972.12
ORD006365,CUST00329,2024-04-28,Credit Card,Delivered,0,13817.67,13817.67
ORD006366,CUST00307,2025-07-02,UPI,Delivered,0,6800.48,6800.48
ORD006367,CUST00365,2025-07-07,Debit Card,Returned,0,8613.32,8613.32
ORD006368,CUST00236,2025-10-21,Debit Card,Delivered,0,15356.71,15356.71
ORD006369,CUST00595,2025-06-15,UPI,Delivered,0,4796.7,4796.7
ORD006370,CUST00595,2024-12-20,Debit Card,Delivered,0,4478.44,4478.44
ORD006371,CUST00095,2024-11-21,Debit Card,Returned,0,6061.59,6061.59
ORD006372,CUST00329,2025-03-06,Debit Card,Delivered,79,2256.22,2335.22
ORD006373,CUST00571,2025-11-16,Debit Card,Delivered,49,295.59,344.59
ORD006374,CUST00542,2024-10-14,UPI,Delivered,0,6671.41,6671.41
ORD006375,CUST00072,2024-11-18,UPI,Delivered,0,7447.62,7447.62
ORD006376,CUST00507,2025-12-14,UPI,Delivered,49,1158.58,1207.58
ORD006377,CUST00061,2025-07-19,Debit Card,Delivered,49,712.76,761.76
ORD006378,CUST00279,2025-10-02,UPI,Delivered,99,2398.35,2497.35
ORD006379,CUST00153,2025-07-25,UPI,Delivered,0,7605.05,7605.05
ORD006380,CUST00021,2025-06-05,Credit Card,Delivered,99,433.95,532.95
ORD006381,CUST00353,2025-09-26,Credit Card,Delivered,0,9619.8,9619.8
ORD006382,CUST00239,2025-06-16,Credit Card,Delivered,0,4536.62,4536.62
ORD006383,CUST00130,2025-10-10,Credit Card,Delivered,99,482.17,581.17
ORD006384,CUST00563,2025-03-01,Credit Card,Delivered,0,5775.09,5775.09
ORD006385,CUST00223,2025-01-13,UPI,Delivered,0,4753.87,4753.87
ORD006386,CUST00595,2025-02-06,Debit Card,Delivered,0,16549.84,16549.84
ORD006387,CUST00536,2024-07-05,Credit Card,Delivered,0,5919.58,5919.58
ORD006388,CUST00031,2025-06-07,UPI,Cancelled,79,2250.81,2329.81
ORD006389,CUST00110,2025-09-10,Debit Card,Cancelled,0,4990.81,4990.81
ORD006390,CUST00050,2024-11-22,Wallet,Delivered,99,385.74,484.74
ORD006391,CUST00549,2025-09-10,Debit Card,Delivered,0,7011.08,7011.08
ORD006392,CUST00329,2025-04-10,UPI,Cancelled,0,7195.05,7195.05
ORD006393,CUST00385,2025-10-03,Credit Card,Returned,99,280.03,379.03
ORD006394,CUST00396,2024-11-27,Credit Card,Delivered,99,2386.05,2485.05
ORD006395,CUST00436,2025-03-04,Cash on Delivery,Delivered,49,2398.35,2447.35
ORD006396,CUST00061,2024-03-06,UPI,Delivered,0,4796.7,4796.7
ORD006397,CUST00526,2024-03-08,Credit Card,Returned,0,5661.61,5661.61
ORD006398,CUST00116,2025-02-12,Credit Card,Delivered,0,4402.9,4402.9
ORD006399,CUST00273,2025-07-13,Debit Card,Delivered,0,22908.42,22908.42
ORD006400,CUST00072,2025-11-22,UPI,Delivered,99,690.39,789.39
ORD006401,CUST00559,2025-03-28,Credit Card,Delivered,0,3840.38,3840.38
ORD006402,CUST00421,2024-12-01,Wallet,Delivered,0,3799.23,3799.23
ORD006403,CUST00593,2024-10-07,Credit Card,Delivered,99,819.84,918.84
ORD006404,CUST00595,2025-12-30,UPI,Delivered,0,4749.04,4749.04
ORD006405,CUST00405,2025-11-10,Credit Card,Returned,0,22550.12,22550.12
ORD006406,CUST00313,2024-10-04,UPI,Delivered,99,637.73,736.73
ORD006407,CUST00236,2025-08-11,Net Banking,Delivered,0,3032.34,3032.34
ORD006408,CUST00021,2025-08-26,Cash on Delivery,Delivered,99,622.3,721.3
ORD006409,CUST00157,2024-07-23,Credit Card,Delivered,79,1111.28,1190.28
ORD006410,CUST00554,2025-05-20,Net Banking,Delivered,99,425.08,524.08
ORD006411,CUST00473,2025-12-03,UPI,Delivered,0,16055.68,16055.68
ORD006412,CUST00530,2025-01-27,UPI,Cancelled,0,2757.65,2757.65
ORD006413,CUST00329,2025-03-11,Credit Card,Delivered,79,2250.81,2329.81
ORD006414,CUST00236,2024-12-13,Net Banking,Delivered,49,819.69,868.69
ORD006415,CUST00505,2025-01-19,Wallet,Delivered,0,7994.54,7994.54
ORD006416,CUST00010,2025-02-03,UPI,Delivered,99,2314.83,2413.83
ORD006417,CUST00210,2024-11-22,UPI,Delivered,49,2278.43,2327.43
ORD006418,CUST00453,2024-06-10,Wallet,Delivered,0,6767.38,6767.38
ORD006419,CUST00313,2024-04-12,UPI,Delivered,49,2038.6,2087.6
ORD006420,CUST00131,2025-05-05,Credit Card,Delivered,0,5672.32,5672.32
ORD006421,CUST00200,2025-06-17,Credit Card,Returned,0,10210.42,10210.42
ORD006422,CUST00068,2025-04-08,Credit Card,Delivered,0,6212.48,6212.48
ORD006423,CUST00313,2024-02-15,UPI,Delivered,0,8742.81,8742.81
ORD006424,CUST00064,2024-11-20,Debit Card,Delivered,49,964.34,1013.34
ORD006425,CUST00573,2024-07-20,Credit Card,Delivered,0,15555.52,15555.52
ORD006426,CUST00536,2024-10-16,UPI,Delivered,0,8338.55,8338.55
ORD006427,CUST00491,2025-12-24,UPI,Delivered,0,20277.2,20277.2
ORD006428,CUST00557,2025-07-25,Wallet,Delivered,0,9874.96,9874.96
ORD006429,CUST00165,2024-11-03,Credit Card,Delivered,49,482.17,531.17
ORD006430,CUST00367,2025-11-04,UPI,Delivered,79,1820.91,1899.91
ORD006431,CUST00332,2025-03-13,Wallet,Delivered,79,647.02,726.02
ORD006432,CUST00338,2025-09-20,Credit Card,Returned,0,5809.28,5809.28
ORD006433,CUST00347,2025-10-08,UPI,Delivered,0,7796.18,7796.18
ORD006434,CUST00496,2025-05-03,Credit Card,Delivered,0,5828.54,5828.54
ORD006435,CUST00172,2025-10-16,UPI,Returned,79,1362.14,1441.14
ORD006436,CUST00353,2025-09-06,Cash on Delivery,Delivered,0,15640.57,15640.57
ORD006437,CUST00299,2025-01-10,UPI,Delivered,49,433.95,482.95
ORD006438,CUST00066,2025-05-19,Wallet,Delivered,0,20280.52,20280.52
ORD006439,CUST00355,2024-12-22,Wallet,Delivered,99,482.17,581.17
ORD006440,CUST00040,2024-10-13,Cash on Delivery,Delivered,0,18831.74,18831.74
ORD006441,CUST00530,2025-06-26,Credit Card,Returned,0,16433.77,16433.77
ORD006442,CUST00025,2025-01-10,Debit Card,Delivered,49,2138.27,2187.27
ORD006443,CUST00035,2025-09-01,Cash on Delivery,Returned,99,2459.52,2558.52
ORD006444,CUST00562,2025-10-31,Credit Card,Delivered,0,8434.89,8434.89
ORD006445,CUST00434,2024-07-10,Credit Card,Delivered,0,9923.88,9923.88
ORD006446,CUST00273,2024-02-11,UPI,Delivered,0,16957.07,16957.07
ORD006447,CUST00583,2025-05-22,Wallet,Delivered,79,458.06,537.06
ORD006448,CUST00519,2025-06-03,Debit Card,Delivered,79,2328.52,2407.52
ORD006449,CUST00215,2024-11-28,Cash on Delivery,Delivered,0,8267.17,8267.17
ORD006450,CUST00584,2025-03-17,Credit Card,Delivered,49,750.27,799.27
ORD006451,CUST00234,2025-10-09,Wallet,Delivered,0,2619.24,2619.24
ORD006452,CUST00279,2025-11-30,Net Banking,Delivered,99,433.95,532.95
ORD006453,CUST00035,2025-08-14,Net Banking,Delivered,0,11401.14,11401.14
ORD006454,CUST00191,2025-07-10,UPI,Delivered,0,9171.98,9171.98
ORD006455,CUST00577,2025-06-26,Credit Card,Refunded,0,3466.32,3466.32
ORD006456,CUST00061,2024-09-27,Debit Card,Delivered,0,8411.63,8411.63
ORD006457,CUST00072,2024-11-01,Credit Card,Delivered,0,7328.21,7328.21
ORD006458,CUST00374,2025-09-01,Credit Card,Delivered,0,9003.55,9003.55
ORD006459,CUST00178,2025-04-18,Credit Card,Delivered,0,5339.1,5339.1
ORD006460,CUST00530,2025-10-29,Credit Card,Cancelled,0,4345.52,4345.52
ORD006461,CUST00128,2024-10-25,Credit Card,Delivered,79,933.45,1012.45
ORD006462,CUST00296,2024-07-02,Credit Card,Delivered,0,29558.84,29558.84
ORD006463,CUST00361,2025-11-10,Credit Card,Delivered,0,4279.02,4279.02
ORD006464,CUST00042,2025-03-18,Wallet,Delivered,0,7312.47,7312.47
ORD006465,CUST00375,2025-08-14,UPI,Delivered,0,15054.65,15054.65
ORD006466,CUST00290,2025-11-18,Credit Card,Delivered,0,3018.46,3018.46
ORD006467,CUST00174,2025-03-28,Cash on Delivery,Delivered,0,2729.5,2729.5
ORD006468,CUST00253,2025-12-10,UPI,Delivered,49,311.15,360.15
ORD006469,CUST00396,2025-07-14,Debit Card,Delivered,0,41406.82,41406.82
ORD006470,CUST00252,2025-07-18,UPI,Delivered,0,8287.4,8287.4
ORD006471,CUST00350,2025-08-23,Credit Card,Refunded,0,5160.42,5160.42
ORD006472,CUST00184,2025-06-25,UPI,Delivered,79,482.17,561.17
ORD006473,CUST00279,2025-10-18,Debit Card,Delivered,0,5664.39,5664.39
ORD006474,CUST00313,2024-10-24,UPI,Delivered,99,712.76,811.76
ORD006475,CUST00463,2025-06-26,Debit Card,Delivered,0,16656.33,16656.33
ORD006476,CUST00232,2025-07-11,Wallet,Delivered,99,1100.33,1199.33
ORD006477,CUST00245,2025-12-08,UPI,Delivered,0,4243.95,4243.95
ORD006478,CUST00474,2025-12-03,Credit Card,Delivered,49,1819.25,1868.25
ORD006479,CUST00335,2025-10-20,Credit Card,Delivered,0,2990.07,2990.07
ORD006480,CUST00031,2025-10-02,Debit Card,Delivered,49,433.95,482.95
ORD006481,CUST00518,2025-09-10,UPI,Delivered,0,4668.41,4668.41
ORD006482,CUST00445,2024-06-16,Cash on Delivery,Delivered,99,637.73,736.73
ORD006483,CUST00035,2025-09-10,Credit Card,Delivered,0,10040.06,10040.06
ORD006484,CUST00185,2024-01-12,Credit Card,Delivered,0,3981.33,3981.33
ORD006485,CUST00279,2025-10-30,Debit Card,Delivered,0,3196.84,3196.84
ORD006486,CUST00072,2024-10-31,Net Banking,Delivered,0,3508.56,3508.56
ORD006487,CUST00229,2024-03-20,Debit Card,Delivered,0,9171.98,9171.98
ORD006488,CUST00577,2024-04-11,UPI,Delivered,0,4511.59,4511.59
ORD006489,CUST00595,2024-11-01,UPI,Delivered,99,2278.43,2377.43
ORD006490,CUST00319,2024-12-03,Credit Card,Delivered,79,1918.68,1997.68
ORD006491,CUST00558,2024-08-07,Net Banking,Delivered,99,409.84,508.84
ORD006492,CUST00333,2025-04-14,Debit Card,Delivered,0,3288.63,3288.63
ORD006493,CUST00370,2025-10-16,Credit Card,Returned,0,3242.24,3242.24
ORD006494,CUST00450,2025-02-04,UPI,Delivered,0,9315.45,9315.45
ORD006495,CUST00295,2025-10-01,UPI,Delivered,0,5518.57,5518.57
ORD006496,CUST00434,2024-06-23,UPI,Delivered,0,4036.68,4036.68
ORD006497,CUST00421,2025-09-27,UPI,Delivered,0,14858.08,14858.08
ORD006498,CUST00247,2024-06-23,Credit Card,Delivered,49,637.73,686.73
ORD006499,CUST00327,2025-10-20,Net Banking,Delivered,49,1364.75,1413.75
ORD006500,CUST00122,2025-12-15,Net Banking,Delivered,49,2142.79,2191.79
ORD006501,CUST00299,2025-09-20,Credit Card,Delivered,49,712.76,761.76
ORD006502,CUST00405,2025-06-06,Cash on Delivery,Delivered,0,2978.99,2978.99
ORD006503,CUST00469,2025-12-11,UPI,Delivered,0,4514.62,4514.62
ORD006504,CUST00279,2025-10-23,Credit Card,Delivered,0,7278.41,7278.41
ORD006505,CUST00233,2025-11-09,UPI,Returned,0,2856.69,2856.69
ORD006506,CUST00205,2025-03-24,Credit Card,Delivered,0,36747.09,36747.09
ORD006507,CUST00309,2024-07-12,UPI,Delivered,99,2255.79,2354.79
ORD006508,CUST00313,2024-03-16,Credit Card,Delivered,99,2147.45,2246.45
ORD006509,CUST00049,2025-03-13,UPI,Refunded,99,2374.52,2473.52
ORD006510,CUST00384,2024-11-14,Wallet,Delivered,0,4750.84,4750.84
ORD006511,CUST00038,2025-02-20,Wallet,Delivered,79,1195.98,1274.98
ORD006512,CUST00309,2025-10-11,Net Banking,Delivered,79,600.22,679.22
ORD006513,CUST00166,2025-03-24,Credit Card,Delivered,79,425.08,504.08
ORD006514,CUST00453,2025-07-18,UPI,Delivered,99,1603.35,1702.35
ORD006515,CUST00020,2025-11-01,UPI,Delivered,49,482.17,531.17
ORD006516,CUST00347,2024-05-10,Credit Card,Cancelled,49,1725.98,1774.98
ORD006517,CUST00317,2025-01-22,Credit Card,Delivered,99,819.69,918.69
ORD006518,CUST00225,2025-10-31,Cash on Delivery,Delivered,0,13595.68,13595.68
ORD006519,CUST00287,2024-12-27,UPI,Delivered,49,1296.51,1345.51
ORD006520,CUST00307,2024-01-15,Debit Card,Delivered,0,7123.56,7123.56
ORD006521,CUST00467,2024-11-13,Wallet,Returned,49,2374.52,2423.52
ORD006522,CUST00014,2025-10-21,Credit Card,Delivered,79,2255.79,2334.79
ORD006523,CUST00221,2025-06-18,UPI,Delivered,49,482.17,531.17
ORD006524,CUST00560,2025-06-13,Credit Card,Delivered,0,6475.54,6475.54
ORD006525,CUST00191,2024-08-19,UPI,Delivered,0,3124.79,3124.79
ORD006526,CUST00299,2025-02-20,Cash on Delivery,Delivered,79,1208.33,1287.33
ORD006527,CUST00275,2024-01-01,Credit Card,Delivered,49,295.59,344.59
ORD006528,CUST00221,2025-07-31,Cash on Delivery,Delivered,0,11124.97,11124.97
ORD006529,CUST00014,2025-11-11,Credit Card,Delivered,0,6491.9,6491.9
ORD006530,CUST00014,2025-10-29,UPI,Delivered,0,11429.41,11429.41
ORD006531,CUST00502,2025-11-20,Credit Card,Delivered,0,5017.86,5017.86
ORD006532,CUST00244,2025-08-06,Debit Card,Delivered,0,4197.36,4197.36
ORD006533,CUST00209,2025-10-16,Credit Card,Delivered,0,19827.4,19827.4
ORD006534,CUST00231,2025-10-23,Net Banking,Delivered,79,2043.21,2122.21
ORD006535,CUST00230,2024-06-07,Debit Card,Returned,0,14764.23,14764.23
ORD006536,CUST00246,2025-05-05,UPI,Delivered,0,6183.42,6183.42
ORD006537,CUST00010,2025-08-04,UPI,Delivered,49,2398.35,2447.35
ORD006538,CUST00453,2024-08-25,UPI,Delivered,0,17952.48,17952.48
ORD006539,CUST00286,2025-09-03,UPI,Delivered,0,15301.5,15301.5
ORD006540,CUST00528,2025-06-04,Credit Card,Returned,0,12018.75,12018.75
ORD006541,CUST00093,2025-07-26,Credit Card,Delivered,49,2398.35,2447.35
ORD006542,CUST00068,2025-12-24,Debit Card,Delivered,0,2914.27,2914.27
ORD006543,CUST00087,2025-09-15,UPI,Delivered,0,2708.87,2708.87
ORD006544,CUST00279,2025-10-02,Credit Card,Delivered,49,1315.64,1364.64
ORD006545,CUST00434,2024-01-26,UPI,Delivered,0,2681.09,2681.09
ORD006546,CUST00580,2025-03-09,UPI,Delivered,0,2537.0,2537.0
ORD006547,CUST00102,2025-08-12,Debit Card,Delivered,0,6961.55,6961.55
ORD006548,CUST00367,2024-06-17,Debit Card,Delivered,0,24192.53,24192.53
ORD006549,CUST00119,2024-03-23,Credit Card,Cancelled,79,776.69,855.69
ORD006550,CUST00538,2025-10-15,UPI,Delivered,99,2483.47,2582.47
ORD006551,CUST00101,2024-12-08,Credit Card,Delivered,99,403.83,502.83
ORD006552,CUST00559,2025-03-21,Credit Card,Refunded,0,4124.33,4124.33
ORD006553,CUST00405,2025-04-18,Net Banking,Delivered,79,482.17,561.17
ORD006554,CUST00332,2025-10-01,Wallet,Delivered,0,3308.75,3308.75
ORD006555,CUST00453,2025-09-23,Credit Card,Delivered,0,15112.88,15112.88
ORD006556,CUST00035,2025-08-15,Wallet,Delivered,0,2984.35,2984.35
ORD006557,CUST00466,2025-11-08,UPI,Delivered,0,20884.88,20884.88
ORD006558,CUST00097,2024-12-01,Wallet,Delivered,99,1208.33,1307.33
ORD006559,CUST00074,2025-01-02,UPI,Delivered,0,23445.95,23445.95
ORD006560,CUST00517,2025-11-14,UPI,Delivered,0,8982.35,8982.35
ORD006561,CUST00240,2025-10-14,Credit Card,Delivered,49,886.78,935.78
ORD006562,CUST00510,2025-07-25,Credit Card,Delivered,0,2542.91,2542.91
ORD006563,CUST00555,2025-09-12,UPI,Delivered,79,2038.09,2117.09
ORD006564,CUST00329,2025-10-26,UPI,Delivered,0,5370.84,5370.84
ORD006565,CUST00104,2025-10-07,UPI,Delivered,79,1736.92,1815.92
ORD006566,CUST00565,2025-11-24,Credit Card,Delivered,49,295.59,344.59
ORD006567,CUST00576,2024-02-18,UPI,Delivered,0,13781.26,13781.26
ORD006568,CUST00493,2024-10-19,UPI,Delivered,0,6014.62,6014.62
ORD006569,CUST00310,2025-09-18,Credit Card,Delivered,0,4870.71,4870.71
ORD006570,CUST00453,2024-03-21,Wallet,Delivered,0,8384.83,8384.83
ORD006571,CUST00448,2025-09-11,Wallet,Cancelled,0,4514.62,4514.62
ORD006572,CUST00279,2025-10-22,Debit Card,Delivered,79,1564.15,1643.15
ORD006573,CUST00050,2025-01-25,Credit Card,Delivered,0,25774.69,25774.69
ORD006574,CUST00109,2024-10-17,Cash on Delivery,Delivered,0,4791.71,4791.71
ORD006575,CUST00068,2025-04-01,Net Banking,Delivered,79,2374.52,2453.52
ORD006576,CUST00375,2025-08-17,UPI,Delivered,79,1602.07,1681.07
ORD006577,CUST00355,2024-12-24,UPI,Delivered,0,9828.24,9828.24
ORD006578,CUST00251,2024-09-11,Cash on Delivery,Delivered,79,409.84,488.84
ORD006579,CUST00546,2024-11-06,Credit Card,Delivered,79,1200.43,1279.43
ORD006580,CUST00397,2024-12-17,Credit Card,Delivered,0,11173.79,11173.79
ORD006581,CUST00223,2025-01-05,UPI,Delivered,0,4539.58,4539.58
ORD006582,CUST00328,2025-12-11,Credit Card,Delivered,0,3023.72,3023.72
ORD006583,CUST00299,2024-09-26,Credit Card,Delivered,79,311.15,390.15
ORD006584,CUST00145,2025-07-31,UPI,Delivered,79,862.99,941.99
ORD006585,CUST00223,2025-01-06,UPI,Delivered,0,14483.3,14483.3
ORD006586,CUST00055,2025-01-12,Credit Card,Delivered,79,2374.52,2453.52
ORD006587,CUST00348,2025-08-08,Cash on Delivery,Delivered,79,2374.52,2453.52
ORD006588,CUST00279,2025-10-13,UPI,Delivered,49,433.95,482.95
ORD006589,CUST00391,2025-06-07,Debit Card,Delivered,0,8957.0,8957.0
ORD006590,CUST00595,2024-10-22,Cash on Delivery,Delivered,99,1364.75,1463.75
ORD006591,CUST00236,2024-11-20,Wallet,Delivered,0,19965.68,19965.68
ORD006592,CUST00036,2025-08-25,Net Banking,Delivered,79,1089.71,1168.71
ORD006593,CUST00256,2025-05-19,Cash on Delivery,Delivered,0,12949.88,12949.88
ORD006594,CUST00228,2024-10-13,Cash on Delivery,Returned,0,6440.15,6440.15
ORD006595,CUST00273,2025-04-01,UPI,Cancelled,49,295.59,344.59
ORD006596,CUST00487,2025-05-16,Net Banking,Refunded,0,5828.54,5828.54
ORD006597,CUST00575,2024-12-30,Debit Card,Delivered,79,622.3,701.3
ORD006598,CUST00073,2025-01-04,Credit Card,Delivered,99,2374.52,2473.52
ORD006599,CUST00329,2024-08-11,Credit Card,Delivered,0,2830.04,2830.04
ORD006600,CUST00461,2025-04-14,Credit Card,Delivered,0,7123.56,7123.56
ORD006601,CUST00463,2024-08-11,UPI,Delivered,0,16035.92,16035.92
ORD006602,CUST00315,2025-06-21,UPI,Delivered,0,3931.3,3931.3
ORD006603,CUST00145,2025-11-25,Credit Card,Delivered,0,9171.98,9171.98
ORD006604,CUST00186,2024-04-01,Credit Card,Returned,79,1074.02,1153.02
ORD006605,CUST00168,2025-06-04,Credit Card,Delivered,79,385.74,464.74
ORD006606,CUST00178,2024-10-04,UPI,Delivered,0,7687.11,7687.11
ORD006607,CUST00134,2025-06-28,Cash on Delivery,Returned,49,482.17,531.17
ORD006608,CUST00355,2024-12-14,Credit Card,Delivered,0,2954.72,2954.72
ORD006609,CUST00072,2024-11-07,Debit Card,Returned,99,482.17,581.17
ORD006610,CUST00558,2025-06-19,Net Banking,Delivered,0,2830.04,2830.04
ORD006611,CUST00587,2025-10-30,Wallet,Delivered,49,916.12,965.12
ORD006612,CUST00385,2025-10-16,Credit Card,Delivered,0,4147.26,4147.26
ORD006613,CUST00346,2025-09-05,Credit Card,Delivered,0,19374.05,19374.05
ORD006614,CUST00434,2025-12-12,Cash on Delivery,Delivered,0,5721.16,5721.16
ORD006615,CUST00549,2025-09-07,UPI,Delivered,0,11381.34,11381.34
ORD006616,CUST00382,2024-01-14,UPI,Delivered,79,1269.06,1348.06
ORD006617,CUST00430,2025-07-31,Credit Card,Delivered,0,7979.97,7979.97
ORD006618,CUST00459,2025-08-02,UPI,Delivered,0,9763.16,9763.16
ORD006619,CUST00346,2025-07-23,Wallet,Delivered,79,458.06,537.06
ORD006620,CUST00279,2025-10-02,UPI,Delivered,0,3319.0,3319.0
ORD006621,CUST00226,2024-11-14,Credit Card,Delivered,0,4796.7,4796.7
ORD006622,CUST00178,2025-08-06,Credit Card,Delivered,0,5956.54,5956.54
ORD006623,CUST00502,2025-11-02,UPI,Cancelled,79,264.48,343.48
ORD006624,CUST00496,2025-05-14,Credit Card,Delivered,79,311.15,390.15
ORD006625,CUST00299,2025-06-21,Cash on Delivery,Delivered,0,6814.21,6814.21
ORD006626,CUST00328,2024-12-12,UPI,Delivered,79,622.3,701.3
ORD006627,CUST00317,2025-11-18,Cash on Delivery,Delivered,79,867.91,946.91
ORD006628,CUST00399,2025-10-30,UPI,Delivered,0,8445.9,8445.9
ORD006629,CUST00304,2024-05-22,Credit Card,Delivered,99,2398.35,2497.35
ORD006630,CUST00191,2024-01-01,Credit Card,Delivered,79,2181.61,2260.61
ORD006631,CUST00254,2024-11-10,Debit Card,Delivered,99,2398.35,2497.35
ORD006632,CUST00536,2025-09-04,UPI,Delivered,0,11342.67,11342.67
ORD006633,CUST00530,2025-12-03,UPI,Delivered,0,4059.9,4059.9
ORD006634,CUST00157,2025-10-29,Wallet,Returned,79,1288.07,1367.07
ORD006635,CUST00329,2024-07-27,Wallet,Delivered,99,458.06,557.06
ORD006636,CUST00573,2025-06-01,Cash on Delivery,Delivered,0,2619.24,2619.24
ORD006637,CUST00132,2024-11-09,Debit Card,Delivered,0,4116.68,4116.68
ORD006638,CUST00150,2024-09-07,Debit Card,Delivered,0,5045.75,5045.75
ORD006639,CUST00573,2024-09-12,UPI,Delivered,79,295.59,374.59
ORD006640,CUST00289,2025-06-04,Wallet,Returned,0,18829.63,18829.63
ORD006641,CUST00240,2025-10-10,Wallet,Delivered,49,2158.52,2207.52
ORD006642,CUST00453,2024-09-09,UPI,Delivered,99,855.28,954.28
ORD006643,CUST00345,2025-11-29,Credit Card,Delivered,0,2664.17,2664.17
ORD006644,CUST00469,2025-10-02,Credit Card,Delivered,0,6227.44,6227.44
ORD006645,CUST00549,2025-08-28,Debit Card,Delivered,0,14075.56,14075.56
ORD006646,CUST00279,2025-11-01,UPI,Delivered,0,4100.5,4100.5
ORD006647,CUST00502,2025-03-07,UPI,Delivered,0,2500.51,2500.51
ORD006648,CUST00329,2024-07-24,Credit Card,Cancelled,79,840.1,919.1
ORD006649,CUST00240,2025-10-04,UPI,Delivered,0,2808.47,2808.47
ORD006650,CUST00435,2024-12-29,Net Banking,Delivered,49,2353.66,2402.66
ORD006651,CUST00221,2024-06-29,Credit Card,Delivered,49,916.12,965.12
ORD006652,CUST00035,2025-08-11,UPI,Delivered,0,8266.55,8266.55
ORD006653,CUST00588,2025-06-25,Credit Card,Delivered,79,2374.52,2453.52
ORD006654,CUST00422,2024-12-15,Cash on Delivery,Returned,0,4077.2,4077.2
ORD006655,CUST00168,2025-09-10,Credit Card,Delivered,99,2147.45,2246.45
ORD006656,CUST00463,2024-11-02,Credit Card,Returned,79,482.17,561.17
ORD006657,CUST00326,2024-07-11,UPI,Delivered,0,3416.6,3416.6
ORD006658,CUST00039,2025-06-11,Debit Card,Delivered,0,15753.33,15753.33
ORD006659,CUST00340,2025-07-10,Cash on Delivery,Delivered,0,8406.17,8406.17
ORD006660,CUST00332,2024-06-24,UPI,Delivered,49,1775.55,1824.55
ORD006661,CUST00023,2024-12-25,UPI,Returned,0,4731.42,4731.42
ORD006662,CUST00245,2025-11-19,Debit Card,Delivered,0,12461.36,12461.36
ORD006663,CUST00269,2025-05-01,Debit Card,Delivered,0,5045.75,5045.75
ORD006664,CUST00421,2025-01-06,Wallet,Delivered,99,311.15,410.15
ORD006665,CUST00038,2025-02-18,Credit Card,Delivered,0,3338.43,3338.43
ORD006666,CUST00218,2025-06-21,Cash on Delivery,Delivered,99,933.45,1032.45
ORD006667,CUST00231,2025-10-29,UPI,Delivered,0,7542.48,7542.48
ORD006668,CUST00003,2025-06-23,Wallet,Delivered,0,3431.47,3431.47
ORD006669,CUST00109,2024-11-15,Cash on Delivery,Delivered,99,2137.07,2236.07
ORD006670,CUST00324,2024-12-13,Net Banking,Delivered,49,1582.5,1631.5
ORD006671,CUST00027,2025-10-29,Credit Card,Delivered,0,5601.35,5601.35
ORD006672,CUST00223,2025-03-10,Debit Card,Refunded,0,6115.89,6115.89
ORD006673,CUST00205,2024-08-02,UPI,Delivered,79,1275.46,1354.46
ORD006674,CUST00342,2025-05-10,Cash on Delivery,Delivered,0,5311.32,5311.32
ORD006675,CUST00506,2025-04-19,Credit Card,Delivered,0,5311.32,5311.32
ORD006676,CUST00396,2024-12-06,Credit Card,Delivered,0,7245.14,7245.14
ORD006677,CUST00416,2025-10-20,Debit Card,Delivered,0,7195.05,7195.05
ORD006678,CUST00596,2024-04-12,Credit Card,Delivered,0,14558.72,14558.72
ORD006679,CUST00468,2025-01-13,UPI,Delivered,0,19274.48,19274.48
ORD006680,CUST00507,2024-07-10,Credit Card,Delivered,99,957.5,1056.5
ORD006681,CUST00180,2025-07-23,UPI,Cancelled,0,4471.34,4471.34
ORD006682,CUST00240,2025-10-18,UPI,Delivered,0,12034.27,12034.27
ORD006683,CUST00422,2024-12-20,Debit Card,Delivered,0,8115.22,8115.22
ORD006684,CUST00571,2024-09-15,Credit Card,Delivered,0,22801.3,22801.3
ORD006685,CUST00423,2025-10-28,Credit Card,Returned,0,15306.53,15306.53
ORD006686,CUST00093,2025-09-03,UPI,Delivered,0,10255.59,10255.59
ORD006687,CUST00162,2024-06-21,Credit Card,Returned,79,777.76,856.76
ORD006688,CUST00304,2025-08-19,UPI,Delivered,0,3144.31,3144.31
ORD006689,CUST00453,2024-02-23,Credit Card,Delivered,79,1500.54,1579.54
ORD006690,CUST00229,2025-07-09,Net Banking,Returned,99,733.54,832.54
ORD006691,CUST00072,2025-11-15,Cash on Delivery,Delivered,0,6673.9,6673.9
ORD006692,CUST00262,2024-12-01,Wallet,Delivered,0,6290.67,6290.67
ORD006693,CUST00509,2025-04-15,Credit Card,Delivered,49,311.15,360.15
ORD006694,CUST00248,2025-04-19,UPI,Delivered,99,1350.49,1449.49
ORD006695,CUST00576,2024-09-25,Debit Card,Delivered,0,3732.53,3732.53
ORD006696,CUST00228,2024-10-12,Credit Card,Delivered,99,862.99,961.99
ORD006697,CUST00558,2024-01-19,UPI,Returned,0,4796.7,4796.7
ORD006698,CUST00120,2025-05-19,Debit Card,Delivered,0,15131.22,15131.22
ORD006699,CUST00203,2024-06-14,Cash on Delivery,Delivered,0,9311.32,9311.32
ORD006700,CUST00167,2025-10-25,Credit Card,Delivered,79,675.24,754.24
ORD006701,CUST00434,2025-02-01,Credit Card,Delivered,99,2158.52,2257.52
ORD006702,CUST00176,2025-06-05,Wallet,Refunded,0,5083.73,5083.73
ORD006703,CUST00421,2024-01-28,Wallet,Delivered,0,8901.9,8901.9
ORD006704,CUST00277,2025-09-19,Credit Card,Returned,0,26205.7,26205.7
ORD006705,CUST00530,2025-01-27,Credit Card,Delivered,79,482.17,561.17
ORD006706,CUST00597,2024-01-19,UPI,Delivered,99,1853.18,1952.18
ORD006707,CUST00299,2025-10-02,Credit Card,Delivered,0,7589.75,7589.75
ORD006708,CUST00189,2024-11-04,Cash on Delivery,Delivered,0,4422.71,4422.71
ORD006709,CUST00115,2024-12-25,UPI,Delivered,0,10030.07,10030.07
ORD006710,CUST00122,2024-01-16,UPI,Delivered,99,1562.92,1661.92
ORD006711,CUST00420,2024-07-19,Cash on Delivery,Delivered,49,2255.79,2304.79
ORD006712,CUST00455,2025-08-14,Debit Card,Delivered,0,4369.35,4369.35
ORD006713,CUST00043,2024-11-17,Wallet,Refunded,0,5979.86,5979.86
ORD006714,CUST00068,2025-06-01,Credit Card,Delivered,0,23713.89,23713.89
ORD006715,CUST00249,2024-03-09,Net Banking,Delivered,0,8940.85,8940.85
ORD006716,CUST00153,2025-08-05,UPI,Delivered,0,8934.68,8934.68
ORD006717,CUST00303,2025-10-26,Credit Card,Refunded,0,3642.74,3642.74
ORD006718,CUST00164,2025-11-29,Debit Card,Delivered,0,5727.86,5727.86
ORD006719,CUST00584,2025-12-23,Debit Card,Delivered,0,3800.33,3800.33
ORD006720,CUST00024,2025-01-15,UPI,Delivered,0,3067.38,3067.38
ORD006721,CUST00309,2025-02-23,Debit Card,Delivered,0,3200.52,3200.52
ORD006722,CUST00564,2025-07-25,Wallet,Delivered,99,867.91,966.91
ORD006723,CUST00365,2025-09-28,Wallet,Delivered,49,623.0,672.0
ORD006724,CUST00442,2025-01-28,Debit Card,Delivered,0,2987.48,2987.48
ORD006725,CUST00453,2024-11-15,Debit Card,Delivered,0,5287.13,5287.13
ORD006726,CUST00286,2025-08-22,UPI,Delivered,0,5311.32,5311.32
ORD006727,CUST00142,2024-12-23,Credit Card,Delivered,99,2018.34,2117.34
ORD006728,CUST00216,2025-07-09,Credit Card,Cancelled,0,7178.54,7178.54
ORD006729,CUST00269,2025-11-23,Wallet,Delivered,99,1685.08,1784.08
ORD006730,CUST00453,2024-06-23,UPI,Refunded,0,6481.48,6481.48
ORD006731,CUST00436,2025-06-22,Credit Card,Delivered,99,712.76,811.76
ORD006732,CUST00405,2024-11-22,Net Banking,Delivered,0,9224.49,9224.49
ORD006733,CUST00313,2024-09-16,Cash on Delivery,Delivered,0,12701.33,12701.33
ORD006734,CUST00346,2025-07-16,UPI,Cancelled,79,934.15,1013.15
ORD006735,CUST00165,2025-02-25,UPI,Delivered,0,18830.94,18830.94
ORD006736,CUST00195,2025-11-24,Cash on Delivery,Delivered,0,13583.82,13583.82
ORD006737,CUST00317,2025-11-21,UPI,Delivered,0,3347.08,3347.08
ORD006738,CUST00390,2025-11-08,Credit Card,Delivered,0,8177.19,8177.19
ORD006739,CUST00317,2024-09-24,Net Banking,Delivered,49,311.15,360.15
ORD006740,CUST00243,2025-12-13,UPI,Cancelled,0,2963.77,2963.77
ORD006741,CUST00124,2025-07-28,UPI,Delivered,99,862.99,961.99
ORD006742,CUST00068,2025-06-22,Net Banking,Delivered,0,3493.68,3493.68
ORD006743,CUST00355,2025-10-04,Credit Card,Delivered,0,12994.77,12994.77
ORD006744,CUST00024,2024-06-12,Debit Card,Delivered,0,10093.19,10093.19
ORD006745,CUST00170,2025-07-03,UPI,Delivered,99,2018.34,2117.34
ORD006746,CUST00434,2024-07-15,Net Banking,Delivered,0,12314.59,12314.59
ORD006747,CUST00366,2025-10-13,Wallet,Returned,99,1754.57,1853.57
ORD006748,CUST00600,2024-09-07,UPI,Delivered,0,3694.86,3694.86
ORD006749,CUST00367,2025-12-24,Credit Card,Returned,0,7171.22,7171.22
ORD006750,CUST00281,2025-03-28,Cash on Delivery,Cancelled,0,4004.41,4004.41
ORD006751,CUST00338,2025-05-02,Net Banking,Delivered,0,7337.58,7337.58
ORD006752,CUST00448,2024-07-15,Credit Card,Returned,0,14103.28,14103.28
ORD006753,CUST00363,2024-11-23,Wallet,Delivered,0,5311.32,5311.32
ORD006754,CUST00590,2024-10-10,Net Banking,Delivered,0,9871.53,9871.53
ORD006755,CUST00473,2025-03-28,Net Banking,Delivered,0,13039.69,13039.69
ORD006756,CUST00098,2025-06-06,UPI,Returned,0,11364.18,11364.18
ORD006757,CUST00403,2025-11-05,Wallet,Returned,0,14091.17,14091.17
ORD006758,CUST00309,2025-08-18,UPI,Delivered,0,21473.33,21473.33
ORD006759,CUST00421,2024-11-08,UPI,Cancelled,79,482.17,561.17
ORD006760,CUST00300,2025-08-24,Net Banking,Delivered,0,7337.58,7337.58
ORD006761,CUST00145,2024-10-09,Net Banking,Delivered,0,10006.31,10006.31
ORD006762,CUST00531,2025-12-26,Credit Card,Delivered,99,712.76,811.76
ORD006763,CUST00353,2025-05-11,Credit Card,Delivered,0,21583.14,21583.14
ORD006764,CUST00473,2025-12-29,Cash on Delivery,Delivered,0,3652.61,3652.61
ORD006765,CUST00406,2025-10-27,UPI,Delivered,0,19052.29,19052.29
ORD006766,CUST00566,2024-06-07,Cash on Delivery,Delivered,99,1639.68,1738.68
ORD006767,CUST00326,2024-09-29,Cash on Delivery,Delivered,0,9945.77,9945.77
ORD006768,CUST00339,2024-09-12,Credit Card,Delivered,0,13442.64,13442.64
ORD006769,CUST00506,2024-10-19,Credit Card,Delivered,0,4911.78,4911.78
ORD006770,CUST00401,2024-07-02,Wallet,Returned,0,6573.91,6573.91
ORD006771,CUST00011,2024-11-10,Credit Card,Delivered,49,2374.52,2423.52
ORD006772,CUST00018,2025-09-04,Debit Card,Delivered,0,7195.05,7195.05
ORD006773,CUST00012,2024-09-26,Cash on Delivery,Delivered,0,3869.72,3869.72
ORD006774,CUST00400,2025-12-18,Net Banking,Delivered,0,12140.53,12140.53
ORD006775,CUST00398,2025-04-13,Debit Card,Cancelled,79,482.17,561.17
ORD006776,CUST00335,2025-10-25,Credit Card,Delivered,0,8734.89,8734.89
ORD006777,CUST00396,2024-11-15,Credit Card,Delivered,0,5775.46,5775.46
ORD006778,CUST00055,2024-09-04,Credit Card,Delivered,79,909.62,988.62
ORD006779,CUST00173,2025-07-02,Wallet,Delivered,79,1129.19,1208.19
ORD006780,CUST00496,2025-10-29,Debit Card,Delivered,0,4796.7,4796.7
ORD006781,CUST00532,2025-10-18,Wallet,Delivered,0,36249.07,36249.07
ORD006782,CUST00528,2024-11-16,Cash on Delivery,Delivered,79,458.06,537.06
ORD006783,CUST00537,2024-12-16,UPI,Delivered,0,4688.0,4688.0
ORD006784,CUST00434,2025-04-05,Net Banking,Delivered,0,15469.06,15469.06
ORD006785,CUST00172,2025-09-11,UPI,Delivered,0,8436.51,8436.51
ORD006786,CUST00039,2025-12-09,Debit Card,Delivered,0,5374.58,5374.58
ORD006787,CUST00039,2025-05-31,Credit Card,Cancelled,79,1925.62,2004.62
ORD006788,CUST00157,2024-12-23,Credit Card,Delivered,0,17747.56,17747.56
ORD006789,CUST00303,2025-10-13,UPI,Delivered,0,3549.19,3549.19
ORD006790,CUST00541,2025-04-16,Net Banking,Delivered,49,2353.62,2402.62
ORD006791,CUST00573,2024-06-07,Debit Card,Delivered,79,2137.07,2216.07
ORD006792,CUST00189,2024-12-09,UPI,Delivered,0,3007.47,3007.47
ORD006793,CUST00579,2024-06-07,Credit Card,Delivered,99,1000.15,1099.15
ORD006794,CUST00095,2024-04-04,Wallet,Delivered,0,17415.13,17415.13
ORD006795,CUST00279,2025-10-22,UPI,Delivered,0,5686.18,5686.18
ORD006796,CUST00153,2025-08-03,Wallet,Delivered,0,2584.35,2584.35
ORD006797,CUST00335,2025-11-03,Net Banking,Delivered,0,14896.91,14896.91
ORD006798,CUST00093,2024-06-06,UPI,Delivered,0,14508.02,14508.02
ORD006799,CUST00388,2025-01-02,Credit Card,Delivered,99,482.17,581.17
ORD006800,CUST00240,2025-09-28,Credit Card,Delivered,0,7014.58,7014.58
ORD006801,CUST00492,2025-04-14,Credit Card,Delivered,49,2398.35,2447.35
ORD006802,CUST00072,2024-11-01,Credit Card,Returned,0,9302.53,9302.53
ORD006803,CUST00168,2024-09-27,Wallet,Delivered,0,2685.67,2685.67
ORD006804,CUST00063,2025-07-13,UPI,Returned,0,7755.25,7755.25
ORD006805,CUST00279,2025-10-21,Credit Card,Delivered,0,9171.98,9171.98
ORD006806,CUST00184,2024-09-14,Cash on Delivery,Delivered,79,2273.41,2352.41
ORD006807,CUST00342,2025-04-18,UPI,Delivered,0,14742.36,14742.36
ORD006808,CUST00434,2024-12-11,UPI,Delivered,0,16457.47,16457.47
ORD006809,CUST00250,2025-07-31,Credit Card,Delivered,0,4514.62,4514.62
ORD006810,CUST00373,2024-04-11,Debit Card,Delivered,0,10225.85,10225.85
ORD006811,CUST00084,2025-07-10,Cash on Delivery,Delivered,79,974.42,1053.42
ORD006812,CUST00283,2025-10-23,Net Banking,Delivered,79,1912.7,1991.7
ORD006813,CUST00355,2025-01-19,Debit Card,Delivered,0,8007.95,8007.95
ORD006814,CUST00533,2024-11-26,UPI,Delivered,0,2532.95,2532.95
ORD006815,CUST00498,2024-03-23,UPI,Delivered,99,2374.52,2473.52
ORD006816,CUST00381,2025-09-04,Credit Card,Delivered,0,13830.78,13830.78
ORD006817,CUST00531,2024-05-22,Credit Card,Delivered,0,6689.85,6689.85
ORD006818,CUST00426,2025-03-17,Credit Card,Returned,0,6931.38,6931.38
ORD006819,CUST00518,2024-10-07,UPI,Delivered,0,3493.68,3493.68
ORD006820,CUST00434,2025-11-01,UPI,Delivered,0,12123.18,12123.18
ORD006821,CUST00279,2025-10-29,Credit Card,Delivered,0,3837.36,3837.36
ORD006822,CUST00275,2024-04-27,UPI,Refunded,99,2073.63,2172.63
ORD006823,CUST00589,2025-10-08,Cash on Delivery,Delivered,0,11559.52,11559.52
ORD006824,CUST00364,2025-09-14,Debit Card,Delivered,0,8498.11,8498.11
ORD006825,CUST00439,2024-06-19,UPI,Delivered,0,30810.68,30810.68
ORD006826,CUST00414,2025-05-30,Cash on Delivery,Delivered,0,9828.24,9828.24
ORD006827,CUST00299,2025-06-21,Debit Card,Delivered,49,2374.52,2423.52
ORD006828,CUST00061,2025-11-13,Wallet,Delivered,0,5311.32,5311.32
ORD006829,CUST00117,2025-09-03,UPI,Delivered,99,1350.34,1449.34
ORD006830,CUST00433,2025-03-23,Net Banking,Cancelled,0,5143.08,5143.08
ORD006831,CUST00421,2025-06-06,Debit Card,Delivered,0,8216.98,8216.98
ORD006832,CUST00396,2025-01-12,Debit Card,Delivered,0,9560.38,9560.38
ORD006833,CUST00561,2025-05-27,Cash on Delivery,Delivered,79,675.24,754.24
ORD006834,CUST00593,2025-02-14,Debit Card,Delivered,49,809.55,858.55
ORD006835,CUST00116,2024-08-02,Cash on Delivery,Delivered,0,9461.39,9461.39
ORD006836,CUST00342,2025-12-27,Net Banking,Delivered,79,1322.35,1401.35
ORD006837,CUST00543,2025-06-29,Net Banking,Delivered,0,7530.88,7530.88
ORD006838,CUST00227,2025-11-14,Net Banking,Cancelled,0,5404.96,5404.96
ORD006839,CUST00326,2024-07-08,UPI,Returned,0,2511.08,2511.08
ORD006840,CUST00335,2025-10-15,Credit Card,Delivered,99,280.03,379.03
ORD006841,CUST00329,2024-06-29,Wallet,Delivered,0,7151.77,7151.77
ORD006842,CUST00279,2025-12-15,Wallet,Returned,0,2500.51,2500.51
ORD006843,CUST00313,2025-11-07,Debit Card,Delivered,49,840.7,889.7
ORD006844,CUST00392,2025-05-21,UPI,Delivered,0,4643.67,4643.67
ORD006845,CUST00072,2025-05-21,UPI,Delivered,0,3142.61,3142.61
ORD006846,CUST00479,2025-03-12,UPI,Delivered,0,5514.76,5514.76
ORD006847,CUST00581,2025-10-29,Debit Card,Delivered,0,7982.0,7982.0
ORD006848,CUST00485,2024-12-27,Debit Card,Returned,0,10866.11,10866.11
ORD006849,CUST00581,2025-04-05,UPI,Returned,0,17721.41,17721.41
ORD006850,CUST00215,2025-11-15,Credit Card,Delivered,79,482.17,561.17
ORD006851,CUST00269,2025-10-10,Debit Card,Delivered,0,11275.77,11275.77
ORD006852,CUST00209,2025-08-21,Credit Card,Delivered,0,11185.29,11185.29
ORD006853,CUST00163,2024-07-08,Wallet,Delivered,49,482.17,531.17
ORD006854,CUST00510,2024-11-07,Credit Card,Delivered,0,3493.68,3493.68
ORD006855,CUST00079,2024-04-24,UPI,Delivered,49,1362.85,1411.85
ORD006856,CUST00116,2024-06-21,Debit Card,Delivered,0,6474.94,6474.94
ORD006857,CUST00363,2025-12-24,UPI,Delivered,0,3998.89,3998.89
ORD006858,CUST00190,2024-06-18,Credit Card,Delivered,49,482.17,531.17
ORD006859,CUST00275,2025-11-18,Credit Card,Refunded,0,8927.45,8927.45
ORD006860,CUST00141,2025-05-05,Credit Card,Delivered,79,1631.74,1710.74
ORD006861,CUST00510,2024-01-26,Cash on Delivery,Cancelled,99,862.99,961.99
ORD006862,CUST00389,2025-08-06,Debit Card,Delivered,49,750.27,799.27
ORD006863,CUST00249,2025-05-19,Debit Card,Delivered,0,2538.11,2538.11
ORD006864,CUST00277,2025-02-01,Credit Card,Returned,79,837.9,916.9
ORD006865,CUST00012,2025-04-17,Debit Card,Delivered,0,7709.67,7709.67
ORD006866,CUST00549,2025-08-28,Credit Card,Delivered,0,7328.48,7328.48
ORD006867,CUST00479,2024-11-01,Debit Card,Delivered,79,2374.52,2453.52
ORD006868,CUST00098,2025-07-07,UPI,Delivered,99,1395.82,1494.82
ORD006869,CUST00449,2024-11-13,Credit Card,Delivered,99,1773.9,1872.9
ORD006870,CUST00110,2025-11-10,Credit Card,Cancelled,0,5091.79,5091.79
ORD006871,CUST00589,2024-09-24,UPI,Delivered,79,482.17,561.17
ORD006872,CUST00536,2025-06-03,Wallet,Delivered,0,6327.16,6327.16
ORD006873,CUST00351,2024-03-24,Credit Card,Delivered,99,2142.79,2241.79
ORD006874,CUST00279,2025-10-10,UPI,Delivered,0,6061.59,6061.59
ORD006875,CUST00279,2025-11-07,UPI,Delivered,0,21574.74,21574.74
ORD006876,CUST00293,2024-04-15,UPI,Delivered,49,2452.12,2501.12
ORD006877,CUST00315,2024-07-05,Credit Card,Delivered,99,2137.07,2236.07
ORD006878,CUST00104,2024-07-25,Credit Card,Delivered,0,2788.87,2788.87
ORD006879,CUST00315,2024-08-17,Credit Card,Delivered,0,24126.26,24126.26
ORD006880,CUST00072,2025-11-04,UPI,Delivered,0,7992.41,7992.41
ORD006881,CUST00445,2025-03-28,Cash on Delivery,Returned,0,2757.63,2757.63
ORD006882,CUST00421,2024-12-28,Credit Card,Delivered,0,2931.03,2931.03
ORD006883,CUST00270,2024-08-29,Debit Card,Delivered,0,7072.84,7072.84
ORD006884,CUST00279,2025-10-16,UPI,Delivered,0,14885.04,14885.04
ORD006885,CUST00143,2025-06-14,Credit Card,Cancelled,0,6749.65,6749.65
ORD006886,CUST00111,2025-02-07,UPI,Delivered,99,1709.41,1808.41
ORD006887,CUST00248,2025-12-01,Net Banking,Delivered,0,5311.32,5311.32
ORD006888,CUST00564,2025-04-12,Credit Card,Delivered,99,2445.94,2544.94
ORD006889,CUST00025,2025-11-15,Net Banking,Delivered,0,2793.04,2793.04
ORD006890,CUST00221,2025-07-19,Credit Card,Cancelled,99,1104.47,1203.47
ORD006891,CUST00373,2025-11-27,Net Banking,Cancelled,0,13026.33,13026.33
ORD006892,CUST00541,2024-12-03,UPI,Delivered,99,1899.62,1998.62
ORD006893,CUST00006,2025-07-02,UPI,Delivered,0,3237.51,3237.51
ORD006894,CUST00432,2024-10-04,Credit Card,Delivered,0,6304.42,6304.42
ORD006895,CUST00396,2025-09-20,Debit Card,Delivered,49,2374.52,2423.52
ORD006896,CUST00270,2024-12-11,Debit Card,Delivered,49,964.34,1013.34
ORD006897,CUST00422,2024-12-13,Credit Card,Delivered,49,1523.18,1572.18
ORD006898,CUST00299,2025-05-28,Wallet,Cancelled,0,5406.86,5406.86
ORD006899,CUST00285,2025-05-07,UPI,Delivered,49,529.55,578.55
ORD006900,CUST00053,2024-08-06,Credit Card,Delivered,49,1467.08,1516.08
ORD006901,CUST00410,2025-03-03,UPI,Delivered,0,11161.84,11161.84
ORD006902,CUST00329,2024-07-27,UPI,Delivered,99,1819.25,1918.25
ORD006903,CUST00279,2025-10-04,UPI,Delivered,99,2255.79,2354.79
ORD006904,CUST00592,2025-10-07,Credit Card,Delivered,0,6071.94,6071.94
ORD006905,CUST00313,2025-05-04,Credit Card,Cancelled,0,17783.95,17783.95
ORD006906,CUST00422,2025-03-06,UPI,Delivered,0,3266.26,3266.26
ORD006907,CUST00558,2024-10-15,Debit Card,Delivered,49,1372.57,1421.57
ORD006908,CUST00573,2024-06-04,Wallet,Delivered,0,23866.82,23866.82
ORD006909,CUST00308,2025-01-21,UPI,Delivered,49,750.27,799.27
ORD006910,CUST00189,2024-11-07,UPI,Delivered,49,1335.76,1384.76
ORD006911,CUST00329,2025-11-04,Debit Card,Delivered,0,5364.49,5364.49
ORD006912,CUST00308,2025-02-11,Credit Card,Delivered,0,3750.8,3750.8
ORD006913,CUST00355,2025-01-04,Cash on Delivery,Delivered,99,1446.51,1545.51
ORD006914,CUST00214,2025-06-01,Debit Card,Delivered,0,2721.7,2721.7
ORD006915,CUST00397,2024-12-10,UPI,Delivered,0,12068.57,12068.57
ORD006916,CUST00558,2025-05-12,UPI,Delivered,0,7555.7,7555.7
ORD006917,CUST00031,2024-03-18,Credit Card,Delivered,0,4899.43,4899.43
ORD006918,CUST00309,2024-10-09,Credit Card,Delivered,0,3826.89,3826.89
ORD006919,CUST00025,2024-03-01,Cash on Delivery,Delivered,79,295.59,374.59
ORD006920,CUST00184,2025-05-10,Wallet,Delivered,0,4232.15,4232.15
ORD006921,CUST00299,2024-06-03,UPI,Delivered,0,22080.55,22080.55
ORD006922,CUST00453,2025-11-10,Credit Card,Delivered,99,2035.55,2134.55
ORD006923,CUST00388,2024-12-30,UPI,Delivered,79,2255.79,2334.79
ORD006924,CUST00232,2025-11-07,UPI,Delivered,0,7249.55,7249.55
ORD006925,CUST00117,2025-09-15,UPI,Delivered,0,11545.96,11545.96
ORD006926,CUST00365,2024-10-27,Credit Card,Delivered,0,5660.08,5660.08
ORD006927,CUST00222,2024-11-22,UPI,Cancelled,0,12971.37,12971.37
ORD006928,CUST00414,2024-08-21,Debit Card,Delivered,49,2390.13,2439.13
ORD006929,CUST00221,2025-11-06,Net Banking,Delivered,79,280.03,359.03
ORD006930,CUST00068,2024-10-19,Cash on Delivery,Delivered,0,7438.04,7438.04
ORD006931,CUST00048,2025-04-23,Cash on Delivery,Delivered,0,6592.74,6592.74
ORD006932,CUST00168,2025-06-11,Credit Card,Delivered,0,3801.17,3801.17
ORD006933,CUST00251,2024-05-19,Net Banking,Returned,99,1229.53,1328.53
ORD006934,CUST00068,2025-06-07,UPI,Delivered,99,637.73,736.73
ORD006935,CUST00240,2025-10-10,Net Banking,Delivered,0,18136.21,18136.21
ORD006936,CUST00448,2025-12-19,UPI,Delivered,0,10779.31,10779.31
ORD006937,CUST00223,2025-05-29,Debit Card,Delivered,0,2587.84,2587.84
ORD006938,CUST00559,2025-11-09,Cash on Delivery,Returned,0,2718.51,2718.51
ORD006939,CUST00506,2025-02-12,UPI,Returned,0,15774.91,15774.91
ORD006940,CUST00405,2025-03-09,UPI,Delivered,0,6671.62,6671.62
ORD006941,CUST00403,2024-07-26,UPI,Delivered,0,14625.72,14625.72
ORD006942,CUST00526,2024-04-17,Credit Card,Delivered,0,5207.1,5207.1
ORD006943,CUST00526,2025-11-14,UPI,Delivered,49,482.17,531.17
ORD006944,CUST00585,2024-11-29,UPI,Delivered,0,15845.0,15845.0
ORD006945,CUST00337,2025-08-26,Net Banking,Delivered,79,482.17,561.17
ORD006946,CUST00592,2024-01-22,Credit Card,Delivered,0,18498.79,18498.79
ORD006947,CUST00485,2025-05-28,Debit Card,Delivered,0,46184.06,46184.06
ORD006948,CUST00382,2025-06-29,Cash on Delivery,Delivered,79,2158.52,2237.52
ORD006949,CUST00279,2025-10-30,UPI,Refunded,0,3637.61,3637.61
ORD006950,CUST00520,2025-11-07,UPI,Delivered,0,5179.86,5179.86
ORD006951,CUST00479,2024-11-22,UPI,Delivered,0,3548.53,3548.53
ORD006952,CUST00518,2025-07-12,Cash on Delivery,Delivered,99,957.5,1056.5
ORD006953,CUST00434,2025-06-29,UPI,Returned,0,3632.54,3632.54
ORD006954,CUST00473,2025-11-19,UPI,Delivered,0,8433.91,8433.91
ORD006955,CUST00352,2025-12-06,UPI,Returned,79,657.82,736.82
ORD006956,CUST00228,2024-10-13,UPI,Cancelled,0,30792.28,30792.28
ORD006957,CUST00485,2025-12-31,UPI,Delivered,0,6321.24,6321.24
ORD006958,CUST00209,2024-11-13,Credit Card,Delivered,99,867.91,966.91
ORD006959,CUST00478,2025-05-28,Net Banking,Delivered,0,3338.86,3338.86
ORD006960,CUST00196,2025-06-17,Credit Card,Delivered,0,4811.21,4811.21
ORD006961,CUST00593,2024-08-19,Cash on Delivery,Delivered,0,3552.77,3552.77
ORD006962,CUST00573,2024-06-26,Cash on Delivery,Delivered,0,27777.39,27777.39
ORD006963,CUST00036,2025-07-28,UPI,Delivered,79,2398.35,2477.35
ORD006964,CUST00475,2025-03-29,Credit Card,Delivered,0,5260.55,5260.55
ORD006965,CUST00106,2025-01-10,UPI,Delivered,0,8713.38,8713.38
ORD006966,CUST00558,2025-09-21,Debit Card,Delivered,79,862.99,941.99
ORD006967,CUST00036,2025-12-24,Net Banking,Delivered,0,6276.97,6276.97
ORD006968,CUST00039,2025-06-07,UPI,Delivered,49,295.59,344.59
ORD006969,CUST00001,2025-02-26,Credit Card,Delivered,49,433.95,482.95
ORD006970,CUST00535,2025-11-20,UPI,Delivered,49,458.06,507.06
ORD006971,CUST00519,2025-05-05,Credit Card,Returned,49,248.92,297.92
ORD006972,CUST00403,2025-08-20,Cash on Delivery,Delivered,0,7123.56,7123.56
ORD006973,CUST00299,2024-07-14,Credit Card,Delivered,99,1918.68,2017.68
ORD006974,CUST00292,2024-09-02,Debit Card,Delivered,0,15675.19,15675.19
ORD006975,CUST00555,2025-09-14,Cash on Delivery,Delivered,99,637.73,736.73
ORD006976,CUST00310,2024-02-22,Credit Card,Delivered,79,622.3,701.3
ORD006977,CUST00371,2025-11-25,UPI,Delivered,0,6625.11,6625.11
ORD006978,CUST00011,2024-09-05,Debit Card,Delivered,79,1845.02,1924.02
ORD006979,CUST00279,2025-12-10,Cash on Delivery,Delivered,49,2121.85,2170.85
ORD006980,CUST00382,2024-10-19,Net Banking,Delivered,99,1446.51,1545.51
ORD006981,CUST00243,2025-12-10,Debit Card,Delivered,0,7889.82,7889.82
ORD006982,CUST00262,2024-12-01,UPI,Delivered,0,4772.87,4772.87
ORD006983,CUST00242,2025-05-14,UPI,Delivered,79,2255.79,2334.79
ORD006984,CUST00493,2024-10-16,Debit Card,Delivered,99,657.82,756.82
ORD006985,CUST00233,2024-11-24,Cash on Delivery,Delivered,0,6475.54,6475.54
ORD006986,CUST00459,2025-11-20,Debit Card,Returned,0,3767.08,3767.08
ORD006987,CUST00327,2024-09-07,Credit Card,Delivered,0,4123.14,4123.14
ORD006988,CUST00421,2025-07-25,UPI,Delivered,99,1301.86,1400.86
ORD006989,CUST00273,2025-06-20,Debit Card,Delivered,0,10884.83,10884.83
ORD006990,CUST00035,2025-08-15,Cash on Delivery,Delivered,0,9483.13,9483.13
ORD006991,CUST00463,2024-03-10,Cash on Delivery,Delivered,0,3855.16,3855.16
ORD006992,CUST00329,2024-12-07,UPI,Delivered,79,750.27,829.27
ORD006993,CUST00326,2024-07-10,Credit Card,Delivered,99,311.15,410.15
ORD006994,CUST00038,2025-03-05,Wallet,Delivered,99,2278.43,2377.43
ORD006995,CUST00035,2025-10-10,Credit Card,Cancelled,0,2757.65,2757.65
ORD006996,CUST00558,2025-08-13,UPI,Returned,49,2278.43,2327.43
ORD006997,CUST00466,2025-02-23,UPI,Delivered,0,5713.38,5713.38
ORD006998,CUST00078,2025-05-22,Net Banking,Delivered,0,3319.0,3319.0
ORD006999,CUST00182,2025-10-31,Debit Card,Returned,0,2571.02,2571.02
ORD007000,CUST00578,2025-07-16,Cash on Delivery,Delivered,0,4296.14,4296.14
ORD007001,CUST00324,2024-09-27,Credit Card,Delivered,0,4402.86,4402.86
ORD007002,CUST00434,2024-06-01,Debit Card,Delivered,49,248.92,297.92
ORD007003,CUST00076,2025-05-28,Net Banking,Delivered,99,2398.35,2497.35
ORD007004,CUST00173,2025-03-20,Debit Card,Cancelled,0,4796.7,4796.7
ORD007005,CUST00237,2025-04-07,Net Banking,Delivered,49,409.84,458.84
ORD007006,CUST00421,2024-11-06,Credit Card,Returned,0,9346.17,9346.17
ORD007007,CUST00093,2024-11-26,Credit Card,Delivered,0,16930.2,16930.2
ORD007008,CUST00422,2024-06-28,UPI,Delivered,0,5311.32,5311.32
ORD007009,CUST00299,2025-03-07,UPI,Delivered,99,2266.75,2365.75
ORD007010,CUST00309,2025-09-20,Net Banking,Delivered,0,9824.8,9824.8
ORD007011,CUST00466,2025-03-15,Wallet,Delivered,99,433.95,532.95
ORD007012,CUST00494,2024-10-12,Debit Card,Delivered,0,11586.98,11586.98
ORD007013,CUST00448,2024-11-22,UPI,Delivered,49,433.95,482.95
ORD007014,CUST00548,2025-09-26,UPI,Returned,0,8301.01,8301.01
ORD007015,CUST00535,2025-07-20,Credit Card,Delivered,0,3844.86,3844.86
ORD007016,CUST00327,2024-08-01,Wallet,Delivered,0,5835.82,5835.82
ORD007017,CUST00527,2025-04-20,Credit Card,Cancelled,0,7841.63,7841.63
ORD007018,CUST00264,2025-08-11,UPI,Delivered,99,433.95,532.95
ORD007019,CUST00228,2025-04-28,Cash on Delivery,Delivered,0,2847.64,2847.64
ORD007020,CUST00434,2024-12-22,UPI,Delivered,0,2714.58,2714.58
ORD007021,CUST00273,2024-08-18,Cash on Delivery,Delivered,79,1055.73,1134.73
ORD007022,CUST00279,2025-10-30,UPI,Delivered,0,10622.64,10622.64
ORD007023,CUST00031,2025-01-19,UPI,Delivered,0,6340.44,6340.44
ORD007024,CUST00388,2025-02-04,Debit Card,Delivered,79,2038.6,2117.6
ORD007025,CUST00039,2025-06-11,UPI,Delivered,0,6115.22,6115.22
ORD007026,CUST00347,2025-12-02,Cash on Delivery,Delivered,0,4100.39,4100.39
ORD007027,CUST00569,2024-12-09,Wallet,Delivered,0,16089.48,16089.48
ORD007028,CUST00408,2025-02-14,Credit Card,Returned,99,2398.35,2497.35
ORD007029,CUST00151,2025-03-21,UPI,Returned,49,1350.49,1399.49
ORD007030,CUST00445,2025-01-19,UPI,Delivered,0,5811.13,5811.13
ORD007031,CUST00252,2024-11-17,Debit Card,Delivered,0,2802.18,2802.18
ORD007032,CUST00532,2025-11-30,Debit Card,Delivered,0,8100.87,8100.87
ORD007033,CUST00191,2025-05-17,Debit Card,Delivered,49,1603.35,1652.35
ORD007034,CUST00453,2025-04-09,UPI,Delivered,0,4317.72,4317.72
ORD007035,CUST00275,2025-01-08,Credit Card,Delivered,0,3676.47,3676.47
ORD007036,CUST00595,2024-10-13,UPI,Delivered,0,7774.43,7774.43
ORD007037,CUST00468,2025-10-22,Cash on Delivery,Delivered,49,964.34,1013.34
ORD007038,CUST00099,2025-02-24,Cash on Delivery,Delivered,0,6592.98,6592.98
ORD007039,CUST00381,2024-02-12,Net Banking,Delivered,0,7075.76,7075.76
ORD007040,CUST00166,2025-04-17,UPI,Delivered,49,458.06,507.06
ORD007041,CUST00518,2025-12-23,Wallet,Delivered,0,5687.82,5687.82
ORD007042,CUST00600,2025-12-26,Cash on Delivery,Delivered,0,3338.78,3338.78
ORD007043,CUST00318,2025-10-29,UPI,Delivered,0,4749.04,4749.04
ORD007044,CUST00036,2024-07-06,Credit Card,Delivered,99,458.06,557.06
ORD007045,CUST00001,2025-03-27,UPI,Delivered,0,12202.76,12202.76
ORD007046,CUST00455,2025-07-31,UPI,Delivered,0,4185.64,4185.64
ORD007047,CUST00117,2025-11-22,Cash on Delivery,Delivered,0,8057.37,8057.37
ORD007048,CUST00463,2025-10-05,UPI,Delivered,0,5311.32,5311.32
ORD007049,CUST00421,2025-08-18,Cash on Delivery,Delivered,79,385.74,464.74
ORD007050,CUST00436,2025-03-01,Net Banking,Cancelled,49,2278.43,2327.43
ORD007051,CUST00117,2025-10-13,Net Banking,Delivered,49,2018.34,2067.34
ORD007052,CUST00272,2025-07-08,UPI,Delivered,0,29535.73,29535.73
ORD007053,CUST00434,2025-11-30,Net Banking,Delivered,0,6738.34,6738.34
ORD007054,CUST00454,2025-10-14,UPI,Delivered,99,964.34,1063.34
ORD007055,CUST00266,2025-08-02,UPI,Delivered,0,20786.65,20786.65
ORD007056,CUST00145,2025-05-16,Credit Card,Cancelled,0,10272.31,10272.31
ORD007057,CUST00422,2024-09-19,UPI,Delivered,0,3089.54,3089.54
ORD007058,CUST00313,2024-02-16,UPI,Returned,0,5218.44,5218.44
ORD007059,CUST00028,2024-05-24,UPI,Delivered,49,1613.67,1662.67
ORD007060,CUST00405,2024-11-17,Credit Card,Returned,79,1658.9,1737.9
ORD007061,CUST00266,2025-01-17,Credit Card,Delivered,0,7020.73,7020.73
ORD007062,CUST00315,2024-05-15,UPI,Delivered,99,1045.86,1144.86
ORD007063,CUST00502,2024-10-01,Cash on Delivery,Cancelled,0,6206.06,6206.06
ORD007064,CUST00577,2024-04-10,UPI,Delivered,0,17514.08,17514.08
ORD007065,CUST00068,2024-10-08,Net Banking,Delivered,49,622.3,671.3
ORD007066,CUST00326,2025-08-04,Credit Card,Delivered,79,373.11,452.11
ORD007067,CUST00218,2025-05-30,Credit Card,Delivered,99,1915.0,2014.0
ORD007068,CUST00512,2024-07-12,Debit Card,Delivered,0,5121.13,5121.13
ORD007069,CUST00595,2025-06-12,UPI,Delivered,0,10843.58,10843.58
ORD007070,CUST00185,2025-12-19,Net Banking,Delivered,99,623.0,722.0
ORD007071,CUST00503,2025-08-12,Net Banking,Delivered,0,2943.88,2943.88
ORD007072,CUST00473,2025-03-15,UPI,Delivered,0,7591.86,7591.86
ORD007073,CUST00121,2025-12-24,UPI,Delivered,79,1556.19,1635.19
ORD007074,CUST00532,2025-09-25,Wallet,Delivered,0,10003.21,10003.21
ORD007075,CUST00361,2025-12-13,UPI,Delivered,0,10343.0,10343.0
ORD007076,CUST00036,2025-09-03,Debit Card,Delivered,79,1714.23,1793.23
ORD007077,CUST00580,2025-11-06,Debit Card,Refunded,0,10403.86,10403.86
ORD007078,CUST00195,2025-07-16,Debit Card,Delivered,0,18265.49,18265.49
ORD007079,CUST00381,2024-09-07,Credit Card,Delivered,0,3266.26,3266.26
ORD007080,CUST00434,2024-05-04,Debit Card,Delivered,99,295.59,394.59
ORD007081,CUST00476,2025-12-25,Cash on Delivery,Delivered,99,1335.85,1434.85
ORD007082,CUST00035,2025-08-15,Credit Card,Cancelled,79,675.24,754.24
ORD007083,CUST00039,2025-06-15,Debit Card,Delivered,0,3506.33,3506.33
ORD007084,CUST00556,2025-12-04,Cash on Delivery,Delivered,0,16025.86,16025.86
ORD007085,CUST00586,2025-11-06,UPI,Delivered,0,12015.58,12015.58
ORD007086,CUST00016,2025-08-10,UPI,Delivered,0,11456.26,11456.26
ORD007087,CUST00020,2024-08-06,Credit Card,Delivered,0,10130.49,10130.49
ORD007088,CUST00078,2025-07-01,Credit Card,Delivered,0,3493.68,3493.68
ORD007089,CUST00292,2025-10-07,Credit Card,Delivered,0,6099.92,6099.92
ORD007090,CUST00089,2025-04-10,Debit Card,Delivered,0,11546.5,11546.5
ORD007091,CUST00382,2025-05-23,UPI,Delivered,0,9454.11,9454.11
ORD007092,CUST00068,2024-10-07,Cash on Delivery,Delivered,0,7193.2,7193.2
ORD007093,CUST00236,2024-11-29,UPI,Delivered,79,482.17,561.17
ORD007094,CUST00264,2025-08-11,Credit Card,Delivered,79,1132.39,1211.39
ORD007095,CUST00277,2025-11-20,Wallet,Delivered,0,2700.73,2700.73
ORD007096,CUST00578,2024-05-01,Cash on Delivery,Delivered,0,10123.33,10123.33
ORD007097,CUST00345,2025-06-29,Debit Card,Delivered,0,5745.27,5745.27
ORD007098,CUST00581,2025-04-20,Credit Card,Delivered,0,7695.79,7695.79
ORD007099,CUST00097,2025-10-05,Wallet,Delivered,0,14643.29,14643.29
ORD007100,CUST00039,2025-06-09,Cash on Delivery,Delivered,0,2865.36,2865.36
ORD007101,CUST00453,2024-10-16,UPI,Delivered,49,2137.07,2186.07
ORD007102,CUST00575,2024-12-25,Net Banking,Delivered,79,2038.6,2117.6
ORD007103,CUST00277,2024-06-17,UPI,Delivered,99,458.06,557.06
ORD007104,CUST00573,2025-08-23,Credit Card,Delivered,0,13799.42,13799.42
ORD007105,CUST00539,2025-04-30,UPI,Returned,0,6196.79,6196.79
ORD007106,CUST00359,2024-05-23,UPI,Delivered,49,2374.52,2423.52
ORD007107,CUST00168,2024-05-07,Cash on Delivery,Delivered,0,4528.81,4528.81
ORD007108,CUST00371,2024-07-31,Net Banking,Returned,0,13526.91,13526.91
ORD007109,CUST00502,2025-11-10,UPI,Delivered,0,6585.21,6585.21
ORD007110,CUST00391,2024-01-01,Credit Card,Delivered,0,2571.02,2571.02
ORD007111,CUST00247,2025-02-09,Cash on Delivery,Returned,99,2316.48,2415.48
ORD007112,CUST00326,2024-07-07,UPI,Delivered,79,2374.52,2453.52
ORD007113,CUST00309,2024-12-12,Net Banking,Delivered,0,7297.82,7297.82
ORD007114,CUST00448,2025-04-12,UPI,Delivered,0,5486.45,5486.45
ORD007115,CUST00567,2024-01-21,Debit Card,Cancelled,79,2035.65,2114.65
ORD007116,CUST00360,2024-08-15,UPI,Delivered,0,8305.67,8305.67
ORD007117,CUST00249,2024-11-16,UPI,Delivered,0,2948.69,2948.69
ORD007118,CUST00072,2024-11-11,Credit Card,Delivered,0,2514.09,2514.09
ORD007119,CUST00530,2025-01-22,UPI,Delivered,0,24094.19,24094.19
ORD007120,CUST00215,2025-08-28,Debit Card,Returned,0,4707.91,4707.91
ORD007121,CUST00448,2025-06-18,Debit Card,Delivered,99,1158.24,1257.24
ORD007122,CUST00431,2024-03-15,Credit Card,Delivered,0,4529.09,4529.09
ORD007123,CUST00373,2025-08-30,Wallet,Cancelled,0,4892.34,4892.34
ORD007124,CUST00214,2024-10-04,UPI,Returned,99,1553.38,1652.38
ORD007125,CUST00463,2024-11-09,Debit Card,Returned,49,433.95,482.95
ORD007126,CUST00422,2024-10-23,UPI,Delivered,0,8488.16,8488.16
ORD007127,CUST00110,2025-11-24,Wallet,Delivered,0,5770.23,5770.23
ORD007128,CUST00463,2024-02-16,UPI,Delivered,79,458.06,537.06
ORD007129,CUST00434,2024-10-13,UPI,Delivered,79,2255.79,2334.79
ORD007130,CUST00062,2024-11-11,UPI,Delivered,0,4059.9,4059.9
ORD007131,CUST00471,2025-11-30,Cash on Delivery,Delivered,99,295.59,394.59
ORD007132,CUST00248,2024-06-12,UPI,Delivered,0,6377.89,6377.89
ORD007133,CUST00383,2025-05-06,UPI,Delivered,0,2541.47,2541.47
ORD007134,CUST00463,2025-12-10,Credit Card,Delivered,49,1469.28,1518.28
ORD007135,CUST00461,2025-05-24,Net Banking,Delivered,0,5249.74,5249.74
ORD007136,CUST00377,2024-11-16,Credit Card,Delivered,99,750.27,849.27
ORD007137,CUST00333,2025-04-02,Credit Card,Delivered,0,2966.37,2966.37
ORD007138,CUST00072,2024-11-09,Debit Card,Delivered,0,17836.03,17836.03
ORD007139,CUST00020,2024-03-01,Credit Card,Delivered,0,5793.49,5793.49
ORD007140,CUST00374,2025-09-10,UPI,Delivered,49,2398.35,2447.35
ORD007141,CUST00129,2025-08-18,Credit Card,Delivered,0,5518.83,5518.83
ORD007142,CUST00260,2024-11-23,Wallet,Returned,0,3905.82,3905.82
ORD007143,CUST00420,2025-01-02,Wallet,Delivered,0,13258.18,13258.18
ORD007144,CUST00467,2025-04-10,UPI,Delivered,0,12818.19,12818.19
ORD007145,CUST00158,2024-12-18,Wallet,Delivered,0,4749.04,4749.04
ORD007146,CUST00018,2025-09-13,Debit Card,Delivered,49,1211.48,1260.48
ORD007147,CUST00002,2025-11-03,UPI,Returned,79,2374.52,2453.52
ORD007148,CUST00094,2025-05-19,UPI,Delivered,0,15780.25,15780.25
ORD007149,CUST00288,2024-04-14,Cash on Delivery,Cancelled,0,6192.26,6192.26
ORD007150,CUST00598,2025-06-30,UPI,Delivered,99,2158.52,2257.52
ORD007151,CUST00018,2025-08-31,Net Banking,Cancelled,0,2640.69,2640.69
ORD007152,CUST00423,2025-11-14,UPI,Delivered,0,8422.29,8422.29
ORD007153,CUST00269,2025-09-13,Credit Card,Returned,0,30453.29,30453.29
ORD007154,CUST00291,2024-06-16,Credit Card,Delivered,0,12633.37,12633.37
ORD007155,CUST00007,2025-03-17,UPI,Delivered,99,1639.68,1738.68
ORD007156,CUST00434,2025-09-23,Credit Card,Delivered,0,4329.42,4329.42
ORD007157,CUST00089,2025-04-28,Credit Card,Delivered,0,5394.98,5394.98
ORD007158,CUST00003,2024-03-10,UPI,Cancelled,0,4221.44,4221.44
ORD007159,CUST00372,2025-11-06,Wallet,Delivered,0,3087.28,3087.28
ORD007160,CUST00013,2024-07-27,UPI,Returned,49,409.84,458.84
ORD007161,CUST00277,2024-09-13,Credit Card,Delivered,49,2374.52,2423.52
ORD007162,CUST00366,2025-09-13,UPI,Delivered,79,409.84,488.84
ORD007163,CUST00559,2025-03-06,UPI,Delivered,0,8120.82,8120.82
ORD007164,CUST00285,2025-05-20,Credit Card,Delivered,99,1953.04,2052.04
ORD007165,CUST00421,2025-12-02,Cash on Delivery,Delivered,49,712.76,761.76
ORD007166,CUST00130,2025-12-24,Cash on Delivery,Delivered,0,10938.93,10938.93
ORD007167,CUST00305,2024-08-04,UPI,Delivered,0,4132.92,4132.92
ORD007168,CUST00332,2025-03-28,UPI,Delivered,0,3740.42,3740.42
ORD007169,CUST00162,2025-07-25,UPI,Delivered,0,6012.93,6012.93
ORD007170,CUST00130,2025-10-24,Debit Card,Delivered,99,458.06,557.06
ORD007171,CUST00544,2024-04-21,Wallet,Delivered,0,2693.58,2693.58
ORD007172,CUST00116,2024-12-03,Net Banking,Delivered,79,2374.52,2453.52
ORD007173,CUST00025,2025-12-17,Net Banking,Delivered,0,9944.62,9944.62
ORD007174,CUST00497,2025-08-06,Credit Card,Delivered,0,6044.86,6044.86
ORD007175,CUST00236,2024-11-18,UPI,Delivered,0,6352.39,6352.39
ORD007176,CUST00237,2025-03-27,UPI,Delivered,0,7137.75,7137.75
ORD007177,CUST00277,2025-12-15,Cash on Delivery,Delivered,0,7122.75,7122.75
ORD007178,CUST00391,2024-06-22,UPI,Returned,0,4616.12,4616.12
ORD007179,CUST00279,2025-10-07,Net Banking,Returned,79,2135.82,2214.82
ORD007180,CUST00434,2025-04-24,Debit Card,Delivered,0,26803.27,26803.27
ORD007181,CUST00445,2024-08-08,Debit Card,Delivered,0,3763.28,3763.28
ORD007182,CUST00072,2025-04-03,UPI,Delivered,0,3593.89,3593.89
ORD007183,CUST00369,2025-04-02,Cash on Delivery,Returned,0,11095.22,11095.22
ORD007184,CUST00157,2024-09-02,UPI,Delivered,0,2893.26,2893.26
ORD007185,CUST00421,2025-11-08,Cash on Delivery,Delivered,0,13669.32,13669.32
ORD007186,CUST00595,2025-04-07,Net Banking,Delivered,0,9161.21,9161.21
ORD007187,CUST00046,2024-12-31,Credit Card,Delivered,49,776.69,825.69
ORD007188,CUST00537,2024-12-13,Net Banking,Delivered,79,1768.48,1847.48
ORD007189,CUST00237,2025-03-29,Cash on Delivery,Delivered,0,9408.33,9408.33
ORD007190,CUST00031,2025-11-15,UPI,Delivered,0,4042.41,4042.41
ORD007191,CUST00558,2025-07-31,UPI,Delivered,0,6285.22,6285.22
ORD007192,CUST00279,2025-12-22,Debit Card,Delivered,0,4987.32,4987.32
ORD007193,CUST00250,2025-07-27,UPI,Delivered,0,13958.51,13958.51
ORD007194,CUST00029,2025-11-19,Credit Card,Returned,49,750.27,799.27
ORD007195,CUST00285,2025-07-23,UPI,Delivered,0,9560.38,9560.38
ORD007196,CUST00173,2025-11-30,Wallet,Delivered,0,5163.04,5163.04
ORD007197,CUST00236,2024-12-07,UPI,Delivered,0,4143.08,4143.08
ORD007198,CUST00248,2025-12-26,Cash on Delivery,Delivered,0,4796.7,4796.7
ORD007199,CUST00197,2025-05-28,UPI,Delivered,79,482.17,561.17
ORD007200,CUST00208,2025-08-06,Credit Card,Delivered,79,2462.31,2541.31
ORD007201,CUST00556,2025-12-25,Debit Card,Delivered,0,45434.35,45434.35
ORD007202,CUST00438,2024-06-01,Cash on Delivery,Delivered,0,9681.58,9681.58
ORD007203,CUST00023,2024-11-02,Net Banking,Returned,0,3719.51,3719.51
ORD007204,CUST00469,2024-11-20,UPI,Delivered,79,690.39,769.39
ORD007205,CUST00178,2024-11-20,Credit Card,Delivered,49,1982.71,2031.71
ORD007206,CUST00072,2025-11-08,Debit Card,Delivered,0,7448.39,7448.39
ORD007207,CUST00133,2025-03-25,UPI,Returned,79,311.15,390.15
ORD007208,CUST00267,2025-02-15,UPI,Delivered,0,28691.7,28691.7
ORD007209,CUST00023,2024-12-27,Credit Card,Delivered,0,9828.24,9828.24
ORD007210,CUST00467,2024-12-01,UPI,Delivered,0,2721.27,2721.27
ORD007211,CUST00129,2025-09-23,UPI,Cancelled,79,385.74,464.74
ORD007212,CUST00395,2025-04-02,Credit Card,Delivered,0,11723.35,11723.35
ORD007213,CUST00183,2025-06-28,Debit Card,Delivered,0,4818.08,4818.08
ORD007214,CUST00038,2025-02-18,UPI,Delivered,0,5114.97,5114.97
ORD007215,CUST00256,2025-06-08,UPI,Delivered,0,4275.89,4275.89
ORD007216,CUST00358,2025-07-17,UPI,Delivered,79,2278.43,2357.43
ORD007217,CUST00577,2024-04-30,UPI,Delivered,79,248.92,327.92
ORD007218,CUST00348,2025-03-14,UPI,Delivered,99,964.34,1063.34
ORD007219,CUST00529,2025-05-18,Cash on Delivery,Delivered,79,2398.35,2477.35
ORD007220,CUST00223,2025-10-18,Debit Card,Delivered,0,7588.0,7588.0
ORD007221,CUST00059,2025-12-24,Debit Card,Delivered,0,6581.23,6581.23
ORD007222,CUST00279,2025-12-07,Cash on Delivery,Delivered,0,5311.32,5311.32
ORD007223,CUST00329,2025-12-24,Credit Card,Cancelled,0,24283.41,24283.41
ORD007224,CUST00573,2024-11-17,UPI,Delivered,0,14437.42,14437.42
ORD007225,CUST00249,2025-11-07,UPI,Delivered,0,8626.14,8626.14
ORD007226,CUST00402,2025-01-18,Debit Card,Delivered,0,5045.75,5045.75
ORD007227,CUST00573,2024-10-04,Credit Card,Cancelled,49,2028.17,2077.17
ORD007228,CUST00372,2025-10-28,Credit Card,Delivered,0,9222.4,9222.4
ORD007229,CUST00232,2024-02-10,Debit Card,Delivered,0,13844.82,13844.82
ORD007230,CUST00139,2025-01-13,UPI,Delivered,79,482.17,561.17
ORD007231,CUST00133,2024-03-29,Cash on Delivery,Delivered,0,7149.88,7149.88
ORD007232,CUST00510,2025-10-20,Credit Card,Delivered,99,295.59,394.59
ORD007233,CUST00269,2024-01-25,Credit Card,Delivered,79,2158.52,2237.52
ORD007234,CUST00510,2025-12-13,Cash on Delivery,Delivered,0,4772.87,4772.87
ORD007235,CUST00032,2025-09-12,UPI,Delivered,99,750.27,849.27
ORD007236,CUST00191,2024-11-15,Credit Card,Delivered,79,458.06,537.06
ORD007237,CUST00248,2024-11-20,Debit Card,Delivered,0,7261.59,7261.59
ORD007238,CUST00564,2025-04-27,UPI,Delivered,0,5192.06,5192.06
ORD007239,CUST00078,2025-06-10,UPI,Delivered,49,2374.52,2423.52
ORD007240,CUST00080,2025-07-07,Credit Card,Delivered,79,1145.07,1224.07
ORD007241,CUST00085,2025-05-09,UPI,Delivered,0,5264.16,5264.16
ORD007242,CUST00247,2025-09-06,Net Banking,Delivered,0,4914.12,4914.12
ORD007243,CUST00247,2024-05-27,Credit Card,Delivered,99,712.76,811.76
ORD007244,CUST00010,2025-02-24,UPI,Delivered,79,433.95,512.95
ORD007245,CUST00497,2024-02-17,UPI,Delivered,0,5785.53,5785.53
ORD007246,CUST00434,2024-01-17,Cash on Delivery,Delivered,0,16775.01,16775.01
ORD007247,CUST00175,2024-12-02,Cash on Delivery,Returned,99,957.5,1056.5
ORD007248,CUST00313,2025-10-13,Debit Card,Delivered,99,482.17,581.17
ORD007249,CUST00068,2025-06-20,Credit Card,Delivered,0,5045.75,5045.75
ORD007250,CUST00380,2024-05-27,UPI,Delivered,49,1304.61,1353.61
ORD007251,CUST00384,2024-11-05,UPI,Delivered,79,498.4,577.4
ORD007252,CUST00341,2025-01-19,Credit Card,Returned,0,13312.67,13312.67
ORD007253,CUST00285,2025-04-30,Credit Card,Delivered,0,4185.64,4185.64
ORD007254,CUST00305,2024-03-21,Cash on Delivery,Delivered,0,6808.09,6808.09
ORD007255,CUST00585,2024-10-20,Credit Card,Delivered,0,7194.38,7194.38
ORD007256,CUST00502,2024-12-30,Credit Card,Delivered,99,2195.6,2294.6
ORD007257,CUST00573,2024-04-06,Credit Card,Returned,99,591.18,690.18
ORD007258,CUST00158,2024-06-13,Debit Card,Delivered,0,3511.25,3511.25
ORD007259,CUST00549,2025-10-25,Credit Card,Delivered,99,1364.75,1463.75
ORD007260,CUST00010,2025-06-09,Credit Card,Delivered,0,4381.78,4381.78
ORD007261,CUST00186,2025-06-13,Debit Card,Returned,0,3817.02,3817.02
ORD007262,CUST00342,2025-12-28,Wallet,Delivered,0,8992.08,8992.08
ORD007263,CUST00130,2025-11-04,Net Banking,Delivered,79,1145.07,1224.07
ORD007264,CUST00414,2025-11-18,Cash on Delivery,Delivered,99,311.15,410.15
ORD007265,CUST00595,2025-01-25,Cash on Delivery,Delivered,99,1184.22,1283.22
ORD007266,CUST00456,2024-12-01,UPI,Delivered,0,3048.32,3048.32
ORD007267,CUST00410,2025-04-27,Credit Card,Delivered,0,7344.65,7344.65
ORD007268,CUST00543,2025-01-21,Credit Card,Delivered,79,458.06,537.06
ORD007269,CUST00005,2025-08-29,Net Banking,Delivered,0,14490.88,14490.88
ORD007270,CUST00068,2024-10-23,Debit Card,Delivered,0,4796.7,4796.7
ORD007271,CUST00377,2025-01-01,Net Banking,Delivered,49,1083.95,1132.95
ORD007272,CUST00580,2025-03-04,Debit Card,Delivered,0,5026.05,5026.05
ORD007273,CUST00128,2025-06-28,Credit Card,Delivered,0,3206.7,3206.7
ORD007274,CUST00050,2025-10-15,Debit Card,Delivered,79,1475.95,1554.95
ORD007275,CUST00299,2024-07-01,Credit Card,Delivered,79,657.82,736.82
ORD007276,CUST00340,2024-07-02,Credit Card,Cancelled,0,26140.14,26140.14
ORD007277,CUST00247,2024-01-11,Credit Card,Delivered,0,7004.49,7004.49
ORD007278,CUST00140,2025-11-12,UPI,Delivered,0,14558.72,14558.72
ORD007279,CUST00229,2024-09-08,Debit Card,Returned,0,3407.68,3407.68
ORD007280,CUST00286,2025-12-31,UPI,Delivered,0,14992.72,14992.72
ORD007281,CUST00299,2024-07-27,UPI,Delivered,0,6115.79,6115.79
ORD007282,CUST00264,2025-07-31,UPI,Delivered,0,2935.22,2935.22
ORD007283,CUST00083,2024-06-19,Debit Card,Delivered,49,482.17,531.17
ORD007284,CUST00378,2025-10-10,Credit Card,Delivered,49,612.96,661.96
ORD007285,CUST00557,2025-10-14,Credit Card,Delivered,49,433.95,482.95
ORD007286,CUST00130,2025-10-22,Debit Card,Delivered,0,7065.52,7065.52
ORD007287,CUST00101,2025-10-23,Debit Card,Returned,0,2753.54,2753.54
ORD007288,CUST00434,2025-06-07,Debit Card,Cancelled,0,30146.22,30146.22
ORD007289,CUST00178,2024-09-30,Credit Card,Delivered,0,13137.05,13137.05
ORD007290,CUST00345,2024-10-09,Credit Card,Delivered,99,433.95,532.95
ORD007291,CUST00072,2025-12-15,Credit Card,Returned,0,4177.0,4177.0
ORD007292,CUST00573,2025-06-25,Net Banking,Cancelled,49,2374.52,2423.52
ORD007293,CUST00286,2025-09-10,Wallet,Delivered,0,3911.33,3911.33
ORD007294,CUST00024,2024-07-06,Credit Card,Delivered,0,4914.12,4914.12
ORD007295,CUST00332,2025-08-06,Cash on Delivery,Delivered,49,482.17,531.17
ORD007296,CUST00592,2024-06-22,UPI,Delivered,79,1229.53,1308.53
ORD007297,CUST00405,2025-07-15,Credit Card,Delivered,0,17728.26,17728.26
ORD007298,CUST00579,2024-11-27,Net Banking,Delivered,99,1350.49,1449.49
ORD007299,CUST00323,2024-08-17,Debit Card,Delivered,0,3756.51,3756.51
ORD007300,CUST00568,2024-12-14,Credit Card,Delivered,0,5311.32,5311.32
ORD007301,CUST00558,2025-06-03,Credit Card,Delivered,0,4778.51,4778.51
ORD007302,CUST00269,2024-10-07,Wallet,Delivered,0,4668.41,4668.41
ORD007303,CUST00352,2025-11-25,Wallet,Cancelled,0,6767.38,6767.38
ORD007304,CUST00072,2025-11-19,Credit Card,Delivered,0,6898.04,6898.04
ORD007305,CUST00231,2025-11-21,Credit Card,Delivered,0,8087.69,8087.69
ORD007306,CUST00184,2024-06-15,Credit Card,Delivered,0,3036.85,3036.85
ORD007307,CUST00588,2025-02-17,UPI,Returned,49,750.27,799.27
ORD007308,CUST00286,2025-08-21,Cash on Delivery,Delivered,99,750.27,849.27
ORD007309,CUST00476,2025-06-11,Credit Card,Returned,79,750.27,829.27
ORD007310,CUST00405,2025-11-21,Cash on Delivery,Delivered,0,5348.07,5348.07
ORD007311,CUST00216,2024-05-16,Cash on Delivery,Delivered,49,409.84,458.84
ORD007312,CUST00519,2025-06-06,Credit Card,Delivered,0,7397.68,7397.68
ORD007313,CUST00574,2024-11-10,Wallet,Returned,0,7195.05,7195.05
ORD007314,CUST00236,2025-07-18,UPI,Returned,49,750.27,799.27
ORD007315,CUST00147,2025-02-08,Cash on Delivery,Delivered,0,4763.12,4763.12
ORD007316,CUST00077,2025-11-15,Credit Card,Delivered,0,6010.09,6010.09
ORD007317,CUST00420,2024-10-05,Credit Card,Delivered,0,22395.32,22395.32
ORD007318,CUST00223,2025-07-31,Credit Card,Delivered,0,12402.82,12402.82
ORD007319,CUST00396,2025-04-26,Net Banking,Delivered,49,1549.86,1598.86
ORD007320,CUST00197,2025-03-08,Cash on Delivery,Delivered,0,5014.92,5014.92
ORD007321,CUST00480,2025-06-15,Credit Card,Delivered,0,5406.66,5406.66
ORD007322,CUST00109,2025-06-04,UPI,Delivered,0,8325.13,8325.13
ORD007323,CUST00317,2024-08-09,UPI,Delivered,0,7381.04,7381.04
ORD007324,CUST00098,2024-10-26,Credit Card,Delivered,0,3023.28,3023.28
ORD007325,CUST00248,2024-11-02,Wallet,Cancelled,49,2255.79,2304.79
ORD007326,CUST00473,2025-03-20,Credit Card,Delivered,0,4780.19,4780.19
ORD007327,CUST00313,2024-01-13,Cash on Delivery,Delivered,0,5570.65,5570.65
ORD007328,CUST00148,2025-07-04,Credit Card,Delivered,0,17092.38,17092.38
ORD007329,CUST00284,2024-11-21,Net Banking,Delivered,49,1215.71,1264.71
ORD007330,CUST00558,2024-04-23,UPI,Delivered,79,458.06,537.06
ORD007331,CUST00126,2024-11-17,Credit Card,Delivered,49,2386.05,2435.05
ORD007332,CUST00285,2025-06-22,UPI,Delivered,49,1374.18,1423.18
ORD007333,CUST00331,2025-11-21,Credit Card,Delivered,79,2158.52,2237.52
ORD007334,CUST00311,2025-07-20,UPI,Delivered,0,2850.69,2850.69
ORD007335,CUST00502,2024-08-31,Wallet,Delivered,0,6649.51,6649.51
ORD007336,CUST00573,2024-11-15,Credit Card,Returned,79,1208.33,1287.33
ORD007337,CUST00278,2024-09-11,Credit Card,Delivered,0,3752.95,3752.95
ORD007338,CUST00214,2025-09-01,Wallet,Delivered,0,14558.72,14558.72
ORD007339,CUST00382,2025-10-09,UPI,Delivered,0,11469.22,11469.22
ORD007340,CUST00466,2025-09-19,Credit Card,Delivered,0,4147.26,4147.26
ORD007341,CUST00018,2025-10-08,Debit Card,Delivered,0,9171.98,9171.98
ORD007342,CUST00174,2025-03-24,Credit Card,Delivered,0,6987.36,6987.36
ORD007343,CUST00350,2025-08-06,Cash on Delivery,Returned,0,6698.46,6698.46
ORD007344,CUST00379,2025-10-10,Debit Card,Refunded,0,3632.54,3632.54
ORD007345,CUST00078,2025-06-07,Cash on Delivery,Delivered,0,9828.24,9828.24
ORD007346,CUST00068,2025-07-04,Credit Card,Delivered,0,14765.46,14765.46
ORD007347,CUST00279,2025-10-19,Credit Card,Delivered,0,7337.58,7337.58
ORD007348,CUST00060,2024-04-01,UPI,Delivered,99,2278.43,2377.43
ORD007349,CUST00239,2025-05-26,Cash on Delivery,Delivered,79,964.34,1043.34
ORD007350,CUST00299,2024-09-15,UPI,Delivered,0,5736.83,5736.83
ORD007351,CUST00236,2025-07-04,Net Banking,Delivered,0,15903.52,15903.52
ORD007352,CUST00502,2024-09-03,Net Banking,Refunded,0,11346.84,11346.84
ORD007353,CUST00568,2024-10-21,Credit Card,Cancelled,0,12853.89,12853.89
ORD007354,CUST00526,2024-09-26,Cash on Delivery,Delivered,0,6269.13,6269.13
ORD007355,CUST00479,2024-12-10,Debit Card,Delivered,0,6506.89,6506.89
ORD007356,CUST00038,2025-02-20,Credit Card,Returned,0,2624.96,2624.96
ORD007357,CUST00335,2025-12-18,Debit Card,Delivered,79,964.34,1043.34
ORD007358,CUST00547,2025-10-04,Credit Card,Delivered,0,6637.99,6637.99
ORD007359,CUST00559,2025-03-20,UPI,Delivered,0,4177.0,4177.0
ORD007360,CUST00132,2025-06-19,UPI,Delivered,79,1275.46,1354.46
ORD007361,CUST00304,2024-09-15,Debit Card,Delivered,99,2054.05,2153.05
ORD007362,CUST00197,2025-03-09,Cash on Delivery,Delivered,0,2845.31,2845.31
ORD007363,CUST00285,2025-05-13,UPI,Delivered,0,4367.36,4367.36
ORD007364,CUST00085,2025-12-05,Wallet,Delivered,0,5527.92,5527.92
ORD007365,CUST00106,2024-12-29,Net Banking,Delivered,0,7253.82,7253.82
ORD007366,CUST00479,2024-11-11,Credit Card,Delivered,0,10159.11,10159.11
ORD007367,CUST00072,2025-08-14,Credit Card,Delivered,0,4914.12,4914.12
ORD007368,CUST00243,2025-09-02,Credit Card,Delivered,0,6064.82,6064.82
ORD007369,CUST00024,2025-10-30,Debit Card,Delivered,0,6653.59,6653.59
ORD007370,CUST00256,2025-06-06,UPI,Delivered,0,6816.04,6816.04
ORD007371,CUST00380,2024-07-13,Credit Card,Refunded,0,2856.69,2856.69
ORD007372,CUST00496,2025-05-17,UPI,Delivered,0,4514.62,4514.62
ORD007373,CUST00157,2025-10-03,UPI,Delivered,0,3164.11,3164.11
ORD007374,CUST00031,2025-11-21,Wallet,Delivered,99,1425.51,1524.51
ORD007375,CUST00558,2025-08-31,Debit Card,Delivered,0,22640.55,22640.55
ORD007376,CUST00302,2025-08-05,Debit Card,Delivered,0,4766.38,4766.38
ORD007377,CUST00580,2025-12-17,Credit Card,Delivered,99,482.17,581.17
ORD007378,CUST00513,2025-09-15,Credit Card,Returned,0,13065.69,13065.69
ORD007379,CUST00467,2024-07-20,Wallet,Delivered,79,1853.18,1932.18
ORD007380,CUST00388,2025-04-24,Credit Card,Delivered,49,2018.34,2067.34
ORD007381,CUST00231,2025-11-01,UPI,Returned,49,690.39,739.39
ORD007382,CUST00329,2024-12-10,UPI,Cancelled,49,2320.07,2369.07
ORD007383,CUST00240,2025-09-30,Credit Card,Cancelled,0,3415.83,3415.83
ORD007384,CUST00093,2024-12-20,Debit Card,Refunded,79,2142.79,2221.79
ORD007385,CUST00023,2025-11-07,Net Banking,Cancelled,0,12903.03,12903.03
ORD007386,CUST00142,2025-11-24,UPI,Delivered,0,12522.92,12522.92
ORD007387,CUST00588,2025-01-11,Debit Card,Delivered,0,6797.23,6797.23
ORD007388,CUST00404,2025-05-09,UPI,Delivered,0,8123.47,8123.47
ORD007389,CUST00053,2025-05-23,Net Banking,Delivered,79,1500.54,1579.54
ORD007390,CUST00040,2025-06-08,Net Banking,Delivered,0,13003.76,13003.76
ORD007391,CUST00405,2024-10-27,Credit Card,Returned,0,4736.62,4736.62
ORD007392,CUST00396,2025-06-18,Debit Card,Delivered,0,5531.19,5531.19
ORD007393,CUST00550,2024-07-24,UPI,Delivered,0,3144.31,3144.31
ORD007394,CUST00250,2025-12-15,UPI,Delivered,0,8964.9,8964.9
ORD007395,CUST00221,2025-10-24,UPI,Delivered,79,1523.18,1602.18
ORD007396,CUST00495,2025-07-17,UPI,Refunded,0,11289.28,11289.28
ORD007397,CUST00559,2025-03-26,Debit Card,Delivered,0,4781.79,4781.79
ORD007398,CUST00514,2025-08-23,UPI,Delivered,0,16205.3,16205.3
ORD007399,CUST00304,2025-11-04,UPI,Delivered,0,6411.2,6411.2
ORD007400,CUST00316,2025-02-24,Credit Card,Delivered,0,3823.86,3823.86
ORD007401,CUST00282,2024-03-01,Credit Card,Delivered,0,18926.35,18926.35
ORD007402,CUST00466,2025-03-20,Debit Card,Delivered,49,1295.7,1344.7
ORD007403,CUST00176,2025-03-16,Credit Card,Delivered,0,2925.45,2925.45
ORD007404,CUST00072,2024-11-06,Debit Card,Delivered,0,9828.24,9828.24
ORD007405,CUST00408,2024-09-19,Credit Card,Delivered,0,10622.64,10622.64
ORD007406,CUST00139,2025-04-12,Credit Card,Delivered,99,482.17,581.17
ORD007407,CUST00562,2024-08-05,Debit Card,Returned,0,3528.35,3528.35
ORD007408,CUST00130,2025-10-24,Debit Card,Delivered,0,4733.86,4733.86
ORD007409,CUST00078,2025-06-01,UPI,Delivered,49,2333.57,2382.57
ORD007410,CUST00109,2025-11-20,UPI,Delivered,0,5786.12,5786.12
ORD007411,CUST00158,2024-06-30,Credit Card,Delivered,0,5311.32,5311.32
ORD007412,CUST00390,2024-09-25,Cash on Delivery,Delivered,0,5231.4,5231.4
ORD007413,CUST00290,2025-12-03,UPI,Delivered,0,9854.1,9854.1
ORD007414,CUST00473,2025-03-24,Credit Card,Delivered,0,4694.46,4694.46
ORD007415,CUST00234,2024-09-26,Credit Card,Cancelled,0,3520.66,3520.66
ORD007416,CUST00328,2025-10-23,Credit Card,Delivered,0,3340.76,3340.76
ORD007417,CUST00076,2025-05-22,Debit Card,Delivered,0,5723.13,5723.13
ORD007418,CUST00373,2025-01-07,UPI,Delivered,0,6015.63,6015.63
ORD007419,CUST00326,2024-12-01,Debit Card,Delivered,79,1523.18,1602.18
ORD007420,CUST00023,2025-12-16,UPI,Delivered,0,9569.57,9569.57
ORD007421,CUST00172,2025-08-01,Credit Card,Delivered,0,5298.36,5298.36
ORD007422,CUST00009,2024-05-11,Credit Card,Delivered,0,11447.07,11447.07
ORD007423,CUST00342,2025-04-18,Debit Card,Delivered,0,10018.67,10018.67
ORD007424,CUST00331,2025-05-01,Debit Card,Delivered,0,4822.74,4822.74
ORD007425,CUST00279,2025-10-17,Credit Card,Delivered,0,9086.07,9086.07
ORD007426,CUST00421,2024-01-31,Credit Card,Cancelled,0,16475.21,16475.21
ORD007427,CUST00502,2024-09-14,Cash on Delivery,Returned,49,862.99,911.99
ORD007428,CUST00200,2025-06-30,UPI,Delivered,99,280.03,379.03
ORD007429,CUST00514,2025-04-17,Credit Card,Delivered,0,21279.17,21279.17
ORD007430,CUST00536,2025-09-18,UPI,Delivered,0,2868.35,2868.35
ORD007431,CUST00464,2025-01-03,Credit Card,Delivered,0,22043.16,22043.16
ORD007432,CUST00549,2025-11-12,Credit Card,Delivered,49,2169.21,2218.21
ORD007433,CUST00059,2024-12-26,Debit Card,Delivered,99,1500.54,1599.54
ORD007434,CUST00585,2025-11-03,Wallet,Delivered,99,311.15,410.15
ORD007435,CUST00143,2025-02-23,UPI,Delivered,79,2398.35,2477.35
ORD007436,CUST00072,2025-12-08,Credit Card,Delivered,99,1293.61,1392.61
ORD007437,CUST00252,2024-11-21,Cash on Delivery,Delivered,0,17123.95,17123.95
ORD007438,CUST00573,2024-12-04,Debit Card,Delivered,0,10113.52,10113.52
ORD007439,CUST00396,2025-10-03,Net Banking,Delivered,0,10865.79,10865.79
ORD007440,CUST00460,2024-12-21,UPI,Refunded,0,3485.69,3485.69
ORD007441,CUST00376,2025-11-10,UPI,Delivered,0,16720.18,16720.18
ORD007442,CUST00072,2025-03-15,Credit Card,Delivered,0,4412.24,4412.24
ORD007443,CUST00347,2025-01-08,Credit Card,Delivered,49,1301.86,1350.86
ORD007444,CUST00309,2025-09-08,Credit Card,Delivered,0,11371.12,11371.12
ORD007445,CUST00530,2025-01-20,Credit Card,Delivered,99,712.76,811.76
ORD007446,CUST00076,2025-05-07,UPI,Delivered,49,1154.1,1203.1
ORD007447,CUST00062,2024-11-26,Debit Card,Delivered,0,18701.09,18701.09
ORD007448,CUST00285,2025-04-28,Net Banking,Delivered,0,2784.16,2784.16
ORD007449,CUST00199,2024-08-18,Debit Card,Delivered,0,12929.04,12929.04
ORD007450,CUST00248,2025-07-23,UPI,Refunded,0,7751.09,7751.09
ORD007451,CUST00497,2024-07-05,UPI,Returned,0,18555.11,18555.11
ORD007452,CUST00355,2025-11-23,Net Banking,Delivered,0,6919.36,6919.36
ORD007453,CUST00421,2024-08-31,Debit Card,Delivered,49,2432.66,2481.66
ORD007454,CUST00246,2025-07-30,UPI,Delivered,0,6461.09,6461.09
ORD007455,CUST00468,2024-11-08,Credit Card,Delivered,79,2278.43,2357.43
ORD007456,CUST00196,2025-06-23,UPI,Refunded,79,750.27,829.27
ORD007457,CUST00595,2024-12-12,Net Banking,Delivered,99,264.48,363.48
ORD007458,CUST00558,2025-11-17,Net Banking,Delivered,79,2374.52,2453.52
ORD007459,CUST00196,2025-12-15,Net Banking,Delivered,0,8789.49,8789.49
ORD007460,CUST00453,2025-12-20,Credit Card,Delivered,0,5652.2,5652.2
ORD007461,CUST00396,2025-06-06,Credit Card,Delivered,0,23768.89,23768.89
ORD007462,CUST00496,2025-04-25,Credit Card,Delivered,0,5709.57,5709.57
ORD007463,CUST00318,2025-11-12,UPI,Delivered,0,9577.4,9577.4
ORD007464,CUST00410,2025-02-20,UPI,Returned,0,4077.2,4077.2
ORD007465,CUST00192,2025-10-25,Credit Card,Delivered,0,6931.38,6931.38
ORD007466,CUST00573,2025-04-12,Debit Card,Delivered,0,8579.82,8579.82
ORD007467,CUST00163,2024-04-12,Credit Card,Delivered,79,1516.34,1595.34
ORD007468,CUST00076,2025-04-29,Cash on Delivery,Delivered,99,1121.4,1220.4
ORD007469,CUST00474,2025-06-17,UPI,Delivered,79,2303.65,2382.65
ORD007470,CUST00059,2024-10-09,UPI,Delivered,0,34576.24,34576.24
ORD007471,CUST00286,2025-09-09,Credit Card,Delivered,99,1350.49,1449.49
ORD007472,CUST00422,2025-03-20,Cash on Delivery,Delivered,49,1913.19,1962.19
ORD007473,CUST00406,2025-05-21,Cash on Delivery,Delivered,0,11137.91,11137.91
ORD007474,CUST00466,2025-03-12,Net Banking,Cancelled,79,591.85,670.85
ORD007475,CUST00453,2024-12-20,Cash on Delivery,Delivered,79,856.33,935.33
ORD007476,CUST00350,2025-08-17,Net Banking,Delivered,0,5863.96,5863.96
ORD007477,CUST00579,2025-06-22,Wallet,Delivered,79,433.95,512.95
ORD007478,CUST00094,2025-10-26,Cash on Delivery,Delivered,0,6455.47,6455.47
ORD007479,CUST00342,2025-05-03,UPI,Refunded,0,11382.34,11382.34
ORD007480,CUST00172,2024-11-14,Debit Card,Delivered,0,6074.95,6074.95
ORD007481,CUST00050,2024-08-06,Wallet,Returned,0,39069.03,39069.03
ORD007482,CUST00499,2025-04-09,UPI,Delivered,0,4796.7,4796.7
ORD007483,CUST00313,2025-10-07,Wallet,Delivered,0,3472.05,3472.05
ORD007484,CUST00540,2025-02-22,Debit Card,Delivered,0,5698.85,5698.85
ORD007485,CUST00355,2025-03-18,Debit Card,Delivered,0,17127.72,17127.72
ORD007486,CUST00229,2024-08-12,Debit Card,Delivered,0,6893.37,6893.37
ORD007487,CUST00200,2025-12-18,Cash on Delivery,Delivered,0,12956.57,12956.57
ORD007488,CUST00434,2025-05-08,Debit Card,Delivered,99,1335.85,1434.85
ORD007489,CUST00573,2024-07-13,Debit Card,Delivered,0,2977.53,2977.53
ORD007490,CUST00020,2025-02-17,Debit Card,Delivered,49,2374.52,2423.52
ORD007491,CUST00298,2025-10-02,UPI,Delivered,49,1294.06,1343.06
ORD007492,CUST00038,2025-03-03,UPI,Delivered,79,311.15,390.15
ORD007493,CUST00262,2024-11-11,Debit Card,Delivered,49,1157.41,1206.41
ORD007494,CUST00406,2025-06-15,Credit Card,Delivered,0,4870.54,4870.54
ORD007495,CUST00266,2025-01-11,Wallet,Delivered,0,10528.26,10528.26
ORD007496,CUST00396,2025-08-03,Net Banking,Returned,0,12774.89,12774.89
ORD007497,CUST00130,2025-11-01,Credit Card,Delivered,0,11884.88,11884.88
ORD007498,CUST00035,2025-11-10,Credit Card,Delivered,79,433.95,512.95
ORD007499,CUST00269,2025-05-13,Debit Card,Cancelled,0,10622.64,10622.64
ORD007500,CUST00090,2025-03-20,Credit Card,Delivered,79,750.27,829.27
ORD007501,CUST00595,2024-10-27,Cash on Delivery,Delivered,0,4618.56,4618.56
ORD007502,CUST00472,2025-10-26,UPI,Delivered,0,2640.69,2640.69
ORD007503,CUST00008,2025-12-01,Wallet,Returned,0,6933.6,6933.6
ORD007504,CUST00327,2024-07-14,Net Banking,Cancelled,0,12748.44,12748.44
ORD007505,CUST00252,2024-12-06,UPI,Delivered,0,14799.64,14799.64
ORD007506,CUST00534,2024-09-15,UPI,Delivered,0,2737.96,2737.96
ORD007507,CUST00299,2024-12-20,Cash on Delivery,Returned,99,2031.61,2130.61
ORD007508,CUST00562,2024-02-03,Debit Card,Delivered,0,4368.3,4368.3
ORD007509,CUST00039,2025-06-14,Credit Card,Cancelled,0,7833.62,7833.62
ORD007510,CUST00275,2024-07-30,UPI,Delivered,99,2278.43,2377.43
ORD007511,CUST00352,2025-07-02,Credit Card,Delivered,0,37525.73,37525.73
ORD007512,CUST00036,2025-01-17,Cash on Delivery,Delivered,0,13480.61,13480.61
ORD007513,CUST00453,2025-03-08,Debit Card,Delivered,0,6344.66,6344.66
ORD007514,CUST00549,2025-09-23,Credit Card,Delivered,99,2278.43,2377.43
ORD007515,CUST00053,2024-05-17,Debit Card,Delivered,79,712.76,791.76
ORD007516,CUST00496,2025-05-02,Cash on Delivery,Delivered,0,4185.64,4185.64
ORD007517,CUST00578,2024-03-05,Credit Card,Delivered,0,25628.38,25628.38
ORD007518,CUST00207,2024-11-21,Credit Card,Delivered,0,5311.32,5311.32
ORD007519,CUST00396,2024-12-15,UPI,Delivered,0,6411.2,6411.2
ORD007520,CUST00410,2025-09-11,Wallet,Delivered,0,13218.84,13218.84
ORD007521,CUST00502,2024-08-31,Debit Card,Delivered,0,4786.95,4786.95
ORD007522,CUST00216,2025-11-02,Wallet,Delivered,49,2255.79,2304.79
ORD007523,CUST00366,2025-09-21,UPI,Delivered,79,1821.37,1900.37
ORD007524,CUST00462,2025-10-28,Wallet,Delivered,0,5637.79,5637.79
ORD007525,CUST00346,2025-07-07,UPI,Delivered,0,3173.72,3173.72
ORD007526,CUST00581,2025-03-27,UPI,Returned,0,6174.31,6174.31
ORD007527,CUST00383,2024-05-13,Debit Card,Cancelled,0,10357.06,10357.06
ORD007528,CUST00277,2024-11-29,Debit Card,Delivered,99,2398.35,2497.35
ORD007529,CUST00313,2024-01-16,Net Banking,Delivered,0,7306.22,7306.22
ORD007530,CUST00507,2024-08-03,UPI,Cancelled,79,1415.56,1494.56
ORD007531,CUST00190,2025-01-04,UPI,Delivered,99,1918.68,2017.68
ORD007532,CUST00035,2025-08-15,UPI,Delivered,99,2137.07,2236.07
ORD007533,CUST00323,2024-08-27,UPI,Cancelled,0,5478.96,5478.96
ORD007534,CUST00251,2024-04-27,Credit Card,Delivered,0,6234.78,6234.78
ORD007535,CUST00277,2025-11-19,Credit Card,Delivered,79,1714.61,1793.61
ORD007536,CUST00281,2025-03-04,Net Banking,Delivered,0,9844.24,9844.24
ORD007537,CUST00145,2025-12-22,UPI,Returned,79,2255.79,2334.79
ORD007538,CUST00526,2025-08-30,Credit Card,Cancelled,49,1523.18,1572.18
ORD007539,CUST00434,2025-05-04,Debit Card,Delivered,0,16300.45,16300.45
ORD007540,CUST00361,2025-11-26,UPI,Delivered,0,5311.32,5311.32
ORD007541,CUST00463,2025-08-08,Debit Card,Returned,0,7019.94,7019.94
ORD007542,CUST00434,2024-01-11,UPI,Delivered,0,18482.12,18482.12
ORD007543,CUST00147,2024-12-26,Debit Card,Delivered,0,3612.45,3612.45
ORD007544,CUST00459,2025-08-03,Net Banking,Delivered,0,3075.19,3075.19
ORD007545,CUST00523,2024-12-31,Credit Card,Refunded,0,5793.49,5793.49
ORD007546,CUST00176,2025-03-03,UPI,Delivered,49,1246.0,1295.0
ORD007547,CUST00455,2025-08-23,UPI,Delivered,99,2320.07,2419.07
ORD007548,CUST00134,2025-06-16,Credit Card,Delivered,79,2374.52,2453.52
ORD007549,CUST00299,2024-04-10,UPI,Delivered,0,10622.64,10622.64
ORD007550,CUST00329,2024-09-12,Credit Card,Delivered,0,2808.35,2808.35
ORD007551,CUST00002,2025-06-04,UPI,Delivered,0,2501.08,2501.08
ORD007552,CUST00265,2025-08-11,Net Banking,Delivered,0,3857.02,3857.02
ORD007553,CUST00072,2024-12-09,Credit Card,Cancelled,79,909.62,988.62
ORD007554,CUST00194,2025-07-29,UPI,Delivered,0,23605.69,23605.69
ORD007555,CUST00174,2025-04-01,Credit Card,Delivered,99,2255.79,2354.79
ORD007556,CUST00237,2025-10-02,Debit Card,Delivered,0,6034.94,6034.94
ORD007557,CUST00278,2024-06-23,Credit Card,Delivered,0,7519.84,7519.84
ORD007558,CUST00243,2025-04-24,UPI,Refunded,49,886.78,935.78
ORD007559,CUST00052,2025-10-31,Credit Card,Delivered,49,2460.18,2509.18
ORD007560,CUST00459,2025-08-18,Net Banking,Delivered,49,964.34,1013.34
ORD007561,CUST00496,2025-04-30,Debit Card,Delivered,0,2842.66,2842.66
ORD007562,CUST00304,2024-05-26,Credit Card,Delivered,79,2255.79,2334.79
ORD007563,CUST00568,2024-11-14,UPI,Delivered,0,4749.04,4749.04
ORD007564,CUST00408,2025-08-14,Wallet,Delivered,79,482.17,561.17
ORD007565,CUST00408,2025-12-29,Credit Card,Delivered,49,1534.5,1583.5
ORD007566,CUST00347,2025-07-07,Net Banking,Delivered,49,2005.35,2054.35
ORD007567,CUST00021,2024-05-31,Cash on Delivery,Delivered,0,5311.32,5311.32
ORD007568,CUST00584,2024-03-22,Credit Card,Delivered,0,11314.21,11314.21
ORD007569,CUST00264,2025-07-31,Debit Card,Delivered,0,18393.41,18393.41
ORD007570,CUST00183,2025-09-12,UPI,Delivered,0,32675.23,32675.23
ORD007571,CUST00467,2024-12-07,Credit Card,Cancelled,0,2750.05,2750.05
ORD007572,CUST00106,2025-01-18,UPI,Delivered,0,9336.83,9336.83
ORD007573,CUST00382,2025-02-17,UPI,Delivered,0,5230.16,5230.16
ORD007574,CUST00595,2024-10-17,Credit Card,Delivered,79,910.37,989.37
ORD007575,CUST00434,2025-12-24,UPI,Delivered,0,19097.61,19097.61
ORD007576,CUST00407,2024-10-11,Debit Card,Delivered,0,6810.7,6810.7
ORD007577,CUST00304,2025-01-03,Debit Card,Delivered,0,13088.81,13088.81
ORD007578,CUST00434,2025-09-02,Debit Card,Delivered,79,2025.73,2104.73
ORD007579,CUST00347,2024-10-31,Credit Card,Delivered,0,13288.1,13288.1
ORD007580,CUST00277,2025-08-21,UPI,Delivered,0,3781.01,3781.01
ORD007581,CUST00142,2025-11-21,Net Banking,Delivered,0,28335.78,28335.78
ORD007582,CUST00405,2025-10-08,UPI,Refunded,49,280.03,329.03
ORD007583,CUST00041,2025-08-09,Credit Card,Delivered,49,458.06,507.06
ORD007584,CUST00318,2025-11-20,Debit Card,Delivered,49,264.48,313.48
ORD007585,CUST00014,2025-10-30,Credit Card,Delivered,0,7194.38,7194.38
ORD007586,CUST00157,2025-08-19,UPI,Delivered,0,5599.88,5599.88
ORD007587,CUST00247,2024-03-16,Net Banking,Delivered,0,6326.31,6326.31
ORD007588,CUST00247,2025-09-26,UPI,Delivered,0,19424.83,19424.83
ORD007589,CUST00116,2025-04-29,UPI,Delivered,0,2672.61,2672.61
ORD007590,CUST00453,2024-04-15,Debit Card,Delivered,0,3246.93,3246.93
ORD007591,CUST00591,2025-12-25,Cash on Delivery,Refunded,0,16239.93,16239.93
ORD007592,CUST00416,2025-10-25,UPI,Delivered,0,20004.78,20004.78
ORD007593,CUST00558,2024-04-02,UPI,Cancelled,0,7761.29,7761.29
ORD007594,CUST00061,2024-09-13,Credit Card,Delivered,0,14270.21,14270.21
ORD007595,CUST00032,2024-12-24,Wallet,Returned,0,2619.77,2619.77
ORD007596,CUST00019,2024-12-30,UPI,Delivered,0,10676.12,10676.12
ORD007597,CUST00058,2024-05-17,UPI,Returned,49,819.69,868.69
ORD007598,CUST00219,2025-12-20,Debit Card,Delivered,0,3046.64,3046.64
ORD007599,CUST00453,2025-11-13,Wallet,Delivered,0,4177.0,4177.0
ORD007600,CUST00068,2025-10-04,Cash on Delivery,Delivered,0,6505.34,6505.34
ORD007601,CUST00397,2024-12-11,Net Banking,Returned,99,819.69,918.69
ORD007602,CUST00052,2025-11-11,Net Banking,Delivered,49,1617.43,1666.43
ORD007603,CUST00542,2024-10-29,Net Banking,Delivered,99,1603.35,1702.35
ORD007604,CUST00170,2025-09-07,UPI,Delivered,0,2918.85,2918.85
ORD007605,CUST00127,2024-02-18,Credit Card,Delivered,99,862.99,961.99
ORD007606,CUST00323,2024-12-20,UPI,Delivered,0,16983.44,16983.44
ORD007607,CUST00142,2025-08-14,Credit Card,Delivered,0,8704.54,8704.54
ORD007608,CUST00162,2024-07-19,UPI,Delivered,0,7439.88,7439.88
ORD007609,CUST00035,2025-08-29,UPI,Returned,49,2158.52,2207.52
ORD007610,CUST00035,2025-09-25,Net Banking,Delivered,0,3046.36,3046.36
ORD007611,CUST00463,2024-08-01,Debit Card,Delivered,0,3202.51,3202.51
ORD007612,CUST00542,2025-07-30,Cash on Delivery,Delivered,0,4668.41,4668.41
ORD007613,CUST00525,2025-10-11,Debit Card,Delivered,0,8944.14,8944.14
ORD007614,CUST00473,2025-10-13,Debit Card,Delivered,79,1425.51,1504.51
ORD007615,CUST00447,2025-01-15,Credit Card,Delivered,0,5524.52,5524.52
ORD007616,CUST00573,2025-03-30,Debit Card,Refunded,99,311.15,410.15
ORD007617,CUST00226,2024-11-16,Net Banking,Delivered,0,3148.62,3148.62
ORD007618,CUST00035,2025-08-22,Debit Card,Delivered,0,10188.11,10188.11
ORD007619,CUST00491,2025-02-15,Wallet,Delivered,0,3275.4,3275.4
ORD007620,CUST00214,2024-12-06,Credit Card,Delivered,0,6538.94,6538.94
ORD007621,CUST00364,2025-06-16,UPI,Delivered,49,2255.79,2304.79
ORD007622,CUST00526,2024-07-04,Credit Card,Delivered,0,13363.29,13363.29
ORD007623,CUST00288,2025-12-31,Debit Card,Delivered,0,12434.88,12434.88
ORD007624,CUST00196,2025-06-04,UPI,Delivered,0,13885.94,13885.94
ORD007625,CUST00061,2025-12-02,Credit Card,Delivered,49,2374.52,2423.52
ORD007626,CUST00287,2024-11-18,UPI,Delivered,0,7705.2,7705.2
ORD007627,CUST00290,2024-10-08,Wallet,Delivered,49,1301.86,1350.86
ORD007628,CUST00463,2024-09-07,UPI,Delivered,0,2681.09,2681.09
ORD007629,CUST00453,2024-11-19,Credit Card,Delivered,0,9253.75,9253.75
ORD007630,CUST00097,2025-10-07,UPI,Delivered,0,5730.55,5730.55
ORD007631,CUST00559,2025-03-18,UPI,Delivered,49,916.12,965.12
ORD007632,CUST00050,2025-09-25,Net Banking,Delivered,0,5471.94,5471.94
ORD007633,CUST00396,2025-05-18,Credit Card,Delivered,0,27007.8,27007.8
ORD007634,CUST00434,2025-08-21,UPI,Delivered,0,2546.47,2546.47
ORD007635,CUST00073,2025-11-27,Net Banking,Delivered,0,13348.71,13348.71
ORD007636,CUST00475,2025-02-03,UPI,Delivered,0,7987.06,7987.06
ORD007637,CUST00531,2024-02-03,UPI,Delivered,0,7706.22,7706.22
ORD007638,CUST00580,2025-11-06,Cash on Delivery,Delivered,0,4349.74,4349.74
ORD007639,CUST00094,2025-03-18,Credit Card,Delivered,49,1710.45,1759.45
ORD007640,CUST00434,2025-10-17,Credit Card,Delivered,49,2374.52,2423.52
ORD007641,CUST00362,2024-12-22,Credit Card,Delivered,0,11150.61,11150.61
ORD007642,CUST00355,2025-01-03,Debit Card,Delivered,0,12997.16,12997.16
ORD007643,CUST00214,2024-10-01,UPI,Delivered,79,850.16,929.16
ORD007644,CUST00376,2025-03-28,Cash on Delivery,Returned,99,1603.35,1702.35
ORD007645,CUST00463,2024-02-10,Debit Card,Returned,49,311.15,360.15
ORD007646,CUST00145,2025-12-29,UPI,Returned,79,750.27,829.27
ORD007647,CUST00249,2025-05-09,Credit Card,Delivered,79,1178.91,1257.91
ORD007648,CUST00320,2025-02-26,Cash on Delivery,Delivered,99,1425.51,1524.51
ORD007649,CUST00464,2024-12-08,Debit Card,Delivered,49,2157.52,2206.52
ORD007650,CUST00121,2025-07-28,Credit Card,Delivered,99,311.15,410.15
ORD007651,CUST00449,2024-06-28,UPI,Delivered,0,5701.05,5701.05
ORD007652,CUST00558,2025-01-04,Net Banking,Delivered,49,409.84,458.84
ORD007653,CUST00394,2024-10-29,Credit Card,Delivered,0,17337.48,17337.48
ORD007654,CUST00010,2025-06-19,UPI,Delivered,0,3072.63,3072.63
ORD007655,CUST00204,2025-02-21,Credit Card,Delivered,99,340.06,439.06
ORD007656,CUST00251,2025-12-03,Debit Card,Delivered,0,8203.96,8203.96
ORD007657,CUST00201,2024-12-01,Debit Card,Delivered,0,5591.35,5591.35
ORD007658,CUST00010,2025-02-16,UPI,Delivered,0,13027.2,13027.2
ORD007659,CUST00316,2025-11-03,Credit Card,Delivered,0,7545.19,7545.19
ORD007660,CUST00407,2025-01-10,Cash on Delivery,Delivered,0,3135.88,3135.88
ORD007661,CUST00286,2025-09-07,Credit Card,Delivered,79,2398.35,2477.35
ORD007662,CUST00578,2024-09-22,Credit Card,Delivered,0,10331.74,10331.74
ORD007663,CUST00352,2025-10-09,UPI,Delivered,79,964.34,1043.34
ORD007664,CUST00461,2025-10-21,Wallet,Delivered,0,4953.46,4953.46
ORD007665,CUST00342,2025-04-29,Cash on Delivery,Returned,0,2593.02,2593.02
ORD007666,CUST00093,2024-01-08,Net Banking,Delivered,49,1824.04,1873.04
ORD007667,CUST00254,2024-06-23,UPI,Delivered,49,1613.26,1662.26
ORD007668,CUST00162,2025-04-29,Debit Card,Delivered,49,1603.35,1652.35
ORD007669,CUST00567,2025-07-12,Credit Card,Delivered,0,4185.64,4185.64
ORD007670,CUST00338,2025-04-12,Debit Card,Delivered,0,5311.32,5311.32
ORD007671,CUST00422,2024-04-06,Debit Card,Delivered,0,8573.9,8573.9
ORD007672,CUST00559,2025-07-11,UPI,Delivered,0,4973.21,4973.21
ORD007673,CUST00286,2025-09-08,Wallet,Delivered,0,5913.82,5913.82
ORD007674,CUST00422,2025-04-09,Credit Card,Delivered,79,1469.28,1548.28
ORD007675,CUST00251,2025-09-18,UPI,Delivered,0,3239.82,3239.82
ORD007676,CUST00403,2025-09-22,Credit Card,Delivered,79,2115.03,2194.03
ORD007677,CUST00573,2025-07-13,UPI,Delivered,49,1372.57,1421.57
ORD007678,CUST00245,2025-02-17,UPI,Delivered,49,433.95,482.95
ORD007679,CUST00580,2025-03-07,UPI,Delivered,0,7662.03,7662.03
ORD007680,CUST00442,2024-08-01,UPI,Delivered,0,5456.52,5456.52
ORD007681,CUST00597,2025-04-15,Credit Card,Delivered,0,6186.24,6186.24
ORD007682,CUST00585,2025-12-07,Debit Card,Delivered,0,6757.89,6757.89
ORD007683,CUST00279,2025-10-27,Credit Card,Delivered,49,964.34,1013.34
ORD007684,CUST00031,2025-04-24,Wallet,Delivered,0,23655.28,23655.28
ORD007685,CUST00299,2025-08-08,Debit Card,Refunded,0,2588.97,2588.97
ORD007686,CUST00020,2025-10-02,Credit Card,Delivered,0,13480.08,13480.08
ORD007687,CUST00503,2025-08-15,UPI,Returned,0,4590.24,4590.24
ORD007688,CUST00028,2024-04-18,Cash on Delivery,Delivered,0,8096.39,8096.39
ORD007689,CUST00559,2025-03-18,Credit Card,Delivered,79,750.27,829.27
ORD007690,CUST00432,2024-03-28,Credit Card,Delivered,0,28549.95,28549.95
ORD007691,CUST00496,2025-07-25,UPI,Returned,0,11149.79,11149.79
ORD007692,CUST00021,2024-09-19,Credit Card,Delivered,49,1350.49,1399.49
ORD007693,CUST00010,2025-02-22,Credit Card,Delivered,0,8262.56,8262.56
ORD007694,CUST00521,2025-05-24,Credit Card,Delivered,79,591.85,670.85
ORD007695,CUST00076,2025-12-16,UPI,Delivered,0,5378.75,5378.75
ORD007696,CUST00004,2025-11-17,Credit Card,Delivered,99,1958.6,2057.6
ORD007697,CUST00197,2024-10-04,Cash on Delivery,Delivered,79,1362.85,1441.85
ORD007698,CUST00072,2024-11-01,Net Banking,Delivered,0,6767.38,6767.38
ORD007699,CUST00003,2025-12-16,UPI,Delivered,79,482.17,561.17
ORD007700,CUST00251,2025-12-05,Cash on Delivery,Delivered,0,4945.54,4945.54
ORD007701,CUST00401,2025-12-24,UPI,Delivered,0,10949.87,10949.87
ORD007702,CUST00059,2024-05-18,Net Banking,Cancelled,49,2038.6,2087.6
ORD007703,CUST00536,2024-03-12,UPI,Delivered,0,4000.42,4000.42
ORD007704,CUST00229,2025-05-28,UPI,Delivered,79,2158.52,2237.52
ORD007705,CUST00221,2025-10-06,Credit Card,Delivered,0,11528.48,11528.48
ORD007706,CUST00002,2025-08-03,UPI,Delivered,0,2868.22,2868.22
ORD007707,CUST00020,2024-11-12,Cash on Delivery,Delivered,0,2557.29,2557.29
ORD007708,CUST00279,2025-11-13,Cash on Delivery,Delivered,0,5921.61,5921.61
ORD007709,CUST00378,2025-05-19,Debit Card,Delivered,0,51489.09,51489.09
ORD007710,CUST00380,2025-11-14,Wallet,Returned,99,560.07,659.07
ORD007711,CUST00189,2025-05-09,Debit Card,Returned,79,819.84,898.84
ORD007712,CUST00101,2024-12-09,Cash on Delivery,Delivered,0,3148.62,3148.62
ORD007713,CUST00130,2025-11-01,Credit Card,Delivered,0,7709.67,7709.67
ORD007714,CUST00559,2025-07-12,Net Banking,Refunded,0,3220.13,3220.13
ORD007715,CUST00567,2024-04-11,UPI,Delivered,79,862.99,941.99
ORD007716,CUST00405,2025-04-30,Credit Card,Delivered,0,4668.41,4668.41
ORD007717,CUST00497,2024-05-01,Cash on Delivery,Refunded,0,10477.89,10477.89
ORD007718,CUST00594,2025-03-31,Net Banking,Delivered,0,5756.04,5756.04
ORD007719,CUST00445,2024-11-17,Cash on Delivery,Delivered,0,10502.31,10502.31
ORD007720,CUST00279,2025-10-14,Credit Card,Delivered,0,8588.71,8588.71
ORD007721,CUST00010,2025-01-30,UPI,Delivered,0,13102.85,13102.85
ORD007722,CUST00236,2024-12-05,Debit Card,Delivered,0,5172.98,5172.98
ORD007723,CUST00236,2025-09-30,Wallet,Delivered,99,712.76,811.76
ORD007724,CUST00502,2025-12-18,UPI,Delivered,0,3617.93,3617.93
ORD007725,CUST00068,2024-12-25,UPI,Delivered,49,2386.05,2435.05
ORD007726,CUST00299,2024-10-16,Cash on Delivery,Delivered,0,4309.81,4309.81
ORD007727,CUST00172,2024-10-21,Wallet,Delivered,79,1846.92,1925.92
ORD007728,CUST00034,2025-03-12,Net Banking,Delivered,0,2827.67,2827.67
ORD007729,CUST00077,2025-04-15,Debit Card,Delivered,0,6792.69,6792.69
ORD007730,CUST00072,2025-01-06,Debit Card,Delivered,0,2706.8,2706.8
ORD007731,CUST00558,2024-10-18,Credit Card,Cancelled,0,34547.01,34547.01
ORD007732,CUST00586,2025-05-12,Credit Card,Delivered,0,2619.24,2619.24
ORD007733,CUST00541,2024-09-29,Credit Card,Delivered,0,4898.4,4898.4
ORD007734,CUST00391,2024-07-09,Cash on Delivery,Delivered,0,3642.74,3642.74
ORD007735,CUST00048,2024-05-23,Wallet,Delivered,79,1726.54,1805.54
ORD007736,CUST00236,2024-11-27,Credit Card,Delivered,0,2664.64,2664.64
ORD007737,CUST00462,2024-05-09,Debit Card,Delivered,0,14005.24,14005.24
ORD007738,CUST00085,2025-05-19,UPI,Delivered,0,2982.68,2982.68
ORD007739,CUST00072,2025-06-23,Debit Card,Delivered,99,2194.53,2293.53
ORD007740,CUST00403,2024-07-11,Credit Card,Delivered,49,819.84,868.84
ORD007741,CUST00039,2025-06-07,UPI,Delivered,0,12354.25,12354.25
ORD007742,CUST00558,2024-03-02,UPI,Returned,0,8157.75,8157.75
ORD007743,CUST00011,2025-01-22,UPI,Delivered,0,3430.26,3430.26
ORD007744,CUST00031,2024-10-14,UPI,Delivered,0,3591.98,3591.98
ORD007745,CUST00517,2024-12-23,UPI,Delivered,0,14457.41,14457.41
ORD007746,CUST00037,2025-04-25,Debit Card,Delivered,0,13433.95,13433.95
ORD007747,CUST00072,2025-06-20,Debit Card,Delivered,0,3334.15,3334.15
ORD007748,CUST00422,2025-12-12,Wallet,Delivered,0,8374.56,8374.56
ORD007749,CUST00072,2025-07-02,UPI,Delivered,49,964.34,1013.34
ORD007750,CUST00142,2024-10-17,Wallet,Returned,0,37189.66,37189.66
ORD007751,CUST00167,2025-11-17,Debit Card,Delivered,0,4749.04,4749.04
ORD007752,CUST00286,2025-08-30,Credit Card,Delivered,0,3123.51,3123.51
ORD007753,CUST00446,2024-05-08,Debit Card,Delivered,0,3183.76,3183.76
ORD007754,CUST00226,2024-11-24,Credit Card,Returned,79,2346.7,2425.7
ORD007755,CUST00451,2024-05-08,UPI,Delivered,99,560.07,659.07
ORD007756,CUST00493,2025-06-02,Credit Card,Delivered,49,963.5,1012.5
ORD007757,CUST00164,2025-11-20,UPI,Delivered,0,8453.38,8453.38
ORD007758,CUST00279,2025-10-18,Credit Card,Delivered,0,4044.95,4044.95
ORD007759,CUST00484,2024-07-20,Credit Card,Delivered,79,1576.8,1655.8
ORD007760,CUST00299,2024-08-28,Net Banking,Delivered,49,2250.81,2299.81
ORD007761,CUST00345,2025-01-21,Debit Card,Returned,0,40110.18,40110.18
ORD007762,CUST00499,2025-10-29,Credit Card,Delivered,0,5575.8,5575.8
ORD007763,CUST00573,2024-12-23,Credit Card,Delivered,0,4014.93,4014.93
ORD007764,CUST00223,2025-08-03,Credit Card,Delivered,99,903.03,1002.03
ORD007765,CUST00405,2024-11-04,Debit Card,Delivered,0,3144.31,3144.31
ORD007766,CUST00444,2025-06-19,Wallet,Cancelled,0,6701.38,6701.38
ORD007767,CUST00542,2025-01-02,Credit Card,Delivered,0,4176.45,4176.45
ORD007768,CUST00134,2025-06-24,UPI,Returned,0,4867.77,4867.77
ORD007769,CUST00573,2025-09-22,Cash on Delivery,Delivered,79,690.39,769.39
ORD007770,CUST00467,2025-05-10,Cash on Delivery,Delivered,0,5804.01,5804.01
ORD007771,CUST00549,2025-09-06,UPI,Returned,0,10483.39,10483.39
ORD007772,CUST00467,2024-11-07,Wallet,Delivered,0,13268.12,13268.12
ORD007773,CUST00506,2025-06-27,Credit Card,Returned,0,3021.21,3021.21
ORD007774,CUST00502,2024-08-20,Credit Card,Cancelled,49,1157.82,1206.82
ORD007775,CUST00408,2025-05-11,Net Banking,Delivered,0,4941.93,4941.93
ORD007776,CUST00198,2025-05-25,UPI,Delivered,0,4831.07,4831.07
ORD007777,CUST00021,2024-07-02,Cash on Delivery,Delivered,0,5317.95,5317.95
ORD007778,CUST00279,2025-12-12,Debit Card,Delivered,79,1183.7,1262.7
ORD007779,CUST00336,2024-01-24,Credit Card,Delivered,0,5652.56,5652.56
ORD007780,CUST00493,2025-07-25,Cash on Delivery,Delivered,0,4124.11,4124.11
ORD007781,CUST00327,2025-07-24,Net Banking,Delivered,0,2592.47,2592.47
ORD007782,CUST00287,2025-12-02,Net Banking,Delivered,0,4006.07,4006.07
ORD007783,CUST00061,2025-03-16,Net Banking,Returned,49,2255.79,2304.79
ORD007784,CUST00223,2025-01-06,Debit Card,Refunded,99,750.27,849.27
ORD007785,CUST00191,2024-08-11,Credit Card,Delivered,0,11069.77,11069.77
ORD007786,CUST00517,2025-10-27,UPI,Cancelled,79,2374.52,2453.52
ORD007787,CUST00089,2025-05-02,Credit Card,Delivered,0,7814.54,7814.54
ORD007788,CUST00328,2024-04-22,Debit Card,Returned,0,5955.37,5955.37
ORD007789,CUST00157,2024-05-17,Debit Card,Delivered,49,776.69,825.69
ORD007790,CUST00409,2024-04-09,Cash on Delivery,Delivered,49,1228.28,1277.28
ORD007791,CUST00032,2025-07-12,UPI,Delivered,0,8836.17,8836.17
ORD007792,CUST00385,2025-09-26,Wallet,Delivered,0,3211.05,3211.05
ORD007793,CUST00313,2025-09-16,Debit Card,Delivered,0,8177.5,8177.5
ORD007794,CUST00448,2024-12-03,Net Banking,Returned,0,8482.5,8482.5
ORD007795,CUST00422,2025-02-11,UPI,Delivered,0,2678.38,2678.38
ORD007796,CUST00230,2024-11-05,Credit Card,Delivered,0,6627.76,6627.76
ORD007797,CUST00344,2025-12-17,Debit Card,Delivered,0,7519.94,7519.94
ORD007798,CUST00196,2025-06-15,UPI,Delivered,0,4766.38,4766.38
ORD007799,CUST00237,2025-03-27,UPI,Delivered,79,1425.51,1504.51
ORD007800,CUST00459,2025-08-19,UPI,Delivered,0,8351.97,8351.97
ORD007801,CUST00382,2025-12-11,UPI,Delivered,0,2624.96,2624.96
ORD007802,CUST00149,2025-08-02,UPI,Delivered,0,2781.86,2781.86
ORD007803,CUST00450,2025-11-19,Debit Card,Delivered,0,9163.18,9163.18
ORD007804,CUST00313,2024-03-20,UPI,Delivered,0,6247.73,6247.73
ORD007805,CUST00387,2024-02-04,UPI,Delivered,0,4116.2,4116.2
ORD007806,CUST00086,2025-04-04,Cash on Delivery,Delivered,99,1081.06,1180.06
ORD007807,CUST00504,2024-02-01,UPI,Delivered,0,5963.29,5963.29
ORD007808,CUST00484,2024-05-29,UPI,Delivered,0,4914.12,4914.12
ORD007809,CUST00114,2024-08-18,Credit Card,Delivered,0,21550.66,21550.66
ORD007810,CUST00050,2024-07-13,Credit Card,Delivered,79,591.85,670.85
ORD007811,CUST00335,2025-10-22,Credit Card,Delivered,0,7383.1,7383.1
ORD007812,CUST00519,2025-02-27,Credit Card,Delivered,0,9560.38,9560.38
ORD007813,CUST00221,2024-12-28,Cash on Delivery,Delivered,0,10674.62,10674.62
ORD007814,CUST00434,2024-04-22,Cash on Delivery,Delivered,79,2190.15,2269.15
ORD007815,CUST00449,2025-07-19,Credit Card,Delivered,99,433.95,532.95
ORD007816,CUST00016,2024-12-01,Credit Card,Delivered,0,11488.07,11488.07
ORD007817,CUST00066,2025-07-13,Debit Card,Delivered,79,482.17,561.17
ORD007818,CUST00156,2025-10-24,Wallet,Delivered,79,1500.54,1579.54
ORD007819,CUST00329,2024-06-03,Credit Card,Delivered,0,4533.15,4533.15
ORD007820,CUST00536,2025-11-03,UPI,Delivered,0,33632.79,33632.79
ORD007821,CUST00236,2024-12-02,Net Banking,Delivered,0,3583.58,3583.58
ORD007822,CUST00127,2024-04-16,UPI,Delivered,0,4996.69,4996.69
ORD007823,CUST00193,2025-10-21,Cash on Delivery,Delivered,0,4014.2,4014.2
ORD007824,CUST00243,2025-07-30,UPI,Delivered,0,12244.87,12244.87
ORD007825,CUST00243,2025-06-25,Wallet,Refunded,0,9667.0,9667.0
ORD007826,CUST00540,2025-03-23,UPI,Returned,99,1420.23,1519.23
ORD007827,CUST00279,2025-10-31,Wallet,Delivered,0,3302.78,3302.78
ORD007828,CUST00035,2025-08-10,UPI,Delivered,0,11712.65,11712.65
ORD007829,CUST00304,2025-12-23,Wallet,Delivered,79,750.27,829.27
ORD007830,CUST00555,2025-09-26,Credit Card,Delivered,0,7085.59,7085.59
ORD007831,CUST00135,2024-11-27,UPI,Delivered,0,2857.55,2857.55
ORD007832,CUST00334,2024-02-06,UPI,Delivered,0,8736.95,8736.95
ORD007833,CUST00370,2025-06-09,UPI,Cancelled,0,12562.63,12562.63
ORD007834,CUST00278,2024-07-14,Debit Card,Delivered,99,675.24,774.24
ORD007835,CUST00028,2025-12-14,Credit Card,Cancelled,99,2142.79,2241.79
ORD007836,CUST00431,2024-10-07,Net Banking,Delivered,99,578.91,677.91
ORD007837,CUST00345,2025-01-09,Debit Card,Returned,49,1500.54,1549.54
ORD007838,CUST00329,2024-12-04,UPI,Delivered,49,862.99,911.99
ORD007839,CUST00490,2024-11-02,Credit Card,Delivered,49,1160.04,1209.04
ORD007840,CUST00017,2025-06-19,Credit Card,Delivered,0,3515.31,3515.31
ORD007841,CUST00500,2025-02-15,Credit Card,Delivered,0,4584.98,4584.98
ORD007842,CUST00266,2025-10-25,Debit Card,Cancelled,0,9560.38,9560.38
ORD007843,CUST00333,2025-10-26,Debit Card,Delivered,79,311.15,390.15
ORD007844,CUST00552,2024-07-04,Net Banking,Cancelled,99,1322.35,1421.35
ORD007845,CUST00024,2025-11-20,Credit Card,Refunded,0,2619.24,2619.24
ORD007846,CUST00279,2025-10-14,Debit Card,Delivered,0,6836.1,6836.1
ORD007847,CUST00346,2025-12-27,Wallet,Delivered,79,1275.46,1354.46
ORD007848,CUST00566,2024-03-25,UPI,Delivered,0,4185.64,4185.64
ORD007849,CUST00317,2024-10-02,UPI,Delivered,0,19764.19,19764.19
ORD007850,CUST00434,2025-12-07,Debit Card,Delivered,0,15713.3,15713.3
ORD007851,CUST00363,2024-10-01,Credit Card,Delivered,0,8127.64,8127.64
ORD007852,CUST00329,2025-12-23,Wallet,Delivered,49,623.0,672.0
ORD007853,CUST00385,2025-09-29,Credit Card,Delivered,0,2737.96,2737.96
ORD007854,CUST00223,2024-12-19,Cash on Delivery,Delivered,0,3557.79,3557.79
ORD007855,CUST00066,2025-11-27,Wallet,Delivered,0,3541.73,3541.73
ORD007856,CUST00242,2025-03-09,UPI,Delivered,0,5887.61,5887.61
ORD007857,CUST00411,2025-09-27,UPI,Delivered,0,7301.54,7301.54
ORD007858,CUST00545,2024-11-07,Net Banking,Delivered,0,6548.78,6548.78
ORD007859,CUST00201,2025-09-20,Debit Card,Delivered,0,3345.55,3345.55
ORD007860,CUST00027,2025-12-13,Credit Card,Returned,79,295.59,374.59
ORD007861,CUST00277,2024-08-09,UPI,Delivered,0,12820.3,12820.3
ORD007862,CUST00279,2025-10-16,UPI,Delivered,0,4511.59,4511.59
ORD007863,CUST00070,2025-03-05,Debit Card,Delivered,99,1899.62,1998.62
ORD007864,CUST00087,2025-09-15,Credit Card,Delivered,0,6189.48,6189.48
ORD007865,CUST00121,2025-08-29,Credit Card,Delivered,99,2073.63,2172.63
ORD007866,CUST00331,2025-02-06,UPI,Delivered,99,1725.98,1824.98
ORD007867,CUST00137,2025-01-10,UPI,Delivered,99,373.11,472.11
ORD007868,CUST00581,2025-04-10,UPI,Delivered,49,624.93,673.93
ORD007869,CUST00130,2025-10-22,Debit Card,Delivered,0,29117.44,29117.44
ORD007870,CUST00236,2025-07-22,Credit Card,Delivered,0,4675.22,4675.22
ORD007871,CUST00089,2025-07-27,Wallet,Cancelled,0,8730.18,8730.18
ORD007872,CUST00180,2025-05-26,Credit Card,Delivered,0,4780.19,4780.19
ORD007873,CUST00078,2025-06-04,Cash on Delivery,Returned,0,8138.71,8138.71
ORD007874,CUST00534,2025-09-17,Net Banking,Delivered,0,20905.78,20905.78
ORD007875,CUST00286,2025-08-14,Cash on Delivery,Delivered,79,1227.27,1306.27
ORD007876,CUST00045,2025-06-01,Debit Card,Cancelled,99,776.69,875.69
ORD007877,CUST00331,2024-04-22,Net Banking,Delivered,99,1275.46,1374.46
ORD007878,CUST00038,2025-02-22,Debit Card,Delivered,99,1163.24,1262.24
ORD007879,CUST00116,2025-03-06,UPI,Delivered,99,295.59,394.59
ORD007880,CUST00549,2025-12-31,Debit Card,Delivered,0,16737.86,16737.86
ORD007881,CUST00534,2025-01-22,Credit Card,Delivered,99,690.39,789.39
ORD007882,CUST00038,2025-03-13,UPI,Delivered,49,2141.2,2190.2
ORD007883,CUST00125,2025-01-17,UPI,Delivered,0,9171.98,9171.98
ORD007884,CUST00286,2025-08-14,UPI,Delivered,0,5311.32,5311.32
ORD007885,CUST00558,2024-07-20,UPI,Delivered,0,10577.58,10577.58
ORD007886,CUST00321,2025-04-08,Credit Card,Delivered,0,16774.66,16774.66
ORD007887,CUST00467,2025-12-01,Cash on Delivery,Delivered,99,1055.72,1154.72
ORD007888,CUST00235,2025-07-16,Cash on Delivery,Delivered,0,14127.61,14127.61
ORD007889,CUST00156,2025-12-03,Debit Card,Returned,99,433.95,532.95
ORD007890,CUST00287,2025-05-12,Cash on Delivery,Delivered,79,1098.5,1177.5
ORD007891,CUST00354,2025-12-16,UPI,Returned,0,4514.62,4514.62
ORD007892,CUST00385,2025-09-28,UPI,Returned,0,4185.64,4185.64
ORD007893,CUST00410,2025-10-29,Credit Card,Delivered,0,10387.1,10387.1
ORD007894,CUST00414,2024-04-20,Credit Card,Returned,79,1158.24,1237.24
ORD007895,CUST00299,2024-10-09,Debit Card,Delivered,0,16050.85,16050.85
ORD007896,CUST00401,2025-09-20,UPI,Delivered,0,3087.28,3087.28
ORD007897,CUST00017,2024-12-31,Credit Card,Delivered,0,15768.22,15768.22
ORD007898,CUST00279,2025-11-20,Net Banking,Delivered,0,3237.51,3237.51
ORD007899,CUST00329,2025-10-16,UPI,Delivered,0,17760.46,17760.46
ORD007900,CUST00453,2025-08-14,Debit Card,Returned,0,16933.24,16933.24
ORD007901,CUST00248,2025-08-29,UPI,Delivered,79,385.74,464.74
ORD007902,CUST00591,2024-10-17,Credit Card,Refunded,49,591.18,640.18
ORD007903,CUST00537,2024-05-27,Credit Card,Cancelled,0,30584.11,30584.11
ORD007904,CUST00329,2024-06-21,UPI,Delivered,99,1328.12,1427.12
ORD007905,CUST00038,2025-03-11,UPI,Returned,49,2212.63,2261.63
ORD007906,CUST00364,2025-05-31,Net Banking,Delivered,99,1146.71,1245.71
ORD007907,CUST00438,2024-07-31,Credit Card,Delivered,0,12841.83,12841.83
ORD007908,CUST00531,2025-04-28,UPI,Delivered,0,5026.05,5026.05
ORD007909,CUST00085,2025-06-10,UPI,Delivered,49,675.24,724.24
ORD007910,CUST00162,2025-08-04,UPI,Returned,79,482.17,561.17
ORD007911,CUST00306,2024-09-21,Net Banking,Delivered,0,3367.43,3367.43
ORD007912,CUST00560,2024-10-23,UPI,Returned,79,1134.82,1213.82
ORD007913,CUST00202,2024-04-13,Credit Card,Delivered,0,12434.88,12434.88
ORD007914,CUST00002,2025-07-09,UPI,Delivered,79,2158.52,2237.52
ORD007915,CUST00434,2024-02-20,Wallet,Delivered,79,776.69,855.69
ORD007916,CUST00348,2024-07-23,Credit Card,Delivered,0,4749.04,4749.04
ORD007917,CUST00487,2024-10-09,Credit Card,Delivered,0,4914.12,4914.12
ORD007918,CUST00251,2024-12-30,UPI,Delivered,99,1158.24,1257.24
ORD007919,CUST00309,2025-10-12,Debit Card,Delivered,99,2376.74,2475.74
ORD007920,CUST00024,2024-02-21,Wallet,Delivered,0,4160.94,4160.94
ORD007921,CUST00391,2024-09-11,UPI,Delivered,0,5150.58,5150.58
ORD007922,CUST00157,2024-05-18,Net Banking,Delivered,0,5048.03,5048.03
ORD007923,CUST00448,2024-06-04,UPI,Delivered,99,1042.87,1141.87
ORD007924,CUST00510,2025-07-12,Debit Card,Delivered,0,12965.53,12965.53
ORD007925,CUST00064,2024-11-29,Credit Card,Delivered,49,984.5,1033.5
ORD007926,CUST00425,2025-11-17,Cash on Delivery,Delivered,0,5507.92,5507.92
ORD007927,CUST00285,2025-04-21,Debit Card,Returned,99,482.17,581.17
ORD007928,CUST00114,2025-08-02,Debit Card,Delivered,0,2974.74,2974.74
ORD007929,CUST00367,2024-11-07,Debit Card,Cancelled,79,2477.13,2556.13
ORD007930,CUST00573,2024-05-29,Net Banking,Returned,99,498.4,597.4
ORD007931,CUST00559,2025-11-23,Credit Card,Delivered,0,4556.86,4556.86
ORD007932,CUST00422,2024-08-12,Net Banking,Cancelled,0,35136.34,35136.34
ORD007933,CUST00396,2025-09-17,UPI,Delivered,99,311.15,410.15
ORD007934,CUST00393,2024-07-26,Net Banking,Delivered,0,4516.24,4516.24
ORD007935,CUST00435,2024-12-26,Net Banking,Delivered,99,1775.57,1874.57
ORD007936,CUST00061,2025-11-29,Wallet,Delivered,79,280.03,359.03
ORD007937,CUST00279,2025-10-27,Credit Card,Delivered,0,7500.19,7500.19
ORD007938,CUST00248,2025-08-26,Credit Card,Delivered,0,5860.68,5860.68
ORD007939,CUST00274,2025-02-05,Wallet,Delivered,0,9722.24,9722.24
ORD007940,CUST00279,2025-12-05,UPI,Delivered,0,17259.83,17259.83
ORD007941,CUST00367,2025-08-27,UPI,Delivered,99,2073.63,2172.63
ORD007942,CUST00010,2025-11-02,UPI,Delivered,0,7856.34,7856.34
ORD007943,CUST00249,2024-05-31,Credit Card,Delivered,0,3536.19,3536.19
ORD007944,CUST00279,2025-10-29,Credit Card,Delivered,0,12362.24,12362.24
ORD007945,CUST00456,2024-09-25,UPI,Delivered,0,4535.57,4535.57
ORD007946,CUST00093,2025-10-18,Debit Card,Delivered,49,1146.71,1195.71
ORD007947,CUST00571,2025-03-10,UPI,Delivered,0,7281.27,7281.27
ORD007948,CUST00162,2024-11-03,UPI,Delivered,79,2289.12,2368.12
ORD007949,CUST00268,2025-10-06,Credit Card,Delivered,0,10025.04,10025.04
ORD007950,CUST00354,2025-02-27,UPI,Delivered,49,591.85,640.85
ORD007951,CUST00323,2025-03-01,Cash on Delivery,Returned,99,280.03,379.03
ORD007952,CUST00327,2025-04-29,UPI,Delivered,0,7774.3,7774.3
ORD007953,CUST00181,2025-12-29,Cash on Delivery,Delivered,79,675.24,754.24
ORD007954,CUST00584,2025-03-25,Net Banking,Delivered,49,2374.52,2423.52
ORD007955,CUST00480,2025-08-12,Credit Card,Delivered,0,22274.31,22274.31
ORD007956,CUST00228,2024-10-03,UPI,Delivered,49,1913.19,1962.19
ORD007957,CUST00031,2025-05-03,Wallet,Delivered,0,27515.94,27515.94
ORD007958,CUST00468,2024-04-03,UPI,Delivered,0,3046.36,3046.36
ORD007959,CUST00462,2025-06-23,Cash on Delivery,Delivered,0,5516.15,5516.15
ORD007960,CUST00477,2025-11-08,Cash on Delivery,Delivered,79,964.34,1043.34
ORD007961,CUST00211,2025-06-03,UPI,Delivered,0,4518.85,4518.85
ORD007962,CUST00315,2025-06-18,Cash on Delivery,Delivered,0,6918.2,6918.2
ORD007963,CUST00461,2025-02-24,Credit Card,Delivered,0,5541.8,5541.8
ORD007964,CUST00172,2025-01-22,Credit Card,Delivered,99,433.95,532.95
ORD007965,CUST00581,2025-04-08,Cash on Delivery,Returned,0,5195.84,5195.84
ORD007966,CUST00573,2025-05-11,Credit Card,Delivered,0,15733.31,15733.31
ORD007967,CUST00270,2024-09-24,Credit Card,Delivered,0,13682.41,13682.41
ORD007968,CUST00085,2025-05-13,Credit Card,Delivered,0,6411.2,6411.2
ORD007969,CUST00326,2025-12-10,Wallet,Delivered,0,2880.52,2880.52
ORD007970,CUST00434,2025-11-14,Wallet,Delivered,99,458.06,557.06
ORD007971,CUST00254,2025-10-08,Credit Card,Delivered,0,18345.67,18345.67
ORD007972,CUST00364,2025-06-20,Debit Card,Delivered,0,9171.98,9171.98
ORD007973,CUST00072,2024-11-04,Debit Card,Delivered,99,2398.35,2497.35
ORD007974,CUST00072,2025-06-26,UPI,Delivered,0,5311.32,5311.32
ORD007975,CUST00301,2025-11-19,Wallet,Delivered,0,9494.29,9494.29
ORD007976,CUST00408,2024-11-22,Debit Card,Delivered,49,2386.05,2435.05
ORD007977,CUST00451,2025-12-19,UPI,Delivered,0,3206.7,3206.7
ORD007978,CUST00242,2025-01-26,Cash on Delivery,Delivered,0,3006.68,3006.68
ORD007979,CUST00373,2025-07-19,UPI,Delivered,0,4514.62,4514.62
ORD007980,CUST00443,2025-11-07,Wallet,Delivered,0,9110.14,9110.14
ORD007981,CUST00243,2025-08-26,Wallet,Delivered,79,1728.17,1807.17
ORD007982,CUST00532,2025-09-25,UPI,Returned,49,1282.68,1331.68
ORD007983,CUST00178,2025-02-24,Cash on Delivery,Delivered,0,18473.48,18473.48
ORD007984,CUST00279,2025-10-25,Wallet,Delivered,0,3470.03,3470.03
ORD007985,CUST00483,2025-11-26,Debit Card,Delivered,79,600.22,679.22
ORD007986,CUST00397,2024-12-31,UPI,Delivered,0,9014.72,9014.72
ORD007987,CUST00422,2025-01-15,Debit Card,Delivered,0,17890.14,17890.14
ORD007988,CUST00315,2024-05-04,Credit Card,Delivered,0,3105.61,3105.61
ORD007989,CUST00251,2024-08-03,Wallet,Delivered,0,18332.31,18332.31
ORD007990,CUST00581,2025-04-22,Credit Card,Cancelled,79,1059.1,1138.1
ORD007991,CUST00438,2024-11-14,UPI,Delivered,0,20812.39,20812.39
ORD007992,CUST00461,2025-12-05,UPI,Delivered,79,482.17,561.17
ORD007993,CUST00226,2025-06-17,Cash on Delivery,Cancelled,79,2374.52,2453.52
ORD007994,CUST00273,2024-12-18,Credit Card,Delivered,99,458.06,557.06
ORD007995,CUST00581,2025-04-03,Debit Card,Delivered,0,47140.63,47140.63
ORD007996,CUST00035,2025-08-28,UPI,Delivered,0,26142.54,26142.54
ORD007997,CUST00474,2025-01-16,Credit Card,Delivered,49,1294.03,1343.03
ORD007998,CUST00388,2024-06-07,Cash on Delivery,Delivered,0,3068.14,3068.14
ORD007999,CUST00434,2024-10-13,Debit Card,Returned,0,4726.72,4726.72
ORD008000,CUST00420,2024-10-09,Cash on Delivery,Delivered,0,15050.02,15050.02
